label,alpha,validation_mean_complete_flag_loss,n_validation_examples,selected
sp500_full,0.225,0.024397337345386863,54,True
sp500_full,0.2,0.024410410773536367,54,False
sp500_full,0.25,0.024413447142301595,54,False
sp500_full,0.17500000000000002,0.024452656855750793,54,False
sp500_full,0.275,0.024458723817716157,54,False
sp500_full,0.15000000000000002,0.024524037944318042,54,False
sp500_full,0.30000000000000004,0.024533124344649115,54,False
sp500_full,0.125,0.02462448923467122,54,False
sp500_full,0.325,0.024636579329529926,54,False
sp500_full,0.1,0.0247539187649527,54,False
sp500_full,0.35000000000000003,0.024768993401088544,54,False
sp500_full,0.07500000000000001,0.02491220749566469,54,False
sp500_full,0.375,0.024930245672398314,54,False
sp500_full,0.05,0.025099209469471886,54,False
sp500_full,0.4,0.025120190273875447,54,False
sp500_full,0.025,0.02531475205089884,54,False
sp500_full,0.42500000000000004,0.025338656954769244,54,False
sp500_full,0.0,0.02555863624535036,54,False
sp500_full,0.45,0.025585451750410784,54,False
sp500_full,0.47500000000000003,0.02586035771224094,54,False
sp500_full,0.5,0.02616313569740185,54,False
sp500_full,0.525,0.026493525214454677,54,False
sp500_full,0.55,0.026851245321580616,54,False
sp500_full,0.5750000000000001,0.027235995573433106,54,False
sp500_full,0.6000000000000001,0.02764745701263754,54,False
sp500_full,0.625,0.028085293201780506,54,False
sp500_full,0.65,0.02854915129159573,54,False
sp500_full,0.675,0.029038663120937228,54,False
sp500_full,0.7000000000000001,0.029553446344034576,54,False
sp500_full,0.7250000000000001,0.030093105580448296,54,False
sp500_full,0.75,0.030657233583086724,54,False
sp500_full,0.775,0.031245412419612296,54,False
sp500_full,0.8,0.031857214662545506,54,False
sp500_full,0.8250000000000001,0.03249220458338723,54,False
sp500_full,0.8500000000000001,0.03314993934609811,54,False
sp500_full,0.875,0.03382997019532646,54,False
sp500_full,0.9,0.03453184363483853,54,False
sp500_full,0.925,0.03525510259169154,54,False
sp500_full,0.9500000000000001,0.03599928756179562,54,False
sp500_full,0.9750000000000001,0.03676393773263364,54,False
sp500_full,1.0,0.03754859207904802,54,False
nikkei_full,0.1,0.07014450208587542,54,True
nikkei_full,0.07500000000000001,0.0701773988677631,54,False
nikkei_full,0.125,0.0701834114044134,54,False
nikkei_full,0.05,0.07028224932322223,54,False
nikkei_full,0.15000000000000002,0.07029382735718052,54,False
nikkei_full,0.025,0.07045904825747616,54,False
nikkei_full,0.17500000000000002,0.07047530013282362,54,False
nikkei_full,0.0,0.0707076375095286,54,False
nikkei_full,0.2,0.07072723178849093,54,False
nikkei_full,0.225,0.07104887911832197,54,False
nikkei_full,0.25,0.07143935716221546,54,False
nikkei_full,0.275,0.07189764333677616,54,False
nikkei_full,0.30000000000000004,0.0724225821668984,54,False
nikkei_full,0.325,0.07301289059311995,54,False
nikkei_full,0.35000000000000003,0.07366716382670059,54,False
nikkei_full,0.375,0.07438388172136019,54,False
nikkei_full,0.4,0.07516141562777759,54,False
nikkei_full,0.42500000000000004,0.07599803569431265,54,False
nikkei_full,0.45,0.07689191857499768,54,False
nikkei_full,0.47500000000000003,0.07784115550365502,54,False
nikkei_full,0.5,0.0788437606910521,54,False
nikkei_full,0.525,0.07989768000032525,54,False
nikkei_full,0.55,0.08100079985447843,54,False
nikkei_full,0.5750000000000001,0.08215095632862439,54,False
nikkei_full,0.6000000000000001,0.08334594437877295,54,False
nikkei_full,0.625,0.08458352715839543,54,False
nikkei_full,0.65,0.085861445373712,54,False
nikkei_full,0.675,0.08717742662865115,54,False
nikkei_full,0.7000000000000001,0.08852919471072632,54,False
nikkei_full,0.7250000000000001,0.08991447876965386,54,False
nikkei_full,0.75,0.09133102234139875,54,False
nikkei_full,0.775,0.09277659217147077,54,False
nikkei_full,0.8,0.09424898679269351,54,False
nikkei_full,0.8250000000000001,0.09574604481433042,54,False
nikkei_full,0.8500000000000001,0.097265652881351,54,False
nikkei_full,0.875,0.0988057532647545,54,False
nikkei_full,0.9,0.10036435104622035,54,False
nikkei_full,0.925,0.10193952086290159,54,False
nikkei_full,0.9500000000000001,0.10352941318091399,54,False
nikkei_full,0.9750000000000001,0.10513226006897233,54,False
nikkei_full,1.0,0.10674638044667137,54,False
dax_full,0.1,0.03761995184867566,55,True
dax_full,0.07500000000000001,0.037631412434458826,55,False
dax_full,0.125,0.037654593144743745,55,False
dax_full,0.05,0.03768905710984307,55,False
dax_full,0.15000000000000002,0.03773518817945462,55,False
dax_full,0.025,0.03779290222387377,55,False
dax_full,0.17500000000000002,0.037861523057501865,55,False
dax_full,0.0,0.03794289860065561,55,False
dax_full,0.2,0.03803331857662468,55,False
dax_full,0.225,0.03825023093472884,55,False
dax_full,0.25,0.03851185269769834,55,False
dax_full,0.275,0.038817714025107294,55,False
dax_full,0.30000000000000004,0.03916728414955752,55,False
dax_full,0.325,0.039559973103877044,55,False
dax_full,0.35000000000000003,0.03999513368896317,55,False
dax_full,0.375,0.040472063673624104,55,False
dax_full,0.4,0.04099000821639215,55,False
dax_full,0.42500000000000004,0.04154816249795129,55,False
dax_full,0.45,0.04214567455155539,55,False
dax_full,0.47500000000000003,0.042781648277617,55,False
dax_full,0.5,0.04345514662753397,55,False
dax_full,0.525,0.04416519494079246,55,False
dax_full,0.55,0.04491078441845861,55,False
dax_full,0.5750000000000001,0.04569087571534266,55,False
dax_full,0.6000000000000001,0.046504402632405635,55,False
dax_full,0.625,0.04735027589037668,55,False
dax_full,0.65,0.04822738696506897,55,False
dax_full,0.675,0.04913461196452572,55,False
dax_full,0.7000000000000001,0.05007081552789911,55,False
dax_full,0.7250000000000001,0.05103485472586213,55,False
dax_full,0.75,0.05202558294238471,55,False
dax_full,0.775,0.05304185371786529,55,False
dax_full,0.8,0.054082524533895567,55,False
dax_full,0.8250000000000001,0.05514646052035706,55,False
dax_full,0.8500000000000001,0.056232538066084685,55,False
dax_full,0.875,0.05733964831500029,55,False
dax_full,0.9,0.058466700530395176,55,False
dax_full,0.925,0.05961262531093307,55,False
dax_full,0.9500000000000001,0.06077637764294108,55,False
dax_full,0.9750000000000001,0.06195693977464803,55,False
dax_full,1.0,0.06315332389921616,55,False
cac40_full,0.05,0.056382068838602604,54,True
cac40_full,0.025,0.05639892328479214,54,False
cac40_full,0.07500000000000001,0.056422653064069066,54,False
cac40_full,0.0,0.05647341489881903,54,False
cac40_full,0.1,0.056520377348512126,54,False
cac40_full,0.125,0.05667484448577213,54,False
cac40_full,0.15000000000000002,0.056885560574982674,54,False
cac40_full,0.17500000000000002,0.057151937285756696,54,False
cac40_full,0.2,0.057473294478647304,54,False
cac40_full,0.225,0.057848863168005075,54,False
cac40_full,0.25,0.05827778881267461,54,False
cac40_full,0.275,0.058759134918367505,54,False
cac40_full,0.30000000000000004,0.059291886934021015,54,False
cac40_full,0.325,0.05987495642301994,54,False
cac40_full,0.35000000000000003,0.060507185488816645,54,False
cac40_full,0.375,0.06118735143325762,54,False
cac40_full,0.4,0.061914171624803074,54,False
cac40_full,0.42500000000000004,0.06268630855283087,54,False
cac40_full,0.45,0.06350237504334114,54,False
cac40_full,0.47500000000000003,0.06436093961064064,54,False
cac40_full,0.5,0.0652605319189777,54,False
cac40_full,0.525,0.06619964832763871,54,False
cac40_full,0.55,0.06717675749269081,54,False
cac40_full,0.5750000000000001,0.06819030599838373,54,False
cac40_full,0.6000000000000001,0.06923872399119177,54,False
cac40_full,0.625,0.07032043078959659,54,False
cac40_full,0.65,0.07143384044297686,54,False
cac40_full,0.675,0.07257736721338083,54,False
cac40_full,0.7000000000000001,0.07374943095451539,54,False
cac40_full,0.7250000000000001,0.07494846236297885,54,False
cac40_full,0.75,0.07617290807760106,54,False
cac40_full,0.775,0.07742123560371722,54,False
cac40_full,0.8,0.07869193804029868,54,False
cac40_full,0.8250000000000001,0.07998353858907509,54,False
cac40_full,0.8500000000000001,0.08129459482611136,54,False
cac40_full,0.875,0.0826237027177379,54,False
cac40_full,0.9,0.08396950036426337,54,False
cac40_full,0.925,0.0853306714565192,54,False
cac40_full,0.9500000000000001,0.08670594843198616,54,False
cac40_full,0.9750000000000001,0.08809411531901963,54,False
cac40_full,1.0,0.0894940102595173,54,False
