label,component,estimator,reference,n_examples,block_length_origins,model_mean_loss,model_median_loss,model_q25_loss,model_q75_loss,frozen_mean_loss,skill_percent,origin_win_fraction,paired_improvement,improvement_ci_low,improvement_ci_high,skill_ci_low,skill_ci_high
sp500_full,block_2_3,3.1 Global Damping,1.1 Frozen Flag,118,32,0.03544792730014304,0.01569151262440799,0.01148297984942201,0.024673404545854594,0.03828077821076803,7.400191540066798,0.8050847457627118,0.0028328509106249934,0.0013699249006274288,0.0048147488695622995,3.5786234362447775,12.577458177712687
sp500_full,block_4_6,3.1 Global Damping,1.1 Frozen Flag,118,32,0.09251558980422432,0.0654370024738958,0.05340399977859518,0.09847961389355564,0.09523372325422258,2.854171145595464,0.652542372881356,0.0027181334499982524,6.394036239485892e-06,0.005984034599574307,0.006714046265331106,6.283524779977538
sp500_full,flag_nested,3.1 Global Damping,1.1 Frozen Flag,118,32,0.02341236296755305,0.01747423943574459,0.013776481663084025,0.02326060748885964,0.024393609772681003,4.022556785453189,0.6949152542372882,0.000981246805127949,0.0002926005318225472,0.001753027704649582,1.199496649119302,7.186421857960688
sp500_full,market_1,3.1 Global Damping,1.1 Frozen Flag,118,32,0.0034740344688523397,0.0029856561575249962,0.0023315675314932727,0.0038300904081686737,0.0036701731970689446,5.344127311845779,0.7711864406779662,0.00019613872821660485,6.605721195857272e-05,0.00033458818422919936,1.79983909237109,9.116414029081966
sp500_full,top_3,3.1 Global Damping,1.1 Frozen Flag,118,32,0.024072857675874765,0.010952123598907553,0.007975846208056433,0.01699207323613187,0.025938052480752306,7.190959329971416,0.7796610169491526,0.001865194804877543,0.0008594342702842753,0.003138256828033175,3.3134109468011546,12.099045718108412
sp500_full,top_6,3.1 Global Damping,1.1 Frozen Flag,118,32,0.04269019675793205,0.03213897517073446,0.026785044191641183,0.045299133132087076,0.04357260364022176,2.0251415076678163,0.6440677966101694,0.0008824068822896982,-0.0003507121148745935,0.0022726337068765113,-0.8048913435846464,5.215739976526555
nikkei_full,block_2_3,3.1 Global Damping,1.1 Frozen Flag,115,24,0.04343489047247054,0.0366934606627366,0.026507242743231352,0.05094797019844366,0.04469537968553056,2.820177883997456,0.6956521739130435,0.0012604892130600323,0.00012884052368700673,0.002711430786017189,0.28826362947022205,6.066467731327883
nikkei_full,block_4_6,3.1 Global Damping,1.1 Frozen Flag,115,24,0.20695880665962457,0.18752169758189727,0.1208759078681659,0.2891858775645886,0.20836039945249463,0.672677148130354,0.5391304347826087,0.0014015927928700284,0.00022383640443362528,0.0027058771124458397,0.10742751742739824,1.298652296480536
nikkei_full,flag_nested,3.1 Global Damping,1.1 Frozen Flag,115,24,0.047289879562264193,0.04406811955579259,0.03263172360873511,0.06038570685465383,0.047805247170246964,1.0780565701238034,0.6260869565217392,0.0005153676079827558,0.00026694798903264367,0.0008138575379461387,0.5584072980147393,1.7024439494011598
nikkei_full,market_1,3.1 Global Damping,1.1 Frozen Flag,115,24,0.004536613072635878,0.0043575072584759456,0.003569745470652974,0.005232909685741138,0.004673386581592217,2.9266465884733224,0.8260869565217391,0.0001367735089563386,8.457134971621017e-05,0.00018417357501259715,1.8096373633913423,3.9409017806921818
nikkei_full,top_3,3.1 Global Damping,1.1 Frozen Flag,115,24,0.029884606770566324,0.025236356261663023,0.018325232357290742,0.03471703356527074,0.030734783762921217,2.7661720313794973,0.6869565217391305,0.0008501769923548928,7.139042479572627e-05,0.001893969559373177,0.23227892327601948,6.162299933465231
nikkei_full,top_6,3.1 Global Damping,1.1 Frozen Flag,115,24,0.1074484188435904,0.094741124351859,0.06745264751334501,0.1472476405716847,0.10800757116622743,0.5176973397323049,0.5043478260869565,0.0005591523226370355,-5.068487171579609e-05,0.0011571700480808146,-0.046927147021749334,1.0713786409472068
dax_full,block_2_3,3.1 Global Damping,1.1 Frozen Flag,120,24,0.10617049265026575,0.06430556671589283,0.04088047375067616,0.12541472942006704,0.1078715370744698,1.576916831202395,0.6,0.0017010444242040374,-7.393805911349773e-05,0.0031665876506312275,-0.06854269543081984,2.935517316718268
dax_full,block_4_6,3.1 Global Damping,1.1 Frozen Flag,120,24,0.22019184961954508,0.1967344665219301,0.13028038599586061,0.28165452007257796,0.22201391846273918,0.8207002767260771,0.525,0.0018220688431941246,0.0004282660824991885,0.0032136783367343815,0.19290055572397133,1.447512101487338
dax_full,flag_nested,3.1 Global Damping,1.1 Frozen Flag,120,24,0.055923858458788035,0.052268308908129224,0.0342171524323996,0.06871674825107339,0.056542054719954306,1.0933388682603047,0.575,0.0006181962611662632,0.0002657344392388325,0.0009635642678645358,0.46997662280754,1.704155026974079
dax_full,market_1,3.1 Global Damping,1.1 Frozen Flag,120,24,0.004956837732268374,0.004130529412269213,0.0029199867931870016,0.00602577470611626,0.005127900535794763,3.335922807634498,0.725,0.00017106280352638948,0.00010535797058410715,0.00025707431806598,2.054602460571672,5.013246966697191
dax_full,top_3,3.1 Global Damping,1.1 Frozen Flag,120,24,0.07140787413618511,0.04402698965705606,0.027913873604698436,0.084631063436527,0.0725499672952789,1.574215953048556,0.5833333333333334,0.001142093159093785,-9.362702441784566e-05,0.0021764132541999518,-0.12905178032235767,2.9998817853934154
dax_full,top_6,3.1 Global Damping,1.1 Frozen Flag,120,24,0.09140686350791062,0.07646095150199177,0.05372459630983384,0.12370004490651021,0.09194829632878924,0.5888448644470419,0.5166666666666667,0.0005414328208786162,-0.00023392090221936496,0.0013694890325609873,-0.25440482484080973,1.4894120796582904
cac40_full,block_2_3,3.1 Global Damping,1.1 Frozen Flag,120,24,0.03900994352248839,0.028275742437653295,0.020842149570029694,0.0393999939645015,0.03935233080701882,0.8700559217431637,0.65,0.000342387284530433,8.844953878881464e-05,0.0006799177699267039,0.22476315119062507,1.7277700100178943
cac40_full,block_4_6,3.1 Global Damping,1.1 Frozen Flag,120,24,0.20322725940553965,0.1893420417303176,0.1209596984422652,0.2771217030508179,0.20327773351777564,0.024830123478122784,0.5416666666666666,5.0474112235990994e-05,-0.0009108987959514082,0.0010000559781744756,-0.4481055451514834,0.49196533278300525
cac40_full,flag_nested,3.1 Global Damping,1.1 Frozen Flag,120,24,0.04364369801591079,0.04046275747864661,0.02810477677813049,0.056097903826451676,0.04375640237134076,0.2575722621651972,0.55,0.00011270435542998113,-8.99485413183301e-05,0.00031256891615851683,-0.20556658327386607,0.7143387006680442
cac40_full,market_1,3.1 Global Damping,1.1 Frozen Flag,120,24,0.004810517900024491,0.004050261912073361,0.002840398775482783,0.005271153652902816,0.0048695480049966485,1.212229654817792,0.6416666666666667,5.903010497215755e-05,8.47484660370055e-06,0.00010912228108367949,0.17403764363765387,2.240911907464697
cac40_full,top_3,3.1 Global Damping,1.1 Frozen Flag,120,24,0.026500211550151778,0.01922982704803918,0.014116540950696772,0.026809274496881457,0.02674296257454337,0.9077192690037529,0.6583333333333333,0.00024275102439158698,7.428991408820992e-05,0.0004536635474443939,0.27779238699203246,1.6963847822762774
cac40_full,top_6,3.1 Global Damping,1.1 Frozen Flag,120,24,0.09962036459755606,0.08585880580820533,0.055709583805897966,0.14098576908584545,0.09965669653448227,0.036457095398132744,0.5416666666666666,3.6331936926199305e-05,-0.00043065730688336977,0.0005374269943017915,-0.4321408614365998,0.5392783555853029
