label,N,T,example,estimator,split,current_date,target_window_start,target_date,relative_frobenius,gaussian_nll_per_asset,gmv_long_short_variance,gmv_long_short_annualised_volatility,gmv_long_only_variance,gmv_long_only_annualised_volatility,flag_market_1_loss,flag_top_3_loss,flag_top_6_loss,flag_nested_loss,raw_min_eigenvalue,raw_max_eigenvalue,raw_condition_number,score_eigenvalue_floor,n_eigenvalues_floored,score_condition_number,horizon,step,bahc_bootstraps,seed
dax_full,29,250,342,2.5 BAHC (100 bootstraps),test,2019-11-11,2019-11-12,2020-01-15,1.1410445388014845,-8.036307059057716,2.8992623616668745e-05,0.085475968268283,2.955975018918504e-05,0.0863079199591476,0.0869493215431314,0.5419020006335463,0.42497843736553254,0.3512765865140701,1.4459527260518891e-05,0.004552740154552623,314.860926814923,4.552740154552623e-11,0,314.860926814923,42,14,100,20260803
dax_full,29,250,343,2.5 BAHC (100 bootstraps),test,2019-11-29,2019-12-02,2020-02-04,0.7956820637543717,-8.003688977785362,5.696031549601518e-05,0.11980817795541265,5.387293235584457e-05,0.11651600299389278,0.06338982279638161,0.6236337350084239,0.4531178318812981,0.3800471298953679,1.3342025513610271e-05,0.004539851273064115,340.26702080827147,4.539851273064115e-11,0,340.26702080827147,42,14,100,20260803
dax_full,29,250,344,2.5 BAHC (100 bootstraps),test,2019-12-19,2019-12-20,2020-02-24,0.4400338136789446,-7.803419152615223,7.847596286047119e-05,0.14062696270928537,8.050266020175669e-05,0.14243128297829338,0.0999125695029941,0.6226210914059059,0.322844712836125,0.3484594579150084,1.177268576864014e-05,0.003981803642371693,338.2238956023397,3.981803642371693e-11,0,338.2238956023397,42,14,100,20260803
dax_full,29,250,345,2.5 BAHC (100 bootstraps),test,2020-01-15,2020-01-16,2020-03-13,0.8831376696315039,-6.196583915569884,0.0006019807274003894,0.38948574210733067,0.0006903863017101325,0.4171059194388799,0.12824171090813963,0.6675239044752455,0.47080915649384275,0.4221915906257426,9.88213045542086e-06,0.0037941171461618925,383.93716448871845,3.7941171461618924e-11,0,383.93716448871845,42,14,100,20260803
dax_full,29,250,346,2.5 BAHC (100 bootstraps),test,2020-02-04,2020-02-05,2020-04-02,0.9288251214728028,-1.5988788820261415,0.0009354059779491402,0.4855124163635605,0.0010640269058249593,0.5178173232597474,0.1499664290430579,0.6854645870758169,0.4836580985418338,0.43969637155356955,1.0646756701619556e-05,0.0038538866761486353,361.97752838311715,3.8538866761486356e-11,0,361.97752838311715,42,14,100,20260803
dax_full,29,250,347,2.5 BAHC (100 bootstraps),test,2020-02-24,2020-02-25,2020-04-24,0.9366755874719612,-1.1341680489343726,0.0009933948953830512,0.5003354011426024,0.001150342115288046,0.5384108218197212,0.11047635130609224,0.6830779513904625,0.49194384556024534,0.4284993827522667,1.0184685578194414e-05,0.00394764537333559,387.6060132663856,3.9476453733355904e-11,0,387.6060132663856,42,14,100,20260803
dax_full,29,250,348,2.5 BAHC (100 bootstraps),test,2020-03-13,2020-03-16,2020-05-15,0.8157873375956926,-3.4615275730095636,0.00027132598621948086,0.2614845091536192,0.0003385279619887434,0.2920771240976659,0.06404729352471739,0.6623427370816176,0.4558344362686683,0.39407482229166774,1.3444057135580318e-05,0.007998914230322412,594.9777027615359,7.998914230322412e-11,0,594.9777027615359,42,14,100,20260803
dax_full,29,250,349,2.5 BAHC (100 bootstraps),test,2020-04-02,2020-04-03,2020-06-05,0.6604230140531214,-6.637154112456175,0.0002068521449962574,0.22831281291039465,0.00018619697306767395,0.2166140282000541,0.03742160212616741,0.6102154807188505,0.35257724931064965,0.3334047773852225,5.280352793348537e-05,0.010920811210376634,206.81972659351797,1.0920811210376634e-10,0,206.81972659351797,42,14,100,20260803
dax_full,29,250,350,2.5 BAHC (100 bootstraps),test,2020-04-24,2020-04-27,2020-06-25,0.5575329072898624,-6.840323396424524,0.0002092260512626733,0.22961917367283088,0.00020374141348989642,0.22658957654634931,0.050592956305358094,0.6087143610501696,0.392920727001602,0.3507426814523766,5.734759352163593e-05,0.012750657349541391,222.33988501593987,1.2750657349541391e-10,0,222.33988501593987,42,14,100,20260803
dax_full,29,250,351,2.5 BAHC (100 bootstraps),test,2020-05-15,2020-05-18,2020-07-15,0.41137226904942514,-7.154089819517057,0.00018669687157839645,0.2169046141458404,0.0001803904302958179,0.21320972875210484,0.05946993221095753,0.6100388028240251,0.41610445765880294,0.36187106423126186,7.16810287413219e-05,0.013795300352216221,192.4539950730877,1.3795300352216222e-10,0,192.4539950730877,42,14,100,20260803
dax_full,29,250,352,2.5 BAHC (100 bootstraps),test,2020-06-05,2020-06-08,2020-08-04,0.46493573723425746,-7.406977880880867,0.00015046919008777313,0.1947260534754372,0.0001544759587011624,0.19730165126702037,0.014712781120333251,0.4221471698728834,0.3586805777808235,0.26518017625801343,6.890534985387839e-05,0.01567708551748607,227.5162313337224,1.567708551748607e-10,0,227.5162313337224,42,14,100,20260803
dax_full,29,250,353,2.5 BAHC (100 bootstraps),test,2020-06-25,2020-06-26,2020-08-24,1.0620917041384927,-7.3704951406061054,0.00013711385071352606,0.1858835398302081,0.00011320729920623513,0.1689030473377294,0.06342290524947714,0.4314071874988496,0.39961784854923094,0.2981493137658526,6.980393094562759e-05,0.01655615360709858,237.18082037521174,1.655615360709858e-10,0,237.18082037521174,42,14,100,20260803
dax_full,29,250,354,2.5 BAHC (100 bootstraps),test,2020-07-15,2020-07-16,2020-09-11,1.8131683660297997,-7.361376924033683,0.00021836927122750356,0.234582728156467,0.00012065341855499391,0.17436932492803447,0.08648678200855209,0.4530415055691949,0.3756217644681974,0.3050500173486481,7.404272849273155e-05,0.016815255600484844,227.10205232557746,1.6815255600484843e-10,0,227.10205232557746,42,14,100,20260803
dax_full,29,250,355,2.5 BAHC (100 bootstraps),test,2020-08-04,2020-08-05,2020-10-01,1.3963542194985843,-7.418477823355365,0.00018041620686736794,0.21322496132155053,0.00011320014806096404,0.16889771256995442,0.07924886977641865,0.4777327627938886,0.3728054129135387,0.30992901516128196,7.171658631604609e-05,0.017141557704601636,239.0180373206962,1.7141557704601636e-10,0,239.0180373206962,42,14,100,20260803
dax_full,29,250,356,2.5 BAHC (100 bootstraps),test,2020-08-24,2020-08-25,2020-10-21,1.5343337577832548,-7.477661662464619,0.00016655654115834025,0.2048712970913733,0.00011729838206763632,0.17192786941343846,0.06264939845555162,0.4391556230027153,0.32158885653335006,0.27446462599720567,7.427618509441755e-05,0.016895924623407582,227.4743190153077,1.6895924623407582e-10,0,227.4743190153077,42,14,100,20260803
dax_full,29,250,357,2.5 BAHC (100 bootstraps),test,2020-09-11,2020-09-14,2020-11-10,0.44123577530583474,-7.010143916634717,0.00016728174310393386,0.2053168265442249,0.00019778043204934253,0.22325023824496654,0.07402005857777805,0.47626343464420473,0.4518222489849975,0.33403524740232676,7.702918477361871e-05,0.016660506063632063,216.28823039729255,1.6660506063632063e-10,0,216.28823039729255,42,14,100,20260803
dax_full,29,250,358,2.5 BAHC (100 bootstraps),test,2020-10-01,2020-10-02,2020-11-30,0.6091412007659089,-6.959378103662491,0.0002048281266321944,0.227193063079208,0.0001712121443094503,0.20771485350350244,0.09437452324093765,0.48470987588600883,0.5058975446868377,0.36166064793792807,8.171505672176568e-05,0.017347611796166285,212.29394547486817,1.7347611796166284e-10,0,212.29394547486817,42,14,100,20260803
dax_full,29,250,359,2.5 BAHC (100 bootstraps),test,2020-10-21,2020-10-22,2020-12-18,0.6823958996986799,-6.968553067782055,0.00021132706296033863,0.23076919176095698,0.0001620093861715842,0.20205535210738473,0.09077237366724034,0.4532563534978085,0.4775203063845206,0.34051634451652313,7.960837157926795e-05,0.017373321765984658,218.2348592407223,1.737332176598466e-10,0,218.2348592407223,42,14,100,20260803
dax_full,29,250,360,2.5 BAHC (100 bootstraps),test,2020-11-10,2020-11-11,2021-01-13,2.14087228817173,-7.377281969747033,0.0001390314227009601,0.1871788410067814,7.167479402268676e-05,0.13439511930764844,0.09794419938050947,0.3353927026551738,0.4111455577508323,0.2814941532621718,9.042564739360772e-05,0.018626437362709636,205.98622071934824,1.8626437362709637e-10,0,205.98622071934824,42,14,100,20260803
dax_full,29,250,361,2.5 BAHC (100 bootstraps),test,2020-11-30,2020-12-01,2021-02-02,2.1242516839865226,-7.246050966380322,0.00014103080754233137,0.18851992865654152,8.646610077488672e-05,0.14761252452035176,0.07233279813300508,0.33997425030583717,0.44817605108683806,0.28682769984189344,8.664985976737526e-05,0.018955948364748915,218.76490528246723,1.8955948364748915e-10,0,218.76490528246723,42,14,100,20260803
dax_full,29,250,362,2.5 BAHC (100 bootstraps),test,2020-12-18,2020-12-21,2021-02-22,2.368226623596162,-7.159739974049653,0.00013478854778318662,0.18430060781604338,8.336033361463387e-05,0.14493724183551907,0.13159569993405174,0.25433317558241136,0.470289842369568,0.2854062392953437,8.162504657967972e-05,0.018995680329401854,232.71876863015186,1.8995680329401854e-10,0,232.71876863015186,42,14,100,20260803
dax_full,29,250,363,2.5 BAHC (100 bootstraps),test,2021-01-13,2021-01-14,2021-03-12,2.579485598572194,-7.0652509137627035,0.0001921319286520539,0.2200391920097817,7.959069216024636e-05,0.1416222243307246,0.18072487328964482,0.26211657178716896,0.41956852206604894,0.2874699890476209,8.4364883138591e-05,0.019362685263385977,229.5111964012063,1.9362685263385977e-10,0,229.5111964012063,42,14,100,20260803
dax_full,29,250,364,2.5 BAHC (100 bootstraps),test,2021-02-02,2021-02-03,2021-04-01,2.591731821592743,-6.666998065240648,0.00020945036566687826,0.22974222978819833,6.489201110106137e-05,0.12787801530156567,0.2337285656848893,0.5474688724032809,0.4645029526049742,0.41523346356438146,9.116094070626415e-05,0.01927981776528301,211.4920887818152,1.927981776528301e-10,0,211.4920887818152,42,14,100,20260803
dax_full,29,250,365,2.5 BAHC (100 bootstraps),test,2021-02-22,2021-02-23,2021-04-23,2.6226616685173854,-6.736464021110994,0.000200895367402146,0.2250014057408104,5.2849384244217677e-05,0.1154038336865065,0.31563567503786316,0.5582137855879588,0.45573332024157054,0.4431942602891308,8.248786369984116e-05,0.01919292816914628,232.67578172452096,1.9192928169146278e-10,0,232.67578172452096,42,14,100,20260803
dax_full,29,250,366,2.5 BAHC (100 bootstraps),test,2021-03-12,2021-03-15,2021-05-13,1.8933641121193394,-6.978747234216856,9.26117421791214e-05,0.1527683181459382,4.151667921093045e-05,0.1022849116984244,0.2015250233957765,0.5414274821261298,0.4183095269018177,0.3870873441412413,0.00010253409867958476,0.014099684600038265,137.51215236308124,1.4099684600038265e-10,0,137.51215236308124,42,14,100,20260803
dax_full,29,250,367,2.5 BAHC (100 bootstraps),test,2021-04-01,2021-04-06,2021-06-03,2.2423303735162174,-7.586394812698958,6.412292651276207e-05,0.12711796679154383,4.77264436591518e-05,0.10966797072120124,0.0632982742663255,0.42665755788718157,0.30025249934715575,0.2634027771668876,5.3664931726991966e-05,0.011566095619231456,215.52427715870982,1.1566095619231457e-10,0,215.52427715870982,42,14,100,20260803
dax_full,29,250,368,2.5 BAHC (100 bootstraps),test,2021-04-23,2021-04-26,2021-06-23,1.8804748600707157,-7.568628861116937,6.969852689842736e-05,0.13252935062997817,5.2819732087030114e-05,0.11537145438075914,0.13511932365054047,0.315253566496859,0.3142502379081303,0.25487437601850993,5.032688705672255e-05,0.01008596444677229,200.4090663387262,1.0085964446772291e-10,0,200.4090663387262,42,14,100,20260803
dax_full,29,250,369,2.5 BAHC (100 bootstraps),test,2021-05-13,2021-05-14,2021-07-13,1.710718450396985,-7.707637299360848,6.486627318509592e-05,0.1278526528572801,4.853109139049957e-05,0.11058858453929996,0.21758557762209685,0.4035898834672269,0.30299268655961686,0.3080560492163135,4.511488172526234e-05,0.00872727011212508,193.44548358281955,8.727270112125081e-11,0,193.44548358281955,42,14,100,20260803
dax_full,29,250,370,2.5 BAHC (100 bootstraps),test,2021-06-03,2021-06-04,2021-08-02,1.0596009909441817,-7.664280188851058,6.226460525771844e-05,0.12526244658693622,5.410316227896947e-05,0.11676470740039692,0.1460393460465318,0.34164625523045306,0.25619053866711,0.2479587133146983,3.9511256799148896e-05,0.007482328645752665,189.3720739835803,7.482328645752665e-11,0,189.3720739835803,42,14,100,20260803
dax_full,29,250,371,2.5 BAHC (100 bootstraps),test,2021-06-23,2021-06-24,2021-08-20,0.8985503225136289,-7.562730463928222,4.961543234709191e-05,0.11181721223258591,4.977722049794407e-05,0.11199937305843237,0.1132396000372391,0.33061256595605454,0.340462337097446,0.26143816769691325,4.119931059247636e-05,0.006532389744983649,158.55580229482203,6.532389744983649e-11,0,158.55580229482203,42,14,100,20260803
dax_full,29,250,372,2.5 BAHC (100 bootstraps),test,2021-07-13,2021-07-14,2021-09-09,1.404861114808534,-7.593439194357726,3.9797741898357254e-05,0.10014504959500509,4.32388964898021e-05,0.10438487397813023,0.08404383183034969,0.41600619263606936,0.3905342035746058,0.2968614093470083,3.951964377126871e-05,0.006477614153130151,163.90871817117593,6.477614153130152e-11,0,163.90871817117593,42,14,100,20260803
dax_full,29,250,373,2.5 BAHC (100 bootstraps),test,2021-08-02,2021-08-03,2021-09-29,1.2956258796293936,-7.58536536612161,4.638131259445905e-05,0.10811147383050368,4.4245906549949726e-05,0.10559341101880994,0.19552840550332884,0.3151151967475836,0.4219930216683337,0.31087887463974867,5.3606812669793007e-05,0.006273558992068459,117.02913640309671,6.273558992068459e-11,0,117.02913640309671,42,14,100,20260803
dax_full,29,250,374,2.5 BAHC (100 bootstraps),test,2021-08-20,2021-08-23,2021-10-19,1.0049606686362809,-7.651687759477711,4.1792302287581484e-05,0.1026238772239216,4.097917412361853e-05,0.10162062723262374,0.20976439045306838,0.292982603598926,0.40212465404049563,0.3016238826974967,5.7618888830578945e-05,0.005847621307855716,101.48792221679086,5.847621307855715e-11,0,101.48792221679086,42,14,100,20260803
dax_full,29,250,375,2.5 BAHC (100 bootstraps),test,2021-09-09,2021-09-10,2021-11-08,0.872076281173634,-7.357278437639231,6.0424353267278924e-05,0.12339747575762759,5.683136551350734e-05,0.11967248685225794,0.14755224304809988,0.336889352563585,0.4628407530680195,0.3157607828932348,5.6237502467809355e-05,0.005888703840220394,104.71133286175215,5.888703840220393e-11,0,104.71133286175215,42,14,100,20260803
dax_full,29,250,376,2.5 BAHC (100 bootstraps),test,2021-09-29,2021-09-30,2021-11-26,0.47924448697544536,-7.277969170380835,5.7079808791154045e-05,0.11993378096003986,5.731609147486502e-05,0.12018175839812789,0.0684936729119423,0.34214456420006717,0.4278444624086266,0.2794942331735453,5.344304004614306e-05,0.005314645927360179,99.44505257881063,5.314645927360179e-11,0,99.44505257881063,42,14,100,20260803
dax_full,29,250,377,2.5 BAHC (100 bootstraps),test,2021-10-19,2021-10-20,2021-12-16,0.4368784470717089,-7.271000323832855,7.069425518173507e-05,0.13347266501346725,6.424986038877126e-05,0.12724372211614354,0.07815758840608078,0.4502770275453129,0.400140929503315,0.30952518181823624,5.822032295015082e-05,0.005131889622094977,88.14601778298247,5.131889622094977e-11,0,88.14601778298247,42,14,100,20260803
dax_full,29,250,378,2.5 BAHC (100 bootstraps),test,2021-11-08,2021-11-09,2022-01-07,0.5321565564255555,-7.498422464714997,8.499859593948976e-05,0.14635452222856463,7.777628288227294e-05,0.13999865458758087,0.12613716718747703,0.5073904578238553,0.3801304945987227,0.33788603987001836,4.749057181101745e-05,0.004013426835752547,84.50997077321908,4.013426835752547e-11,0,84.50997077321908,42,14,100,20260803
dax_full,29,250,379,2.5 BAHC (100 bootstraps),test,2021-11-26,2021-11-29,2022-01-27,0.4430066893598097,-7.565351176486882,6.901758777289122e-05,0.13188037048313364,7.244760687221262e-05,0.13511771509242443,0.043132471548286366,0.45915883481746117,0.3599426822556069,0.28741132954045145,4.617483377765251e-05,0.0040205521665343325,87.07236902886656,4.020552166534333e-11,0,87.07236902886656,42,14,100,20260803
dax_full,29,250,380,2.5 BAHC (100 bootstraps),test,2021-12-16,2021-12-17,2022-02-16,0.4897781669682739,-7.39345375211278,6.567652981154983e-05,0.1286486902868061,7.556669862677491e-05,0.13799568128730436,0.039155896909609744,0.6278015136261857,0.4276392874413988,0.3648655659923981,4.390744657624077e-05,0.003972327734228572,90.47047924618057,3.9723277342285726e-11,0,90.47047924618057,42,14,100,20260803
dax_full,29,250,381,2.5 BAHC (100 bootstraps),test,2022-01-07,2022-01-10,2022-03-08,0.7421263505659975,-6.5483379915599835,0.00015871520558102502,0.19999057929417152,0.00019020024426128176,0.21893026641796928,0.07413739162540389,0.6132541765171737,0.3699438175317618,0.35244512855811316,4.221692246898926e-05,0.003961437688365461,93.83530244951804,3.961437688365461e-11,0,93.83530244951804,42,14,100,20260803
dax_full,29,250,382,2.5 BAHC (100 bootstraps),test,2022-01-27,2022-01-28,2022-03-28,0.8180432747992789,-6.285026889383949,0.0003128220699246919,0.28076887580538973,0.00033453765371491335,0.29035063067980094,0.16159924132250125,0.6411238178308024,0.4166606851304477,0.4064612480945838,4.7930953212606175e-05,0.004084269262861067,85.21151759166091,4.0842692628610667e-11,0,85.21151759166091,42,14,100,20260803
dax_full,29,250,383,2.5 BAHC (100 bootstraps),test,2022-02-16,2022-02-17,2022-04-19,0.8151319585847367,-6.298755901822932,0.00032253334980927894,0.28509367609952047,0.0003362383453703342,0.2910877239481669,0.18084238023078303,0.6217840961456583,0.4039303017819,0.4021855927194471,4.4435912118549016e-05,0.004353709103474872,97.97726424203387,4.353709103474872e-11,0,97.97726424203387,42,14,100,20260803
dax_full,29,250,384,2.5 BAHC (100 bootstraps),test,2022-03-08,2022-03-09,2022-05-09,0.6386659280466889,-7.04112347110694,0.00018064146026098367,0.2133580277040634,0.00022634051280865758,0.23882589731388368,0.13958125061721482,0.6225392045600086,0.37401705870700286,0.37871250462807543,4.947875942565456e-05,0.005537120951510462,111.90904977782213,5.5371209515104624e-11,0,111.90904977782213,42,14,100,20260803
dax_full,29,250,385,2.5 BAHC (100 bootstraps),test,2022-03-28,2022-03-29,2022-05-27,0.3660812848027993,-7.245423305113718,8.662877704667333e-05,0.1477513174755531,9.43046534400786e-05,0.154158271483887,0.04617900309222689,0.5157137272172144,0.3572362283993779,0.30637631956960637,5.127107930857728e-05,0.006266289238649855,122.21878928929725,6.266289238649855e-11,0,122.21878928929725,42,14,100,20260803
dax_full,29,250,386,2.5 BAHC (100 bootstraps),test,2022-04-19,2022-04-20,2022-06-16,0.34354716511992406,-7.234919111016783,9.898448122854563e-05,0.1579369787908883,0.00011688844904810662,0.17162718071483568,0.03720847212346412,0.5310966744532415,0.37151043409915324,0.31327186022528625,5.234691815430503e-05,0.006505954910036483,124.28534743647427,6.505954910036483e-11,0,124.28534743647427,42,14,100,20260803
dax_full,29,250,387,2.5 BAHC (100 bootstraps),test,2022-05-09,2022-05-10,2022-07-06,0.4311886769004796,-7.1281477151591455,0.00011781057895068274,0.1723028319429836,0.00012731455416391146,0.17911802714776,0.05627729192140074,0.590139984085037,0.4157117327888759,0.3540430029317712,5.0134572039824436e-05,0.006616089787606646,131.96661541961802,6.616089787606646e-11,0,131.96661541961802,42,14,100,20260803
dax_full,29,250,388,2.5 BAHC (100 bootstraps),test,2022-05-27,2022-05-30,2022-07-26,0.5000458292931544,-7.1630975033239,0.00010910471294721353,0.16581431682064673,0.00011287971361162787,0.16865849468713465,0.07689840375453683,0.5745418003574971,0.4249212229824228,0.35878714236481896,5.605621160470639e-05,0.006974342342458402,124.41694047467251,6.974342342458402e-11,0,124.41694047467251,42,14,100,20260803
dax_full,29,250,389,2.5 BAHC (100 bootstraps),test,2022-06-16,2022-06-17,2022-08-15,0.47187917429234477,-7.065374334883636,9.377674804160342e-05,0.15372618679484656,8.080620469570059e-05,0.14269955705368026,0.10899049663310012,0.6504999637978742,0.4244837266115787,0.3946580623475177,5.564537295907665e-05,0.007398779989709286,132.96307664521507,7.398779989709287e-11,0,132.96307664521507,42,14,100,20260803
dax_full,29,250,390,2.5 BAHC (100 bootstraps),test,2022-07-06,2022-07-07,2022-09-02,0.36056121634190763,-7.318526450181978,6.824662109329085e-05,0.1311417115776262,6.93303275700345e-05,0.13217882790995195,0.05699801817636696,0.4652147914927713,0.43446514683816045,0.31889265216909957,5.9546229748291764e-05,0.007757782390560261,130.28167229652038,7.75778239056026e-11,0,130.28167229652038,42,14,100,20260803
dax_full,29,250,391,2.5 BAHC (100 bootstraps),test,2022-07-26,2022-07-27,2022-09-22,0.3863307356816424,-7.272094863238256,7.912328774933259e-05,0.1412057665707453,7.920213953478233e-05,0.1412761096674351,0.055740742782760866,0.5206289024551782,0.39614204881623705,0.3241705646847254,4.455680122817843e-05,0.00822965134196138,184.70022791395579,8.229651341961381e-11,0,184.70022791395579,42,14,100,20260803
dax_full,29,250,392,2.5 BAHC (100 bootstraps),test,2022-08-15,2022-08-16,2022-10-12,0.36263186525038343,-7.245777465580661,9.148055903821252e-05,0.15183247636006453,0.00010875947441460757,0.16555176698688875,0.06037374298009757,0.5412441468203218,0.293287745293289,0.29830187836456945,4.428432223853613e-05,0.008305112276967622,187.54068837798604,8.305112276967622e-11,0,187.54068837798604,42,14,100,20260803
dax_full,29,250,393,2.5 BAHC (100 bootstraps),test,2022-09-02,2022-09-05,2022-11-01,0.47715085589989414,-7.1402247832115355,0.0001002558112863599,0.15894799289126835,0.00010728522166659383,0.16442589777763614,0.0965837887056229,0.6380641287936132,0.3693090707873898,0.3679856627622086,4.418253596729284e-05,0.008920096852553962,201.8919162801627,8.920096852553963e-11,0,201.8919162801627,42,14,100,20260803
dax_full,29,250,394,2.5 BAHC (100 bootstraps),test,2022-09-22,2022-09-23,2022-11-21,0.5699266808617431,-6.991496582723285,0.00010981399011687946,0.1663524135967183,9.658598300338243e-05,0.15601175505984274,0.1673094856552404,0.5820133013292188,0.47173909579515244,0.40702062759320384,4.7921165552544585e-05,0.009172861512696823,191.41565959281536,9.172861512696824e-11,0,191.41565959281536,42,14,100,20260803
dax_full,29,250,395,2.5 BAHC (100 bootstraps),test,2022-10-12,2022-10-13,2022-12-09,1.1509834374573702,-7.267295020708064,8.457386540924113e-05,0.14598840393376716,5.556590499242653e-05,0.11833261620572531,0.2366358668352262,0.5265129420046396,0.47967731785372864,0.4142753755645315,5.2499296536926816e-05,0.009504692586323327,181.04418941381323,9.504692586323327e-11,0,181.04418941381323,42,14,100,20260803
dax_full,29,250,396,2.5 BAHC (100 bootstraps),test,2022-11-01,2022-11-02,2022-12-30,1.0656006940097036,-7.427864164476289,9.311007699947445e-05,0.153178782485916,6.686086740924456e-05,0.12980346138346863,0.21567109564251186,0.5521377928731076,0.4142620144486135,0.39402363432141096,5.3511238832077416e-05,0.009632843772893605,180.01533851836706,9.632843772893605e-11,0,180.01533851836706,42,14,100,20260803
dax_full,29,250,397,2.5 BAHC (100 bootstraps),test,2022-11-21,2022-11-22,2023-01-19,1.6435391634425045,-7.649236081628578,4.253434895786374e-05,0.10353094193226324,4.83852004985173e-05,0.1104222374597905,0.10112152098694738,0.48358573061563354,0.32205560239223496,0.3022542846649386,5.597103268856991e-05,0.009817847546460687,175.40944082787365,9.817847546460687e-11,0,175.40944082787365,42,14,100,20260803
dax_full,29,250,398,2.5 BAHC (100 bootstraps),test,2022-12-09,2022-12-12,2023-02-08,1.5198249596066047,-7.605654392544248,5.2357332978744275e-05,0.1148653468659872,4.644491107070238e-05,0.10818557015525222,0.12965357972239644,0.6317747101191896,0.33529170784112644,0.36557333256090413,5.725395850705804e-05,0.009579017253363744,167.30751031272152,9.579017253363743e-11,0,167.30751031272152,42,14,100,20260803
dax_full,29,250,399,2.5 BAHC (100 bootstraps),test,2022-12-30,2023-01-02,2023-02-28,1.588811186252583,-7.467366755818153,3.965542689079057e-05,0.09996583204515043,2.6965651860243596e-05,0.08243387816172054,0.11472407109608396,0.6298794827370546,0.3729485632783531,0.37251737237049726,5.712535378676487e-05,0.00948332718374601,166.00907574498314,9.48332718374601e-11,0,166.00907574498314,42,14,100,20260803
dax_full,29,250,400,2.5 BAHC (100 bootstraps),test,2023-01-19,2023-01-20,2023-03-20,0.6787656255462354,-7.426615123279341,5.92619282493035e-05,0.12220477044217415,4.481596145500527e-05,0.10627145565325304,0.04634585459064777,0.5635011261849353,0.407289538950955,0.3390455065755127,5.82697734672537e-05,0.009394225083569194,161.2195229976059,9.394225083569195e-11,0,161.2195229976059,42,14,100,20260803
dax_full,29,250,401,2.5 BAHC (100 bootstraps),test,2023-02-08,2023-02-09,2023-04-11,0.4920440132520309,-7.392439870065671,5.779907163742606e-05,0.12068705834774235,5.3471071103481965e-05,0.11608061818442153,0.07243566405938529,0.6134498278538943,0.44968463438632034,0.3785233754332,5.6075422469635787e-05,0.009138803306702931,162.97341873173565,9.138803306702932e-11,0,162.97341873173565,42,14,100,20260803
dax_full,29,250,402,2.5 BAHC (100 bootstraps),test,2023-02-28,2023-03-01,2023-05-02,0.433618985665174,-7.4418190175079895,5.490356015144324e-05,0.11762524031075855,5.498639842275829e-05,0.11771394311013071,0.09170281682675352,0.5615204207980368,0.4569075825730531,0.37004360673261444,5.110734060671346e-05,0.0070713672471686305,138.3630445885446,7.071367247168631e-11,0,138.3630445885446,42,14,100,20260803
dax_full,29,250,403,2.5 BAHC (100 bootstraps),test,2023-03-20,2023-03-21,2023-05-22,1.1710574456408045,-7.492441833781387,3.6981917207700365e-05,0.0965372629420396,3.140129221161519e-05,0.08895575100760506,0.14620816371418033,0.5766674249774625,0.4392735310982487,0.3873830399299638,5.016514982023471e-05,0.007307713696806566,145.67311615720348,7.307713696806566e-11,0,145.67311615720348,42,14,100,20260803
dax_full,29,250,404,2.5 BAHC (100 bootstraps),test,2023-04-11,2023-04-12,2023-06-09,1.4946251670135433,-7.50335163827892,5.0732305399511e-05,0.11306874440214135,4.635720649587898e-05,0.10808337539585587,0.11180793621123175,0.6317597624416383,0.3933522721327185,0.3789733235951962,5.0137788953627795e-05,0.007370422792218808,147.00334709685097,7.370422792218808e-11,0,147.00334709685097,42,14,100,20260803
dax_full,29,250,405,2.5 BAHC (100 bootstraps),test,2023-05-02,2023-05-03,2023-06-29,1.3247372232261685,-7.557688750487002,4.644428844066554e-05,0.10818484499710537,4.032296278222449e-05,0.10080370340974865,0.08362180943027553,0.5763831907369046,0.4525965283233481,0.3708671761635094,5.14317203433498e-05,0.00682415038644485,132.68368899363918,6.824150386444851e-11,0,132.68368899363918,42,14,100,20260803
dax_full,29,250,406,2.5 BAHC (100 bootstraps),test,2023-05-22,2023-05-23,2023-07-19,1.263722240912044,-7.644791482975665,5.328827647091165e-05,0.11588203342481412,4.118951150359216e-05,0.10188109195972148,0.08451411782728313,0.4970523033680065,0.48415095341741793,0.35523912487090253,5.001244118895177e-05,0.0067319363128517835,134.60523327421444,6.731936312851783e-11,0,134.60523327421444,42,14,100,20260803
dax_full,29,250,407,2.5 BAHC (100 bootstraps),test,2023-06-09,2023-06-12,2023-08-08,1.7610982336350702,-7.624992664997929,5.228271660037013e-05,0.1147834682491049,3.0048275720683702e-05,0.08701819052136336,0.12330382323796285,0.5573132402362324,0.43556549472462863,0.37206085273294126,5.340662018252638e-05,0.006405547683739563,119.93920719655156,6.405547683739563e-11,0,119.93920719655156,42,14,100,20260803
dax_full,29,250,408,2.5 BAHC (100 bootstraps),test,2023-06-29,2023-06-30,2023-08-28,1.75526402117084,-7.765220730364869,5.163174008289181e-05,0.11406664061367257,3.44653748781837e-05,0.0931948199703304,0.11276585453230714,0.6753320943180156,0.4922218133005735,0.4267732540502987,4.9375113479563874e-05,0.005601483037372673,113.44749698025707,5.6014830373726726e-11,0,113.44749698025707,42,14,100,20260803
dax_full,29,250,409,2.5 BAHC (100 bootstraps),test,2023-07-19,2023-07-20,2023-09-15,2.463185912515439,-7.778133742208217,3.585652117228762e-05,0.09505705305455499,2.4585066779553742e-05,0.07871109723823917,0.12897775730890537,0.5272233502149071,0.4891804279219776,0.38179384514859666,4.402658870057345e-05,0.005314432556122719,120.70961464369593,5.3144325561227194e-11,0,120.70961464369593,42,14,100,20260803
dax_full,29,250,410,2.5 BAHC (100 bootstraps),test,2023-08-08,2023-08-09,2023-10-05,1.4517260320084129,-7.826243216667004,3.233871224602511e-05,0.09027378072285623,3.09215036245107e-05,0.08827354594314593,0.07190796901953489,0.4441039749632225,0.5019072163252333,0.3393063867693302,4.0438875011965995e-05,0.0050513445052007356,124.91308187248103,5.051344505200736e-11,0,124.91308187248103,42,14,100,20260803
dax_full,29,250,411,2.5 BAHC (100 bootstraps),test,2023-08-28,2023-08-29,2023-10-25,0.7894147683786809,-7.66433883944135,3.55682759425701e-05,0.0946742073509341,3.2345444231853644e-05,0.09028317643075656,0.10674544722215751,0.5272043662978302,0.41576919509270055,0.3499063362042294,3.800572011446872e-05,0.004568965629435248,120.21784130583674,4.568965629435248e-11,0,120.21784130583674,42,14,100,20260803
dax_full,29,250,412,2.5 BAHC (100 bootstraps),test,2023-09-15,2023-09-18,2023-11-14,0.4935936455309201,-7.521741556831794,3.842361560316506e-05,0.098400971194382,4.276874448174537e-05,0.10381581579605216,0.1262493000932179,0.5621724446413584,0.4205550420949793,0.36965892894318514,3.411101239096016e-05,0.004096884628984698,120.10445723594012,4.096884628984698e-11,0,120.10445723594012,42,14,100,20260803
dax_full,29,250,413,2.5 BAHC (100 bootstraps),test,2023-10-05,2023-10-06,2023-12-04,0.5645835944469468,-7.620498288689742,2.820269512447988e-05,0.08430349441967948,2.7077138356381553e-05,0.08260410925497684,0.1579668128200279,0.6502793165030604,0.4690734250870252,0.4257731848033712,3.235971067733656e-05,0.0037338724593827866,115.38645992894618,3.7338724593827867e-11,0,115.38645992894618,42,14,100,20260803
dax_full,29,250,414,2.5 BAHC (100 bootstraps),test,2023-10-25,2023-10-26,2023-12-22,0.779453878947273,-7.629458635339573,3.300048032799409e-05,0.0911927685875065,2.8241613290795464e-05,0.08436164145676907,0.2552933675250486,0.648022857456403,0.581187711616117,0.4948346455325228,2.9974233385787385e-05,0.0037811351806122375,126.14618468958425,3.781135180612238e-11,0,126.14618468958425,42,14,100,20260803
dax_full,29,250,415,2.5 BAHC (100 bootstraps),test,2023-11-14,2023-11-15,2024-01-16,0.9793900895339498,-7.79931121347553,2.992982260671762e-05,0.08684650422954766,2.0901097868362813e-05,0.07257462823072144,0.3350542242832002,0.6261399571677017,0.4561743366167335,0.4724561726892118,2.938182669664062e-05,0.003512587553521743,119.54966550542467,3.512587553521743e-11,0,119.54966550542467,42,14,100,20260803
dax_full,29,250,416,2.5 BAHC (100 bootstraps),test,2023-12-04,2023-12-05,2024-02-05,0.9699517390797396,-7.664377789763627,3.2325631714725546e-05,0.09025552167103594,2.299928884129021e-05,0.07613028824328155,0.3202294840448938,0.5815242400036779,0.5180479869908065,0.47326723701312606,2.7170450097549342e-05,0.003488736854542368,128.4018793217208,3.488736854542368e-11,0,128.4018793217208,42,14,100,20260803
dax_full,29,250,417,2.5 BAHC (100 bootstraps),test,2023-12-22,2023-12-27,2024-02-23,0.9606655994971655,-7.721496947848694,2.1418540127989265e-05,0.07346749017254703,2.003837455451516e-05,0.07106103283613192,0.10324324973885946,0.45875271084288977,0.4082479238813938,0.32341462815438105,2.567239282103916e-05,0.0033445973663783425,130.27992325037044,3.3445973663783426e-11,0,130.27992325037044,42,14,100,20260803
dax_full,29,250,418,2.5 BAHC (100 bootstraps),test,2024-01-16,2024-01-17,2024-03-14,0.8566108980572792,-7.512943801865337,1.6629940519644858e-05,0.06473596381417754,1.9863202532853552e-05,0.07074974938668754,0.1667384432477662,0.49569182842060694,0.39910504558507603,0.35384510575114975,2.6809263711570186e-05,0.0031533657110493353,117.62224225831402,3.1533657110493356e-11,0,117.62224225831402,42,14,100,20260803
dax_full,29,250,419,2.5 BAHC (100 bootstraps),test,2024-02-05,2024-02-06,2024-04-05,0.7945924324010845,-7.514405625954484,2.4534831386501624e-05,0.07863063976210806,2.5459502368893492e-05,0.080098655400457,0.17343621269475695,0.41526505574130934,0.37431495031816914,0.32100540625141183,2.7728454169223927e-05,0.0030483816061081595,109.93694735033542,3.0483816061081595e-11,0,109.93694735033542,42,14,100,20260803
dax_full,29,250,420,2.5 BAHC (100 bootstraps),test,2024-02-23,2024-02-26,2024-04-25,0.6434324082361036,-7.499762306416232,2.7577352630000677e-05,0.08336361834013786,3.099746148237256e-05,0.08838190025993946,0.1030098647606904,0.367946704103552,0.44098069648709526,0.3039790884504459,2.5787382309738926e-05,0.0030385880531541387,117.83235757150031,3.0385880531541387e-11,0,117.83235757150031,42,14,100,20260803
dax_full,29,250,421,2.5 BAHC (100 bootstraps),test,2024-03-14,2024-03-15,2024-05-16,0.572415237989207,-7.469404888424078,4.052221328187476e-05,0.10105245047514899,3.8567860774193234e-05,0.09858550053175515,0.13063006538476074,0.554952582567885,0.43507988140310094,0.3735541764519155,2.4766451565676612e-05,0.0023836238491986928,96.24405994850369,2.383623849198693e-11,0,96.24405994850369,42,14,100,20260803
dax_full,29,250,422,2.5 BAHC (100 bootstraps),test,2024-04-05,2024-04-08,2024-06-05,0.5443933147635265,-7.620105164477976,3.08980639672251e-05,0.08824008227410447,3.215596425546309e-05,0.09001834808735772,0.13540203887796343,0.6633134134450734,0.39436838817899195,0.39769461350067625,2.4551707596327133e-05,0.0022639286861128967,92.21064063387486,2.2639286861128968e-11,0,92.21064063387486,42,14,100,20260803
dax_full,29,250,423,2.5 BAHC (100 bootstraps),test,2024-04-25,2024-04-26,2024-06-25,0.521710944169688,-7.720244437217638,2.9659279447747943e-05,0.08645309954439159,2.868455283710432e-05,0.08502062876120293,0.12272954217132293,0.553440189501855,0.3917240784318711,0.3559646033683497,2.4519398674337822e-05,0.0023219806240150974,94.69973774052211,2.3219806240150975e-11,0,94.69973774052211,42,14,100,20260803
dax_full,29,250,424,2.5 BAHC (100 bootstraps),test,2024-05-16,2024-05-17,2024-07-15,0.5174841214952737,-7.889852135302372,2.351918748905439e-05,0.07698594188059081,2.438745908456893e-05,0.07839413045191183,0.11013016022248501,0.4281152475735401,0.5442578903825482,0.36083443272619115,2.316731631207413e-05,0.0022233449482025533,95.96903319543364,2.2233449482025535e-11,0,95.96903319543364,42,14,100,20260803
dax_full,29,250,425,2.5 BAHC (100 bootstraps),test,2024-06-05,2024-06-06,2024-08-02,0.5185743459890222,-7.693121771517483,3.302876326560697e-05,0.09123183842789181,3.124853549595833e-05,0.08873911733267072,0.1636445445926944,0.6021827542306732,0.374057749315371,0.37996168271291286,2.235688701040293e-05,0.00218522058120621,97.74261417474627,2.1852205812062104e-11,0,97.74261417474627,42,14,100,20260803
dax_full,29,250,426,2.5 BAHC (100 bootstraps),test,2024-06-25,2024-06-26,2024-08-22,0.5345438433062869,-7.687832480835716,3.588018889837121e-05,0.09508841991740921,3.427103247020502e-05,0.0929316963284953,0.15272679125611766,0.6427522186117123,0.41628009593712134,0.4039197019349838,2.2551608806921825e-05,0.0022114010201774257,98.05956812707191,2.2114010201774257e-11,0,98.05956812707191,42,14,100,20260803
dax_full,29,250,427,2.5 BAHC (100 bootstraps),test,2024-07-15,2024-07-16,2024-09-11,0.5810519148931448,-7.591999483453313,3.6610246790410614e-05,0.09605093539983603,3.4467065392966175e-05,0.0931971055292356,0.19476330334309588,0.6349913124266473,0.39003483630167685,0.4065964840238067,2.2058442468101866e-05,0.002154924646002414,97.69160488636466,2.154924646002414e-11,0,97.69160488636466,42,14,100,20260803
dax_full,29,250,428,2.5 BAHC (100 bootstraps),test,2024-08-02,2024-08-05,2024-10-01,0.5978652280743237,-7.632113526096244,2.6387042206202854e-05,0.08154467877159809,2.5668405427434584e-05,0.08042660111998713,0.13830236853389322,0.6353236454830277,0.5240444734298819,0.4325568291489343,2.20836122578276e-05,0.0022634785964654046,102.49584941263892,2.2634785964654046e-11,0,102.49584941263892,42,14,100,20260803
dax_full,29,250,429,2.5 BAHC (100 bootstraps),test,2024-08-22,2024-08-23,2024-10-21,0.5868855289218018,-7.606943227959342,2.6364786231804868e-05,0.08151028236004845,2.6421216052048827e-05,0.08159746592337476,0.15681135796246992,0.6608543436438902,0.49715272435966545,0.43827280865534185,2.329304569925425e-05,0.002350444019405437,100.90754338238767,2.3504440194054372e-11,0,100.90754338238767,42,14,100,20260803
dax_full,29,250,430,2.5 BAHC (100 bootstraps),test,2024-09-11,2024-09-12,2024-11-08,0.6923016312331187,-7.338880616412192,3.208312025403364e-05,0.08991632946254242,3.616458774661623e-05,0.09546452803082038,0.31943984130359226,0.5633071562932422,0.4589537542856344,0.44723358396082297,2.3546972811074833e-05,0.0024414152736361738,103.6827660703759,2.4414152736361738e-11,0,103.6827660703759,42,14,100,20260803
dax_full,29,250,431,2.5 BAHC (100 bootstraps),test,2024-10-01,2024-10-02,2024-11-28,0.7309855863302401,-7.327628455554302,3.938705641847447e-05,0.09962699542521376,4.4651090195213125e-05,0.10607579709431227,0.5642690237924718,0.5987922245804885,0.4731234184269499,0.5453948889333035,2.344491384101522e-05,0.0025836552479561077,110.20109800686004,2.5836552479561076e-11,0,110.20109800686004,42,14,100,20260803
dax_full,29,250,432,2.5 BAHC (100 bootstraps),test,2024-10-21,2024-10-22,2024-12-18,0.7191665891752539,-7.313697827457009,3.7617811073143275e-05,0.0973636913352822,4.262141593431666e-05,0.10363685066349614,0.571869080283687,0.568235315302372,0.4408269202387374,0.5269771052749321,2.307396439527574e-05,0.002489893389121188,107.90921518588193,2.489893389121188e-11,0,107.90921518588193,42,14,100,20260803
dax_full,29,250,433,2.5 BAHC (100 bootstraps),test,2024-11-08,2024-11-11,2025-01-14,0.5604723181988455,-7.7061319250016105,2.9268111133754876e-05,0.08588110389198679,3.10319271268939e-05,0.08843102190960626,0.14443753226145606,0.583774987693914,0.43398539910628936,0.3873993063538865,2.2822399045705736e-05,0.0025267910005144748,110.71539830033407,2.526791000514475e-11,0,110.71539830033407,42,14,100,20260803
dax_full,29,250,434,2.5 BAHC (100 bootstraps),test,2024-11-28,2024-11-29,2025-02-03,0.5094933846182431,-7.714145844615407,2.6506682741750993e-05,0.08172933409077336,2.8172954153682382e-05,0.08425903184067546,0.09054026280484406,0.35427909420637693,0.3965163695684262,0.2804452421932157,2.1210142843180106e-05,0.0024647322302704415,116.20535743176052,2.4647322302704414e-11,0,116.20535743176052,42,14,100,20260803
dax_full,29,250,435,2.5 BAHC (100 bootstraps),test,2024-12-18,2024-12-19,2025-02-21,0.49122740544494314,-7.57563744800376,2.773876893288788e-05,0.08360723515992946,2.8377150797270138e-05,0.08456383388252968,0.10269349182937249,0.5189597182322238,0.44831371214776833,0.3566556407364549,2.0031380646265127e-05,0.002541775079981761,126.88966002229495,2.5417750799817608e-11,0,126.88966002229495,42,14,100,20260803
dax_full,29,250,436,2.5 BAHC (100 bootstraps),test,2025-01-14,2025-01-15,2025-03-13,0.7663655155481103,-6.884106266682107,6.002645896322353e-05,0.12299051857249944,6.275513241740997e-05,0.1257548940168426,0.11389312137526875,0.45168606650505044,0.4268974955010605,0.3308255611271265,1.850719054791595e-05,0.0025281445229029735,136.60336593809274,2.5281445229029735e-11,0,136.60336593809274,42,14,100,20260803
dax_full,29,250,437,2.5 BAHC (100 bootstraps),test,2025-02-03,2025-02-04,2025-04-02,0.7925759689592895,-6.836477215224703,5.756391000606491e-05,0.12044129408773536,5.964662507988662e-05,0.12260077291816486,0.10827268772095544,0.44442576344927504,0.4214272122461882,0.32470855447213953,1.7782983264536916e-05,0.0025933680889503674,145.83425347546157,2.5933680889503676e-11,0,145.83425347546157,42,14,100,20260803
dax_full,29,250,438,2.5 BAHC (100 bootstraps),test,2025-02-21,2025-02-24,2025-04-24,0.8257353036377661,-6.570707251436956,0.00019369392578713523,0.2209318204749105,0.000203343923220947,0.22636843563464992,0.09093901439731966,0.400586594802309,0.516946387538192,0.3361573322459402,1.7697376927075757e-05,0.0028108537764798664,158.82883593779684,2.8108537764798663e-11,0,158.82883593779684,42,14,100,20260803
dax_full,29,250,439,2.5 BAHC (100 bootstraps),test,2025-03-13,2025-03-14,2025-05-15,0.6397603516640671,-6.997730198236838,0.00017040499812100368,0.20722465955212216,0.0001822653671511267,0.21431489104139248,0.11776068175637366,0.42026453232555766,0.4720047556190347,0.3366766565669887,1.5370983494953487e-05,0.0038902897911171877,253.09309533735595,3.890289791117188e-11,0,253.09309533735595,42,14,100,20260803
dax_full,29,250,440,2.5 BAHC (100 bootstraps),test,2025-04-02,2025-04-03,2025-06-04,0.5923170084975513,-7.138775423022414,0.00017808157774911802,0.21184087800228205,0.00018993664175355186,0.21877850379298025,0.14082765256308505,0.37153796594370986,0.4563777754835687,0.3229144646634545,1.5203801815578907e-05,0.004209454492133564,276.86854532793603,4.209454492133565e-11,0,276.86854532793603,42,14,100,20260803
dax_full,29,250,441,2.5 BAHC (100 bootstraps),test,2025-04-24,2025-04-25,2025-06-24,0.6672007986492668,-7.561975340786239,4.824741494597551e-05,0.1102649017883108,5.609499615097289e-05,0.11889465517862932,0.15131166110240013,0.3991377218185435,0.3432281109862661,0.29789249796906986,1.4454034302442852e-05,0.004895980564487859,338.72761486807855,4.895980564487859e-11,0,338.72761486807855,42,14,100,20260803
dax_full,29,250,442,2.5 BAHC (100 bootstraps),test,2025-05-15,2025-05-16,2025-07-14,0.44207527554910037,-7.7486334026650825,4.7549934813247774e-05,0.10946498788625722,4.263876399459933e-05,0.10365794000769565,0.07258363127831458,0.40914465988283993,0.26957888915626516,0.2504357267724732,1.4349359443640113e-05,0.005005141278554611,348.8059030239832,5.005141278554611e-11,0,348.8059030239832,42,14,100,20260803
dax_full,29,250,443,2.5 BAHC (100 bootstraps),test,2025-06-04,2025-06-05,2025-08-01,0.5198221193276362,-7.514050452159258,4.331289304600565e-05,0.10447415492643826,3.406563625448852e-05,0.09265279454032192,0.15929424194801356,0.41313342756679944,0.3871136207866703,0.3198470967671611,1.3908862467134033e-05,0.005041516019057095,362.4678891584378,5.0415160190570946e-11,0,362.4678891584378,42,14,100,20260803
dax_full,29,250,444,2.5 BAHC (100 bootstraps),test,2025-06-24,2025-06-25,2025-08-21,0.6339701362669043,-7.3211655478617805,4.707422900236795e-05,0.10891604890279817,3.1357840880153625e-05,0.08889418373436314,0.29712387161227727,0.3252865930596342,0.4537986421482223,0.3587363689400446,1.3585144610800308e-05,0.005055505390357224,372.1348233818618,5.055505390357224e-11,0,372.1348233818618,42,14,100,20260803
dax_full,29,250,445,2.5 BAHC (100 bootstraps),test,2025-07-14,2025-07-15,2025-09-10,0.7944009708670718,-7.380707481514653,3.686829787748682e-05,0.09638885342780397,2.9708627550884773e-05,0.08652499143497769,0.1894186077533212,0.3785375563787987,0.4663737224669786,0.34477662886636623,1.3222967526929906e-05,0.00518197572439275,391.8920404091694,5.18197572439275e-11,0,391.8920404091694,42,14,100,20260803
dax_full,29,250,446,2.5 BAHC (100 bootstraps),test,2025-08-01,2025-08-04,2025-09-30,1.4152433179985406,-7.502375658758165,3.2109821155510146e-05,0.08995373772772623,2.8268669683386132e-05,0.08440204239361335,0.24897804357903097,0.4615364889564792,0.5567639345166081,0.42242615568403946,1.4386094619657027e-05,0.005226366810555239,363.2929539761249,5.226366810555239e-11,0,363.2929539761249,42,14,100,20260803
dax_full,29,250,447,2.5 BAHC (100 bootstraps),test,2025-08-21,2025-08-22,2025-10-20,1.3144682375363979,-7.5742826650408155,2.8056007679229194e-05,0.08408396954928898,2.662189710917155e-05,0.08190676450398483,0.1499471901338989,0.3848360411727618,0.4723290600960401,0.3357040971342336,1.2415541754582278e-05,0.005204549206199429,419.1963032365104,5.204549206199429e-11,0,419.1963032365104,42,14,100,20260803
dax_full,29,250,448,2.5 BAHC (100 bootstraps),test,2025-09-10,2025-09-11,2025-11-07,1.2662006924173466,-7.362221041206369,2.1698424328086507e-05,0.07394594600569933,1.9977809602414472e-05,0.07095356241802414,0.23194688884399384,0.43034198744004115,0.5380047985075834,0.40009789159720616,9.891858926885868e-06,0.005079538744842189,513.5069942249286,5.0795387448421894e-11,0,513.5069942249286,42,14,100,20260803
dax_full,29,250,449,2.5 BAHC (100 bootstraps),test,2025-09-30,2025-10-01,2025-11-27,0.7444287727272034,-7.253779091623743,3.128105410574691e-05,0.08878527825404514,3.0237422022709336e-05,0.08729163963245709,0.16386007355695742,0.4036752409731453,0.49312107742290917,0.35355213065100394,8.634244233865844e-06,0.004969139833439881,575.5153200264557,4.969139833439882e-11,0,575.5153200264557,42,14,100,20260803
dax_full,29,250,450,2.5 BAHC (100 bootstraps),test,2025-10-20,2025-10-21,2025-12-17,0.9203913933089802,-7.380792247873723,2.730447505276921e-05,0.08295015197875072,2.4717943408496513e-05,0.07892351828790402,0.17808087846272647,0.3706120754137454,0.46444047028914226,0.337711141388538,8.061614536726404e-06,0.00499541542492051,619.6544627832092,4.99541542492051e-11,0,619.6544627832092,42,14,100,20260803
dax_full,29,250,451,2.5 BAHC (100 bootstraps),test,2025-11-07,2025-11-10,2026-01-13,0.9771939872797872,-7.497778876524334,3.4258807588249966e-05,0.09291511993340476,3.098569676547186e-05,0.08836512652001868,0.2895278316123048,0.2504739821480815,0.4011012984797271,0.31370103741337113,7.405837793056069e-06,0.0047275794154802995,638.3584879367756,4.727579415480299e-11,0,638.3584879367756,42,14,100,20260803
dax_full,29,250,452,2.5 BAHC (100 bootstraps),test,2025-11-27,2025-11-28,2026-02-02,1.1087310877512457,-7.384739234076575,3.7396924752685044e-05,0.09707741775344372,3.2980879185535923e-05,0.09116568189157065,0.23280920267078853,0.49152101141389215,0.3964055962013962,0.3735786034286923,7.605900147517858e-06,0.004900104352750487,644.2504184530491,4.900104352750488e-11,0,644.2504184530491,42,14,100,20260803
dax_full,29,250,453,2.5 BAHC (100 bootstraps),test,2025-12-17,2025-12-18,2026-02-20,0.9395235328235799,-7.1227450726203525,4.5133326721195654e-05,0.10664707372329212,3.713020811889547e-05,0.09673061793435239,0.9375579198772048,0.39047857663832986,0.42321456656334794,0.5837503543596275,7.851111242613492e-06,0.004867334660774746,619.9548714016818,4.8673346607747456e-11,0,619.9548714016818,42,14,100,20260803
dax_full,29,250,454,2.5 BAHC (100 bootstraps),test,2026-01-13,2026-01-14,2026-03-12,0.577663144020641,-6.652618232953944,0.00011419687101905063,0.16963965190014024,0.00011308767658004493,0.1688137864576567,0.10964237355301132,0.477480699899509,0.4853922629806929,0.3575051121444044,7.150225602597194e-06,0.004666291086294372,652.6075323552622,4.6662910862943724e-11,0,652.6075323552622,42,14,100,20260803
dax_full,29,250,455,2.5 BAHC (100 bootstraps),test,2026-02-02,2026-02-03,2026-04-01,0.607040926973358,-6.672783355938457,0.00015367199003720234,0.196787554203448,0.00016313370042796556,0.20275525272566264,0.09994761843517197,0.46536710914985707,0.5025333539450821,0.35594936051003706,7.309958206170689e-06,0.004855701869446923,664.2584995011313,4.855701869446923e-11,0,664.2584995011313,42,14,100,20260803
dax_full,29,250,456,2.5 BAHC (100 bootstraps),test,2026-02-20,2026-02-23,2026-04-23,0.6757248618607671,-6.7304577429301915,0.00014737046163277716,0.19271055064904943,0.0001594779806398516,0.2004705742029054,0.1196510511773674,0.51654248240806,0.5538894976692101,0.39669434375154583,7.288842080228813e-06,0.00459792350403712,630.8167269131973,4.59792350403712e-11,0,630.8167269131973,42,14,100,20260803
dax_full,29,250,457,2.5 BAHC (100 bootstraps),test,2026-03-12,2026-03-13,2026-05-14,0.6489684040837214,-6.97902814102285,8.381900867221074e-05,0.1453354402250088,9.161718959470112e-05,0.15194581855998762,0.16604704854464236,0.3870718462659471,0.5002462808260496,0.35112172521221297,7.319700758429202e-06,0.004163206436095778,568.7672998519131,4.163206436095778e-11,0,568.7672998519131,42,14,100,20260803
dax_full,29,250,458,2.5 BAHC (100 bootstraps),test,2026-04-01,2026-04-02,2026-06-03,0.70384014147566,-7.144505663377178,5.3135261110375114e-05,0.1157155382816609,4.616128698753254e-05,0.10785473712757451,0.3323838144472394,0.5608362041887884,0.526772790340747,0.4733309363255916,7.140109965680607e-06,0.003986472701230013,558.320911077175,3.986472701230013e-11,0,558.320911077175,42,14,100,20260803
dax_full,29,250,459,2.5 BAHC (100 bootstraps),test,2026-04-23,2026-04-24,2026-06-23,0.5399925605491566,-7.225940396536802,4.6165533045847014e-05,0.10785969742009037,4.470497313062773e-05,0.10613978155676687,0.15363917662775362,0.3941111643283623,0.3827903868014555,0.31018024258585714,7.372086690663837e-06,0.004070995597611345,552.2175427978808,4.070995597611345e-11,0,552.2175427978808,42,14,100,20260803
dax_full,29,250,460,2.5 BAHC (100 bootstraps),test,2026-05-14,2026-05-15,2026-07-13,0.5546500410136173,-7.27825815926998,4.0957532888513705e-05,0.10159379059718883,4.123645232606856e-05,0.1019391288277925,0.17113424004778366,0.5145027949417808,0.3871032798787313,0.35758010495609854,6.1935111239503336e-06,0.004154641313205172,670.8054978926502,4.154641313205172e-11,0,670.8054978926502,42,14,100,20260803
dax_full,29,250,461,2.5 BAHC (100 bootstraps),test,2026-06-03,2026-06-04,2026-07-31,0.587125664077006,-7.250459518466197,2.668929025905696e-05,0.08201037218109887,2.8662427459521895e-05,0.08498783277504797,0.16531447900846064,0.5085237698428405,0.41230645498323626,0.3620482346115124,6.196626548390806e-06,0.004149235676366421,669.5958912424584,4.1492356763664205e-11,0,669.5958912424584,42,14,100,20260803
