label,N,T,horizon,step,ewma_half_life,estimator,split,metric,n_examples,mean,median,q25,q75
dax_full,29,250,42,14,252.0,Control - frozen Flag/QIS/EWMA,test,input_flag_loss,120,0.056542054719954174,0.05270302260162943,0.03593125707912632,0.06890555673891725
dax_full,29,250,42,14,252.0,Control - frozen Flag/QIS/EWMA,test,post_reconstruction_flag_loss,120,0.05640014300329959,0.0515072654783478,0.034318742490797506,0.06916127216453385
dax_full,29,250,42,14,252.0,Control - frozen Flag/QIS/EWMA,test,relative_frobenius,120,0.7051381794797247,0.6549435444801631,0.5572753497679812,0.8257000316378312
dax_full,29,250,42,14,252.0,Control - frozen Flag/QIS/EWMA,test,gaussian_nll_per_asset,120,-7.201437206341459,-7.348441933971087,-7.548577263101079,-7.1054091615266115
dax_full,29,250,42,14,252.0,Control - frozen Flag/QIS/EWMA,test,gmv_long_short_variance,120,9.381652448630509e-05,4.810467010064676e-05,3.331787531148807e-05,9.924131936897442e-05
dax_full,29,250,42,14,252.0,Control - frozen Flag/QIS/EWMA,test,gmv_long_short_annualised_volatility,120,0.13569960511033674,0.11010166452639364,0.09163026016821624,0.15814174806477116
dax_full,29,250,42,14,252.0,Control - frozen Flag/QIS/EWMA,test,gmv_long_only_variance,120,9.691236831871747e-05,4.973493780845983e-05,3.295341106170856e-05,0.00010467195770161917
dax_full,29,250,42,14,252.0,Control - frozen Flag/QIS/EWMA,test,gmv_long_only_annualised_volatility,120,0.13692558889617087,0.11195148641022068,0.09112771031662409,0.16241100129242486
dax_full,29,250,42,14,252.0,Control - frozen Flag/QIS/EWMA,test,flag_market_1_loss,120,0.15223024112908726,0.13523095387913242,0.08504475862482797,0.18458081065182586
dax_full,29,250,42,14,252.0,Control - frozen Flag/QIS/EWMA,test,flag_top_3_loss,120,0.4614992153259045,0.457973867624789,0.37320036796919615,0.562141021144138
dax_full,29,250,42,14,252.0,Control - frozen Flag/QIS/EWMA,test,flag_top_6_loss,120,0.4112292466231633,0.42004630527723885,0.3649380525028923,0.464064180376947
dax_full,29,250,42,14,252.0,Control - frozen Flag/QIS/EWMA,test,flag_nested_loss,120,0.3416529010260516,0.3487277359060848,0.2838144148786497,0.38778930438447407
dax_full,29,250,42,14,252.0,Control - frozen Flag/QIS/EWMA,test,raw_min_eigenvalue,120,5.6156080166293785e-05,4.930002997508293e-05,3.16515391228162e-05,8.13744030038954e-05
dax_full,29,250,42,14,252.0,Control - frozen Flag/QIS/EWMA,test,raw_max_eigenvalue,120,0.004439590179743029,0.0034756812377224897,0.002799427198538114,0.005445078248703635
dax_full,29,250,42,14,252.0,Control - frozen Flag/QIS/EWMA,test,raw_condition_number,120,99.37026459150023,77.6071823280109,58.10119935646468,98.61401294092056
dax_full,29,250,42,14,252.0,Control - frozen Flag/QIS/EWMA,test,score_eigenvalue_floor,120,4.4395901797430295e-11,3.47568123772249e-11,2.7994271985381142e-11,5.445078248703635e-11
dax_full,29,250,42,14,252.0,Control - frozen Flag/QIS/EWMA,test,n_eigenvalues_floored,120,0.0,0.0,0.0,0.0
dax_full,29,250,42,14,252.0,Control - frozen Flag/QIS/EWMA,test,score_condition_number,120,99.37026459150023,77.6071823280109,58.10119935646468,98.61401294092056
dax_full,29,250,42,14,252.0,Oracle 1 - future Flag,test,input_flag_loss,120,1.753741185194923e-16,4.9343245538895844e-17,0.0,2.467162276944792e-16
dax_full,29,250,42,14,252.0,Oracle 1 - future Flag,test,post_reconstruction_flag_loss,120,0.002429710390746424,0.001497694935723098,0.0010600506894580624,0.0026509791675255225
dax_full,29,250,42,14,252.0,Oracle 1 - future Flag,test,relative_frobenius,120,0.6879955911420439,0.6462366304214295,0.5326085252991419,0.8223713994462494
dax_full,29,250,42,14,252.0,Oracle 1 - future Flag,test,gaussian_nll_per_asset,120,-7.240036619094766,-7.3823349383155055,-7.57504776814885,-7.123831470623202
dax_full,29,250,42,14,252.0,Oracle 1 - future Flag,test,gmv_long_short_variance,120,8.865940607026126e-05,4.424017741773367e-05,3.068672813378104e-05,9.035448283881316e-05
dax_full,29,250,42,14,252.0,Oracle 1 - future Flag,test,gmv_long_short_annualised_volatility,120,0.13137044106431503,0.10558438739656242,0.08793779329567478,0.1508950949347954
dax_full,29,250,42,14,252.0,Oracle 1 - future Flag,test,gmv_long_only_variance,120,9.34210388108734e-05,4.712570007630341e-05,3.0923828098585955e-05,9.866281148069823e-05
dax_full,29,250,42,14,252.0,Oracle 1 - future Flag,test,gmv_long_only_annualised_volatility,120,0.13422910978607916,0.10897545305493456,0.08827686379139021,0.15768014616030757
dax_full,29,250,42,14,252.0,Oracle 1 - future Flag,test,flag_market_1_loss,120,0.14053840584023294,0.1204565923505429,0.0789365645869804,0.1589107674795096
dax_full,29,250,42,14,252.0,Oracle 1 - future Flag,test,flag_top_3_loss,120,0.4319885765812466,0.43435624285376606,0.35782126062519426,0.538070115816414
dax_full,29,250,42,14,252.0,Oracle 1 - future Flag,test,flag_top_6_loss,120,0.379921647770664,0.38656359497533366,0.3328663079981995,0.43434900852299196
dax_full,29,250,42,14,252.0,Oracle 1 - future Flag,test,flag_nested_loss,120,0.3174828767307145,0.32121558535947003,0.26946038484563717,0.3584171551592501
dax_full,29,250,42,14,252.0,Oracle 1 - future Flag,test,raw_min_eigenvalue,120,5.6522489254712554e-05,4.9002654221043925e-05,3.199190032531984e-05,8.135032433669865e-05
dax_full,29,250,42,14,252.0,Oracle 1 - future Flag,test,raw_max_eigenvalue,120,0.004435879446742387,0.0034549848847747347,0.0028101513128071247,0.005540515029136485
dax_full,29,250,42,14,252.0,Oracle 1 - future Flag,test,raw_condition_number,120,99.05236349016674,77.49087215699885,58.054712850143524,93.6041534491739
dax_full,29,250,42,14,252.0,Oracle 1 - future Flag,test,score_eigenvalue_floor,120,4.435879446742387e-11,3.454984884774735e-11,2.8101513128071246e-11,5.540515029136485e-11
dax_full,29,250,42,14,252.0,Oracle 1 - future Flag,test,n_eigenvalues_floored,120,0.0,0.0,0.0,0.0
dax_full,29,250,42,14,252.0,Oracle 1 - future Flag,test,score_condition_number,120,99.05236349016674,77.49087215699885,58.054712850143524,93.6041534491739
dax_full,29,250,42,14,252.0,Oracle 2 - future Flag and spectrum,test,input_flag_loss,120,1.753741185194923e-16,4.9343245538895844e-17,0.0,2.467162276944792e-16
dax_full,29,250,42,14,252.0,Oracle 2 - future Flag and spectrum,test,post_reconstruction_flag_loss,120,0.0026679377066601167,0.0013241335758605866,0.0008855086522703159,0.002049264442881091
dax_full,29,250,42,14,252.0,Oracle 2 - future Flag and spectrum,test,relative_frobenius,120,0.6700836248880138,0.6357252088909022,0.5286353002232086,0.7865466930417385
dax_full,29,250,42,14,252.0,Oracle 2 - future Flag and spectrum,test,gaussian_nll_per_asset,120,-7.2437154169669045,-7.382504332393965,-7.581324592432259,-7.129626258096474
dax_full,29,250,42,14,252.0,Oracle 2 - future Flag and spectrum,test,gmv_long_short_variance,120,8.718641148007991e-05,4.452139152588431e-05,3.0513676120674985e-05,9.111037016615681e-05
dax_full,29,250,42,14,252.0,Oracle 2 - future Flag and spectrum,test,gmv_long_short_annualised_volatility,120,0.13050840083125936,0.10590906810535605,0.08768948843738397,0.15152495927031798
dax_full,29,250,42,14,252.0,Oracle 2 - future Flag and spectrum,test,gmv_long_only_variance,120,9.267043749881721e-05,4.8022856470768203e-05,3.1031541532634214e-05,9.803085329067946e-05
dax_full,29,250,42,14,252.0,Oracle 2 - future Flag and spectrum,test,gmv_long_only_annualised_volatility,120,0.13385945140730263,0.11000797616092017,0.08843047249802424,0.15717434596412744
dax_full,29,250,42,14,252.0,Oracle 2 - future Flag and spectrum,test,flag_market_1_loss,120,0.13946826021705572,0.11769293148315318,0.07902334012106171,0.1588324349622917
dax_full,29,250,42,14,252.0,Oracle 2 - future Flag and spectrum,test,flag_top_3_loss,120,0.42600451677643325,0.42909419791203274,0.34661679673149565,0.5315046010931903
dax_full,29,250,42,14,252.0,Oracle 2 - future Flag and spectrum,test,flag_top_6_loss,120,0.37707894194173613,0.38244924382240575,0.3283723361873278,0.43281423742799113
dax_full,29,250,42,14,252.0,Oracle 2 - future Flag and spectrum,test,flag_nested_loss,120,0.3141839063117417,0.32011530588195763,0.2651753975631775,0.35470980816241865
dax_full,29,250,42,14,252.0,Oracle 2 - future Flag and spectrum,test,raw_min_eigenvalue,120,5.6873484110962556e-05,5.118090968643628e-05,2.8588326148247517e-05,7.926530240188125e-05
dax_full,29,250,42,14,252.0,Oracle 2 - future Flag and spectrum,test,raw_max_eigenvalue,120,0.004401814452689612,0.003268299907341368,0.0028430002575474075,0.005596217780241971
dax_full,29,250,42,14,252.0,Oracle 2 - future Flag and spectrum,test,raw_condition_number,120,101.53331019807143,73.41821649542138,56.55473054381382,94.98965328734546
dax_full,29,250,42,14,252.0,Oracle 2 - future Flag and spectrum,test,score_eigenvalue_floor,120,4.401814452689613e-11,3.268299907341368e-11,2.8430002575474076e-11,5.5962177802419713e-11
dax_full,29,250,42,14,252.0,Oracle 2 - future Flag and spectrum,test,n_eigenvalues_floored,120,0.0,0.0,0.0,0.0
dax_full,29,250,42,14,252.0,Oracle 2 - future Flag and spectrum,test,score_condition_number,120,101.53331019807143,73.41821649542138,56.55473054381382,94.98965328734546
dax_full,29,250,42,14,252.0,Oracle 3 - future rolling correlation,test,input_flag_loss,120,4.284638487627456e-16,1.9737298215558337e-16,0.0,6.908054375445418e-16
dax_full,29,250,42,14,252.0,Oracle 3 - future rolling correlation,test,post_reconstruction_flag_loss,120,0.0009124221299607267,0.00033909019011070366,0.00023482043355868877,0.0005017720391776725
dax_full,29,250,42,14,252.0,Oracle 3 - future rolling correlation,test,relative_frobenius,120,0.6623833368001594,0.6257846182535227,0.5182869092336183,0.7743903158037014
dax_full,29,250,42,14,252.0,Oracle 3 - future rolling correlation,test,gaussian_nll_per_asset,120,-7.296832267539387,-7.429022221011715,-7.625103994431653,-7.159041289692097
dax_full,29,250,42,14,252.0,Oracle 3 - future rolling correlation,test,gmv_long_short_variance,120,8.536049433679861e-05,4.3508896827926556e-05,2.9696734297214357e-05,8.785707397603422e-05
dax_full,29,250,42,14,252.0,Oracle 3 - future rolling correlation,test,gmv_long_short_annualised_volatility,120,0.12864240833003746,0.10470455268868639,0.08650767042810723,0.14879510288299352
dax_full,29,250,42,14,252.0,Oracle 3 - future rolling correlation,test,gmv_long_only_variance,120,9.21296881721883e-05,4.749591028704311e-05,3.0920673333875515e-05,9.591154377935019e-05
dax_full,29,250,42,14,252.0,Oracle 3 - future rolling correlation,test,gmv_long_only_annualised_volatility,120,0.13322189430027198,0.10940278511863379,0.08827236079394632,0.15546610251883286
dax_full,29,250,42,14,252.0,Oracle 3 - future rolling correlation,test,flag_market_1_loss,120,0.1376049418113886,0.11445846774668883,0.07806941605437001,0.15890570941644233
dax_full,29,250,42,14,252.0,Oracle 3 - future rolling correlation,test,flag_top_3_loss,120,0.4125856565140239,0.41369411764052966,0.3232482024412901,0.5134945344052243
dax_full,29,250,42,14,252.0,Oracle 3 - future rolling correlation,test,flag_top_6_loss,120,0.3599947635224417,0.3646675912515369,0.31270043795336316,0.41243422603916713
dax_full,29,250,42,14,252.0,Oracle 3 - future rolling correlation,test,flag_nested_loss,120,0.3033951206159513,0.3076793785462659,0.2597116460538332,0.3430844956257005
dax_full,29,250,42,14,252.0,Oracle 3 - future rolling correlation,test,raw_min_eigenvalue,120,5.6468672133504136e-05,5.007283138491682e-05,2.9498782215942116e-05,8.081205158662966e-05
dax_full,29,250,42,14,252.0,Oracle 3 - future rolling correlation,test,raw_max_eigenvalue,120,0.004403065735739669,0.0032732479593842933,0.002851050141288651,0.005622419651646734
dax_full,29,250,42,14,252.0,Oracle 3 - future rolling correlation,test,raw_condition_number,120,101.91402480125905,75.86823479265819,56.579134966065965,93.32143004135021
dax_full,29,250,42,14,252.0,Oracle 3 - future rolling correlation,test,score_eigenvalue_floor,120,4.4030657357396696e-11,3.273247959384293e-11,2.851050141288651e-11,5.622419651646734e-11
dax_full,29,250,42,14,252.0,Oracle 3 - future rolling correlation,test,n_eigenvalues_floored,120,0.0,0.0,0.0,0.0
dax_full,29,250,42,14,252.0,Oracle 3 - future rolling correlation,test,score_condition_number,120,101.91402480125905,75.86823479265819,56.579134966065965,93.32143004135021
dax_full,29,250,42,14,252.0,Oracle 4 - future correlation and scale,test,input_flag_loss,120,4.284638487627456e-16,1.9737298215558337e-16,0.0,6.908054375445418e-16
dax_full,29,250,42,14,252.0,Oracle 4 - future correlation and scale,test,post_reconstruction_flag_loss,120,0.0009124221299607267,0.00033909019011070366,0.00023482043355868877,0.0005017720391776725
dax_full,29,250,42,14,252.0,Oracle 4 - future correlation and scale,test,relative_frobenius,120,0.44143180037339935,0.43547639134984284,0.38570802058517206,0.48115732271809847
dax_full,29,250,42,14,252.0,Oracle 4 - future correlation and scale,test,gaussian_nll_per_asset,120,-7.527943358105416,-7.597986377908517,-7.817134401358447,-7.326321293248978
dax_full,29,250,42,14,252.0,Oracle 4 - future correlation and scale,test,gmv_long_short_variance,120,6.286518107092587e-05,3.323076689942678e-05,2.4041525241789805e-05,6.803834256161846e-05
dax_full,29,250,42,14,252.0,Oracle 4 - future correlation and scale,test,gmv_long_short_annualised_volatility,120,0.11258563932034732,0.09151033380103199,0.07783613788550298,0.13094144617166809
dax_full,29,250,42,14,252.0,Oracle 4 - future correlation and scale,test,gmv_long_only_variance,120,7.093379858533605e-05,3.7198478347999935e-05,2.4975201172762253e-05,8.167407168978625e-05
dax_full,29,250,42,14,252.0,Oracle 4 - future correlation and scale,test,gmv_long_only_annualised_volatility,120,0.11933973212411297,0.09681945437055514,0.07933316264675251,0.14346381448235
dax_full,29,250,42,14,252.0,Oracle 4 - future correlation and scale,test,flag_market_1_loss,120,0.07874911577204996,0.05575328942926838,0.03734780470619892,0.08954184081943883
dax_full,29,250,42,14,252.0,Oracle 4 - future correlation and scale,test,flag_top_3_loss,120,0.2910893184997404,0.2994000881060673,0.21158635532114248,0.37186910232118703
dax_full,29,250,42,14,252.0,Oracle 4 - future correlation and scale,test,flag_top_6_loss,120,0.2828623690444361,0.28566661580967156,0.24476547106927127,0.3296120666688129
dax_full,29,250,42,14,252.0,Oracle 4 - future correlation and scale,test,flag_nested_loss,120,0.21756693443874214,0.21190023676723496,0.18634831849363,0.2516349152739929
dax_full,29,250,42,14,252.0,Oracle 4 - future correlation and scale,test,raw_min_eigenvalue,120,4.628688363208935e-05,3.2762537095040523e-05,2.398903767454635e-05,5.2887906170153864e-05
dax_full,29,250,42,14,252.0,Oracle 4 - future correlation and scale,test,raw_max_eigenvalue,120,0.004479543933358297,0.003170903682736012,0.0023499939953557474,0.005039579500741208
dax_full,29,250,42,14,252.0,Oracle 4 - future correlation and scale,test,raw_condition_number,120,121.07203729169002,100.48930313386369,71.83073639658805,124.5484729099317
dax_full,29,250,42,14,252.0,Oracle 4 - future correlation and scale,test,score_eigenvalue_floor,120,4.479543933358296e-11,3.170903682736012e-11,2.3499939953557473e-11,5.039579500741208e-11
dax_full,29,250,42,14,252.0,Oracle 4 - future correlation and scale,test,n_eigenvalues_floored,120,0.0,0.0,0.0,0.0
dax_full,29,250,42,14,252.0,Oracle 4 - future correlation and scale,test,score_condition_number,120,121.07203729169002,100.48930313386369,71.83073639658805,124.5484729099317
