leading_share,spike_ratio,leading_participation,participation_fraction,effective_rank,component,replicate
0.04103931576519537,5.376150365240594,48.701595536875956,0.3717679048616485,60.765661405789274,market_1,0
0.046760939872662846,6.125683123318833,41.57333141760243,0.31735367494353,69.49295014335391,block_2_3,0
0.023297348832973745,3.0519526971195607,3.9966088053589077,0.030508464163045097,99.03890209644867,block_4_6,0
0.057412431185933234,7.521028485357253,27.741305296291284,0.2117656892846663,65.87809300481986,top_3,0
0.01893912988430387,2.4810260148438066,5.744874555224501,0.04385400423835497,104.74973807229267,top_6,0
0.01981035046366519,2.59515591074014,7.640734235120109,0.05832621553526801,107.70514829936978,flag_nested,0
0.04579585512711724,5.999257021652358,57.19470086529093,0.43660076996405295,59.07694916257278,market_1,1
0.053207434886854636,6.9701739701779575,14.955139956427079,0.11416137371318381,67.72508738777837,block_2_3,1
0.020095719301931565,2.632539228553035,8.164873129517533,0.062327275797843765,99.94685474410623,block_4_6,1
0.06284278946399152,8.23240541978289,13.282219910726544,0.10139099168493546,65.61711502712966,top_3,1
0.020158905633052563,2.640816637929886,10.125880624502184,0.07729679866032202,104.37592650377893,top_6,1
0.022072110908535166,2.891446529018107,14.790878407311723,0.11290746875810476,106.83288456621025,flag_nested,1
0.03705571840643979,4.854299111243613,42.4783951796969,0.3242625586236405,60.87519677756938,market_1,2
0.05528464531736024,7.242288536574192,26.631492070889507,0.20329383260220998,67.02436146522567,block_2_3,2
0.022852177086390955,2.993635198317215,1.8637074656511918,0.014226774546955662,99.49101826143871,block_4_6,2
0.05311289063306469,6.957788672931474,22.596734797185654,0.17249415875714239,68.25830523268819,top_3,2
0.01846425826917292,2.418817833261653,4.207447421620776,0.032117919249013555,104.8953297946519,top_6,2
0.019487288418002548,2.5528347827583335,11.0319245802998,0.08421316473511298,108.52767113897116,flag_nested,2
0.041517648859110814,5.438812000543517,39.217945346013074,0.29937362859551964,60.94630584618209,market_1,3
0.05373342854293609,7.039079139124628,33.81889642894194,0.25815951472474763,66.29074220940115,block_2_3,3
0.0203383481949912,2.6643236135438473,9.941645144581598,0.07589042095100457,100.2872732771141,block_4_6,3
0.0496428964140351,6.503219430238597,38.65325214209552,0.2950629934511108,70.36882573407254,top_3,3
0.01901091100871846,2.490429342142118,14.039443250288123,0.10717132252128338,103.68353413014928,top_6,3
0.02244064627550436,2.9397246620910713,5.041822326116735,0.03848719332913538,106.71712905209519,flag_nested,3
0.04742451802549798,6.2126118613402355,32.943617872180276,0.2514779990242769,58.64573963104647,market_1,4
0.055531849563609036,7.274672292832784,25.968940963332102,0.19823619055978703,67.51202712847626,block_2_3,4
0.019559591576967808,2.562306496582783,13.49046001455487,0.10298061079812877,100.62878866767966,block_4_6,4
0.04715384310441754,6.177153446678697,20.315308484147597,0.15507869071868394,70.23768990181686,top_3,4
0.01801519086691974,2.359990003566486,13.396386477715868,0.10226249219630434,105.13889953995543,top_6,4
0.020272399564681125,2.6556843429732275,14.358362954414742,0.10960582407950185,107.30638692494058,flag_nested,4
0.04176205323055011,5.470828973202064,30.596925610884906,0.2335643176403428,60.29596707922037,market_1,5
0.051557007340053834,6.753967961547052,35.89529097917401,0.274009854802855,67.4916563831614,block_2_3,5
0.019181388553848266,2.512761900554123,19.423095880123963,0.1482679074818623,100.89038446816205,block_4_6,5
0.05642785070224452,7.392048441994032,8.839117336494612,0.06747417814118024,67.38605307092081,top_3,5
0.019270191520984314,2.5243950892489453,9.234477948168776,0.07049219807762425,104.2275084681809,top_6,5
0.021409856626184887,2.80469121803022,18.086626754335256,0.13806585308652866,107.5907439369313,flag_nested,5
0.04589075079584713,6.011688354255974,38.30696070564202,0.29241954737131315,59.93295144555114,market_1,6
0.051462667398401156,6.741609429190551,27.898741020900133,0.21296748870916132,68.86826068834577,block_2_3,6
0.01906148544392438,2.4970545931540937,13.562846965525315,0.10353318294294134,101.57723908668741,block_4_6,6
0.04862761713668137,6.37021784490526,26.369549496883966,0.20129427096857988,70.38906906040006,top_3,6
0.02025007884380826,2.652760328538882,7.639709124118225,0.05831839026044446,103.44343009387248,top_6,6
0.022034643946648048,2.8865383570108945,3.117441224865084,0.02379726125851209,107.01538418556756,flag_nested,6
0.04076542341803618,5.340270467762739,35.65583511024606,0.27218194740645846,60.52266561060511,market_1,7
0.05781313184564465,7.573520271779449,27.748098679109074,0.21181754716877155,66.60596586805711,block_2_3,7
0.019665154419776985,2.576135228990785,12.190894960437667,0.09306026687356998,100.8636225181588,block_4_6,7
0.052248514206862356,6.844555361098969,34.283840231520294,0.2617087040574068,68.35366706099853,top_3,7
0.019343199425500664,2.533959124740587,8.40450421131599,0.06415652069706862,104.71120544011733,top_6,7
0.018629385042323934,2.4404494405444352,26.62675852158299,0.20325769863803808,108.12886707868083,flag_nested,7
0.04323136403418617,5.663308688478388,26.432538449241658,0.20177510266596685,60.54327176501666,market_1,8
0.052767379838800095,6.912526758882812,23.701741574850153,0.18092932499885614,67.9117317861482,block_2_3,8
0.020134613649741614,2.6376343881161515,10.746696626350078,0.08203585210954258,100.73609307228126,block_4_6,8
0.05391243549662258,7.062529050057558,27.18263213305509,0.2075010086492755,68.10347881757633,top_3,8
0.018964091995053358,2.48429605135199,20.60630162443236,0.15730001240024702,104.66723300305321,top_6,8
0.021870571272070746,2.865044836641268,11.182307205185474,0.08536112370370591,107.17504143641139,flag_nested,8
0.040397169110959155,5.292029153535649,43.108959546132425,0.3290760270697132,60.45277483766887,market_1,9
0.04714914230501741,6.176537641957281,22.610887220486145,0.172602192522795,69.96486743901012,block_2_3,9
0.019649788398314706,2.5741222801792265,6.888251654283298,0.05258207369681907,100.72689601763639,block_4_6,9
0.04807701951271165,6.298089556165226,27.466871123297913,0.20967077193357186,69.52989443410598,top_3,9
0.01893321009633104,2.4802505226193663,8.56497304238691,0.06538147360600695,104.18205287227407,top_6,9
0.019473351871817625,2.551009095208109,14.041445164711801,0.1071866043107771,107.53028882534258,flag_nested,9
0.04250964172051483,5.568763065387443,41.77569987605679,0.31889847233631136,59.52652519294175,market_1,10
0.04854171641189113,6.358964849957738,45.30976116708263,0.34587603944337886,69.49323099051166,block_2_3,10
0.020341931997906924,2.664793091725807,7.978542980557142,0.0609049082485278,100.42361688985865,block_4_6,10
0.04776261003114115,6.25690191407949,29.283919251381818,0.22354136833115892,69.54992657003379,top_3,10
0.01882095537777637,2.4655451544887046,7.204640058651582,0.05499725235611894,104.90300474920394,top_6,10
0.020344760456615242,2.665163619816597,20.39372960525546,0.1556773252309577,107.35198822290012,flag_nested,10
0.04138849961707977,5.42189344983745,32.78469517690333,0.25026484867865134,60.410965237418175,market_1,11
0.04926112685548987,6.453207618069173,26.539718986679,0.20259327470747326,69.73458678564583,block_2_3,11
0.02318933664855595,3.0378031009608293,6.451217493131135,0.04924593506206973,98.11054719917412,block_4_6,11
0.06133783554828485,8.035256456825316,14.614262974112545,0.11155925934437058,65.61946263335714,top_3,11
0.01768703139726782,2.3170011130420844,14.68278109933982,0.1120822984682429,104.96002706228082,top_6,11
0.01949966844747237,2.5544565666188803,15.637899883894098,0.1193732815564435,108.14324993406619,flag_nested,11
0.042965053891983046,5.628422059849779,37.024902849274355,0.2826328461776668,60.70775539108622,market_1,12
0.056759204084656956,7.435455735090061,27.685176564670684,0.21133722568450905,66.92922903112344,block_2_3,12
0.02042762347935731,2.6760186757958078,9.678386927281862,0.07388081623879283,99.88452059189146,block_4_6,12
0.05289559515723113,6.929322965597278,26.42408920922983,0.2017106046506094,68.85312244506851,top_3,12
0.01828683750129177,2.395575712669222,9.25501075867271,0.07064893708910466,104.4622800163031,top_6,12
0.02129850232389992,2.7901038044308897,7.8467820375139965,0.05989909952300761,107.23074922827496,flag_nested,12
0.04194120920691558,5.4942984061059414,28.9347526381343,0.22087597433690304,60.884571292899025,market_1,13
0.056832906244523175,7.445110718032536,8.499118485567102,0.06487876706539773,66.08239999648552,block_2_3,13
0.020457564452260456,2.6799409432461196,10.862379772528358,0.08291892956128517,100.7810639384083,block_4_6,13
0.049910052415472014,6.538216866426834,18.696357927313745,0.14272028952147897,69.90504764728925,top_3,13
0.019210289442996617,2.5165479170325566,8.089022138055743,0.061748260595845365,104.80498046376947,top_6,13
0.019547230783826364,2.5606872326812535,32.68718460405269,0.24952049316070754,107.78653276359393,flag_nested,13
0.04130971202788525,5.411572275652968,33.87973284202936,0.25862391482465164,59.99611140680389,market_1,14
0.047706703329710755,6.249578136192109,26.152108593527654,0.1996344167444859,68.83408994341686,block_2_3,14
0.0195436878792081,2.560223112176261,8.85165648625159,0.0675698968416152,101.70980359900106,block_4_6,14
0.05875810452766099,7.69731169312359,29.39240517101983,0.2243695051222888,67.55899796604182,top_3,14
0.021245086057964113,2.7831062735932988,2.9192120211660173,0.022284061230274942,103.60051994942766,top_6,14
0.018604042259582038,2.437129536005247,12.20505164300517,0.09316833315271122,107.32296313109138,flag_nested,14
0.04607710735807967,6.036101063908436,33.26323440821801,0.2539178199100611,59.324748607414975,market_1,15
0.04876775852526989,6.388576366810356,22.835488499324782,0.1743167061017159,67.88305136119509,block_2_3,15
0.021391237987410418,2.802252176350765,3.2992627280990523,0.025185211664878263,99.95550985989858,block_4_6,15
0.05266414716050947,6.899003278026741,18.186280664673465,0.13882656995933942,69.53269832939284,top_3,15
0.019883931025872315,2.6047949643892734,7.86555860907033,0.06004243213030786,104.05347286613093,top_6,15
0.020943049361751554,2.7435394663894535,27.47107319643629,0.20970284882775794,106.16553548264484,flag_nested,15
0.03962892356707866,5.191388987287304,43.396975120119826,0.3312746192375559,60.85656911183172,market_1,16
0.052591456324053786,6.889480778451046,9.771833419163544,0.07459414823788965,67.6826445902526,block_2_3,16
0.0232181536375909,3.0415781265244077,4.783984652045652,0.0365189668095088,100.0158648994913,block_4_6,16
0.04539363882259396,5.946566685759809,29.850001830537405,0.2278626093934153,70.12030907060495,top_3,16
0.018774313390451706,2.4594350541491736,13.730845151631451,0.10481561184451489,104.27421713079828,top_6,16
0.019880917855056596,2.604400239012414,34.263158041069666,0.26155082474098984,108.3064176635924,flag_nested,16
0.03962192057039442,5.190471594721669,41.315264075033284,0.3153836952292617,60.63374504641229,market_1,17
0.05811420889430886,7.61296136515446,3.2405543101341454,0.024737055802550728,66.03586935381082,block_2_3,17
0.01930173697482506,2.528527543702083,6.751851979068603,0.05154085480205041,100.69625637342398,block_4_6,17
0.05407091258956926,7.083289549233573,25.617460290117872,0.19555313198563262,69.55893097467637,top_3,17
0.023452625914702558,3.072293994826035,3.5895729472142404,0.027401320207742292,103.45897852160432,top_6,17
0.019576715536813956,2.564549735322628,15.567225130206566,0.11883377961989745,107.83258532961648,flag_nested,17
0.04311475612329672,5.64803305215187,37.124157271624256,0.2833905135238493,60.41852660490042,market_1,18
0.05058442064738806,6.626559104807836,39.99606366516579,0.30531346309286866,68.51190687188974,block_2_3,18
0.020101621806330072,2.6333124566292394,7.913912698541995,0.06041154731711446,100.29402551690826,block_4_6,18
0.04997782080337733,6.54709452524243,22.966505827044752,0.1753168383743874,69.56987565622052,top_3,18
0.018049760250628044,2.364518592832274,13.862109842664617,0.1058176323867528,104.9205151322493,top_6,18
0.019795773471353455,2.5932463247473025,20.95711551795892,0.15997798105312153,107.23067733232693,flag_nested,18
0.04236393430674105,5.549675394183077,37.837995975007686,0.2888396639313564,59.97991204275714,market_1,19
0.06120780832658466,8.01822289078259,27.194765708803956,0.2075936313649157,65.25280326687728,block_2_3,19
0.01986420769215397,2.60221120767217,10.289523347070098,0.0785459797486267,100.18412758560414,block_4_6,19
0.049229415257648915,6.449053398752008,24.348582830592825,0.18586704450834218,68.93296025405078,top_3,19
0.01871606342506701,2.4518043086837786,6.176494047709663,0.04714880952450124,105.1284137757115,top_6,19
0.02226807651557286,2.9171180235400445,10.165715408267507,0.07760088097914128,106.69940176359951,flag_nested,19
0.04043423449225198,5.29688471848501,38.77456702213597,0.29598906123767915,59.756862601386985,market_1,20
0.061881075685518726,8.106420914802953,15.255351737700963,0.11645306670000735,64.95624302785653,block_2_3,20
0.01928013449195168,2.5256976184456703,9.35103062437961,0.07138191316320314,101.00711835761754,block_4_6,20
0.0519011636328008,6.799052435896905,33.203357203476386,0.2534607420112701,69.28821972889656,top_3,20
0.017825789520608884,2.335178427199764,6.193176578812505,0.04727615709017179,105.07983484175956,top_6,20
0.01803133888928602,2.3621053944964685,12.249558205743504,0.09350807790643896,108.01801431316531,flag_nested,20
0.04393703267512397,5.75575128044124,29.31741514413065,0.22379706216893624,60.367115486315186,market_1,21
0.05796262868129022,7.593104357249019,23.14432188666134,0.1766742128752774,67.25365389465168,block_2_3,21
0.01999005312742976,2.6186969596932985,4.965348900108581,0.03790342671838612,100.49501609786982,block_4_6,21
0.051262189632010534,6.71534684179338,24.93808812671546,0.19036708493675925,68.4583058654719,top_3,21
0.019072145645886347,2.4984510796111112,6.126120110515761,0.04676427565279207,104.81741006463145,top_6,21
0.020186202292531312,2.644392500321602,32.06667480132346,0.24478377710933938,106.54232939635565,flag_nested,21
0.03933452935726939,5.15282334580229,32.51969991577236,0.2482419840898653,59.95674854182161,market_1,22
0.05954458792929752,7.800341018737975,29.684654904044148,0.22660041911484083,65.53360766503934,block_2_3,22
0.020288526072365146,2.657796915479834,11.182248823388228,0.08536067804113151,100.11700683544534,block_4_6,22
0.04963290410504239,6.501910437760553,26.72027194728658,0.2039715415823403,69.38100292644656,top_3,22
0.018740075286117545,2.4549498624813983,16.364136015048363,0.12491706881716308,104.62802940580276,top_6,22
0.019956727322898177,2.614331279299661,11.174806052492086,0.08530386299612279,107.90964964872443,flag_nested,22
0.04296482323448821,5.628391843717956,38.75832468780164,0.2958650739526843,60.469817453692606,market_1,23
0.060214896085672355,7.888151387223078,28.24372289391676,0.215600938121502,66.03365341290268,block_2_3,23
0.01965865823318001,2.575284228546581,12.945202459364925,0.09881833938446508,100.22119322535201,block_4_6,23
0.05200899176776156,6.813177921576765,40.00382071383268,0.30537267720482963,68.3094048014841,top_3,23
0.018986798794624758,2.4872706420958433,3.5738739456979673,0.0272814805015112,104.88110399495366,top_6,23
0.02047735219419366,2.682533137439369,13.634694374521192,0.10408163644672666,107.48830914578934,flag_nested,23
0.04471854067428424,5.858128828331235,46.769411136062736,0.3570184056187995,60.10372978306343,market_1,24
0.052331671636323344,6.855448984358358,34.65116454596817,0.2645127064577723,67.8832609490507,block_2_3,24
0.019844472176985206,2.599625855185062,8.156859541788192,0.062266103372428945,100.22611451784358,block_4_6,24
0.05225746342857329,6.845727709143102,23.904679031462127,0.18247846588902386,69.38072423166648,top_3,24
0.01884500289542897,2.468695379301195,11.215314145521143,0.08561308508031407,104.24876075583352,top_6,24
0.019516502285506044,2.556661799401292,8.673222370898552,0.06620780435800422,107.29234416205762,flag_nested,24
0.04471680964993341,5.8579020641412765,37.44353343643117,0.2858284995147417,59.62921882038152,market_1,25
0.04720914543831819,6.184398052419683,26.169576742578094,0.1997677613937259,65.813358551108,block_2_3,25
0.02128156971031347,2.7878856320510645,9.217009189013027,0.0703588487710918,100.03952666468875,block_4_6,25
0.06976462589317661,9.139165992006136,2.5734800473021138,0.019644885857268046,62.593968596600114,top_3,25
0.018769533812351327,2.4588089294180238,11.834111611980019,0.09033672986244289,104.66830209252649,top_6,25
0.021278020119345837,2.7874206356343048,30.604952190983166,0.2336255892441463,107.1282356281939,flag_nested,25
0.041427081652536064,5.426947696482224,42.44692942044742,0.3240223619881482,60.29576036656576,market_1,26
0.0555654004431779,7.279067458056304,18.472210391148945,0.1410092396270912,67.15553279148762,block_2_3,26
0.023093993640460313,3.0253131669003013,8.342426244177371,0.06368264308532344,100.16876372202485,block_4_6,26
0.0558472939658185,7.3159955095222235,18.425189181291856,0.14065029909383095,66.54077784912299,top_3,26
0.018488722273609048,2.422022617842785,22.37729739493649,0.17081906408348466,105.27954260197599,top_6,26
0.01947450625871164,2.551160319891225,31.965214840440435,0.24400927359114835,108.19854674744813,flag_nested,26
0.04267392022174205,5.590283549048209,34.07539218344071,0.2601174975835169,59.771031162853795,market_1,27
0.053160538943860254,6.964030601645693,27.58876158807318,0.21060123349674184,67.28466272327269,block_2_3,27
0.02443682092485073,3.2012235411554455,2.2262681034899714,0.01699441300374024,99.35671199791373,block_4_6,27
0.05898205114169652,7.7266486995622445,17.827108596271113,0.13608479844481766,67.93893252884105,top_3,27
0.018238919180162586,2.3892984126012986,23.4035167463344,0.17865279959033895,105.09056358137306,top_6,27
0.019699659177897465,2.580655352304568,16.232206708052125,0.12390997487062691,107.40475910570797,flag_nested,27
0.04112197196531797,5.386978327456655,43.158580379756344,0.32945481205920873,60.22456198082105,market_1,28
0.04916358760045691,6.440429975659855,45.29925377763033,0.3457958303635903,68.3722689807554,block_2_3,28
0.01960390888705108,2.568112064203692,12.007035086526782,0.09165675638570063,100.88967772410247,block_4_6,28
0.05352950232443668,7.012364804501205,39.591593108193976,0.302225901589267,69.18660855083137,top_3,28
0.01806438564349029,2.3664345192972283,7.6538220068667835,0.05842612218982277,104.76230673320933,top_6,28
0.02023783751927803,2.651156715025422,11.717542096864095,0.08944688623560378,107.24967408530749,flag_nested,28
0.04163547531479646,5.454247266238336,40.728275396691394,0.3109028656235984,60.47221423548472,market_1,29
0.04939389970150625,6.470600860897318,30.988406132030306,0.23655271856511684,68.39334794732825,block_2_3,29
0.020267849378314967,2.6550882685592607,10.560313869555223,0.080613082973704,100.47439764283946,block_4_6,29
0.05414002747153242,7.092343598770746,32.98154768010118,0.2517675395427571,68.88030086297498,top_3,29
0.018618909351733978,2.439077125077151,8.850668981022165,0.067562358633757,105.09258764339951,top_6,29
0.028817816191117784,3.7751339210364296,1.9439916748449737,0.014839631105686823,104.46144447920508,flag_nested,29
0.04940815320650054,6.472468070051571,31.526828550182298,0.2406628133601702,58.77894878151635,market_1,30
0.062481303386986466,8.185050743695227,10.666269023332102,0.08142190094146642,64.77275211177337,block_2_3,30
0.019844436719156207,2.599621210209463,12.260573347207592,0.09359216295578314,101.02463963138966,block_4_6,30
0.04526419453908179,5.929609484619714,14.768975763420352,0.1127402730032088,70.61816088872177,top_3,30
0.01924206501892747,2.5207105174794986,10.381078460069352,0.07924487374098742,103.62846766123747,top_6,30
0.02018850911272448,2.644694693766907,17.245618562746916,0.1316459432270757,107.29848822013996,flag_nested,30
0.042213438504661145,5.52996044411061,39.08701086479526,0.29837412873889513,60.190511880660075,market_1,31
0.05417826574952218,7.097352813187405,33.30202085558915,0.25421389966098584,67.97074470502386,block_2_3,31
0.019981155901993296,2.6175314231611218,6.13697211016618,0.046847115344780005,100.22392802636311,block_4_6,31
0.05255298676699913,6.884441266476886,27.600549912163217,0.21069122070353602,68.96786805679098,top_3,31
0.018345324871991964,2.4032375582309475,10.129049514649179,0.07732098866144411,104.74402044421454,top_6,31
0.019154904401153954,2.509292476551168,9.89646094558037,0.07554550340137688,107.52474825261949,flag_nested,31
0.04131552605842421,5.412333913653571,37.49157870103057,0.28619525725977535,61.178921013057455,market_1,32
0.05095360481008137,6.674922230120659,24.77711400767478,0.1891382748677464,67.50140410337758,block_2_3,32
0.020196972820450076,2.64580343947896,9.60854577308068,0.07334767765710443,100.59352966643571,block_4_6,32
0.05420378667780522,7.100696054792484,25.0550646391006,0.19126003541298167,68.70378498277854,top_3,32
0.019256350448238493,2.5225819087192427,4.778085710239841,0.0364739367193881,104.312907915541,top_6,32
0.02064065890539315,2.7039263166065024,10.870043679662604,0.08297743266918019,107.40295644355567,flag_nested,32
0.0408593277680201,5.352571937610633,23.74688617612828,0.18127394027578841,60.311827103788886,market_1,33
0.057380784368546545,7.516882752279598,17.898761134798562,0.13663176438777527,66.24977241650119,block_2_3,33
0.0197407596692486,2.586039516671567,10.116797089153778,0.07722745869583036,99.94703537126074,block_4_6,33
0.05222108630156624,6.840962305505177,19.34570589671776,0.1476771442497539,69.12442018768284,top_3,33
0.019437563613037907,2.546320833307966,10.393589905048769,0.07934038095457076,104.54109317231202,top_6,33
0.019907169495522594,2.6078392039134597,17.620035690147578,0.13450408923776777,108.08417139389864,flag_nested,33
0.04045726054917354,5.299901131941734,27.14384100685023,0.20720489318206284,59.58352308885342,market_1,34
0.055871466110639374,7.319162060493758,11.635524758555098,0.0888207996836267,67.07496706800349,block_2_3,34
0.020409547296283775,2.6736506958131745,4.232756429166596,0.032311117779897675,99.71366897542921,block_4_6,34
0.05281948937307936,6.9193531078733965,24.85800562469506,0.18975576812744321,68.6224798270541,top_3,34
0.017895495346775894,2.3443098904276423,11.962778822517604,0.09131892230929468,104.6709760169644,top_6,34
0.019774657070919282,2.590480076290426,16.59632069099277,0.12668947092360894,107.55315329465648,flag_nested,34
0.04299649783858402,5.6325412168545075,32.97566269822204,0.2517226160169621,60.05314930952165,market_1,35
0.053687777207798375,7.033098814221587,32.2090962099536,0.2458709634347603,67.15780362893868,block_2_3,35
0.019216194101650475,2.517321427316212,10.550335740695717,0.08053691405111234,101.80271018357905,block_4_6,35
0.05008087781760091,6.56059499410572,27.24804219520283,0.20800032210078498,68.7185352545045,top_3,35
0.019621896048240113,2.5704683823194547,17.34450233149417,0.13240078115644405,104.04799221305676,top_6,35
0.019142386583980583,2.5076526425014563,32.242607580076076,0.24612677542042805,108.1237005250547,flag_nested,35
0.04273418088215076,5.598177695561749,33.41407049610025,0.2550692404282462,60.103689586123046,market_1,36
0.05692780843127772,7.457542904497381,27.495149235629384,0.20988663538648386,66.41749978991706,block_2_3,36
0.01997550171268899,2.6167907243622577,13.476368135415324,0.1028730392016437,101.18341643838254,block_4_6,36
0.06206360163401791,8.130331814056346,13.896891290396088,0.10608313962134418,66.5083373240505,top_3,36
0.018999583558970117,2.4889454462250855,7.715552665455396,0.05889734859126257,104.51959369273374,top_6,36
0.02101800812417217,2.7533590642665544,17.99264793260943,0.13734845750083535,107.12748562006095,flag_nested,36
0.04800355478241464,6.288465676496317,46.90534738864846,0.3580560869362478,57.95886516422294,market_1,37
0.060211959671987794,7.887766717030401,26.84887496875423,0.20495324403629184,65.58970174660936,block_2_3,37
0.02043877486639115,2.6774795074972406,5.868604255083282,0.044798505763994516,100.70397974764697,block_4_6,37
0.05846182113799422,7.658498569077243,15.770580101946274,0.12038610764844485,65.81994274718916,top_3,37
0.018514497460603352,2.425399167339039,19.05164313055561,0.14543239030958482,104.08039965515036,top_6,37
0.019474473159646587,2.551155983913703,19.30404353260465,0.14735911093591333,107.73926312975716,flag_nested,37
0.04204764397601881,5.508241360858464,34.15173031451701,0.2607002314085268,60.1350584404656,market_1,38
0.050890109195812855,6.666604304651484,18.296831716984695,0.13967047112202058,68.45509572815601,block_2_3,38
0.020278103948240676,2.6564316172195284,8.97898143529046,0.06854184301748444,100.43199794645236,block_4_6,38
0.05370619597265456,7.035511672417747,14.059747064340982,0.10732631346825178,69.49968572076452,top_3,38
0.018480004727885444,2.4208806193529933,15.5381887166292,0.11861212760785649,104.91152279742597,top_6,38
0.020805659161525405,2.725541350159828,21.61376524880946,0.16499057441839282,107.18364380352902,flag_nested,38
0.04507682414736954,5.90506396330541,41.20106639660044,0.31451195722595754,59.66863339097036,market_1,39
0.057580024174843314,7.542983166904474,16.320709504858126,0.12458556873937501,66.41312964131963,block_2_3,39
0.020876025216928395,2.73475930341762,12.523293591804425,0.09559766100614064,99.77893247126315,block_4_6,39
0.047736948708189474,6.253540280772821,22.52897182145317,0.17197688413323028,69.87279350931274,top_3,39
0.018789914839870567,2.4614788440230444,12.029675820840708,0.09182958641863136,105.00625582549515,top_6,39
0.02023087585853437,2.6502447374680025,28.677901146083,0.2189152759242977,107.73109323645883,flag_nested,39
0.04407894275961736,5.774341501509874,47.11303448722703,0.35964148463532086,59.87112824541344,market_1,40
0.04823544025711107,6.318842673681551,31.839036195789113,0.24304607783045123,68.87161485105976,block_2_3,40
0.020034722658023543,2.624548668201084,9.52835608658152,0.07273554264566046,101.16362127360591,block_4_6,40
0.057637318687237635,7.55048874802813,10.194147254932568,0.0778179179765845,66.75164750100241,top_3,40
0.01748233870658775,2.2901863705629952,11.235420044676141,0.08576656522653543,104.90864704692397,top_6,40
0.018613152606256737,2.4383229914196325,5.815315064144498,0.04439171804690456,107.32876609331305,flag_nested,40
0.04254737126498277,5.573705635712743,41.83372602043281,0.3193414200033039,59.31958382595286,market_1,41
0.053580262285681246,7.019014359424244,32.36156711587813,0.24703486347998574,68.30285090253817,block_2_3,41
0.019828171406388203,2.5974904542368544,14.645718449402457,0.11179937747635463,99.92067416254015,block_4_6,41
0.06545162216791978,8.57416250399749,6.97239174045576,0.05322436443096,63.456923480400334,top_3,41
0.018591691434833163,2.4355115779631444,6.83931894426093,0.052208541559243746,105.31542252219879,top_6,41
0.01897850225914012,2.4861837959473556,9.543601662519302,0.0728519210879336,107.7028364016892,flag_nested,41
0.044492995632470354,5.8285824278536165,35.19633759444636,0.2686743327820333,59.7582064543805,market_1,42
0.055751551069007955,7.303453190040043,25.998636892649397,0.19846287704312518,66.7211018007635,block_2_3,42
0.019150884005794455,2.5087658047590735,17.56053212453642,0.13404986354607953,100.83963736670614,block_4_6,42
0.05100829822024443,6.68208706685202,26.496019855330044,0.20225969355213774,69.36198425879286,top_3,42
0.01825600368871599,2.391536483221795,3.8092439929053086,0.02907819841912449,105.1908740563995,top_6,42
0.021987634491587763,2.880380118397997,13.008613712291819,0.09930239475031923,106.77954155625883,flag_nested,42
0.04751289715236509,6.224189526959827,38.169212871096285,0.2913680371839411,59.41736646968976,market_1,43
0.05191164167879171,6.800425059921714,31.970685582492646,0.2440510349808599,68.79655467388594,block_2_3,43
0.019663005672046825,2.575853743038134,7.204182193982243,0.05499375720597132,100.78262166990075,block_4_6,43
0.052461369424075616,6.872439394553906,25.95785575025448,0.19815157061262964,69.10060012976865,top_3,43
0.01868696422263852,2.447992313165646,7.612280953917802,0.058109014915403066,104.50437860257405,top_6,43
0.02173202182827318,2.8468948595037866,7.676532035205033,0.05859948118477124,106.27781354245933,flag_nested,43
0.03823042698688581,5.00818593528204,39.35203853916521,0.3003972407569863,60.54828031857116,market_1,44
0.052996436469109065,6.942533177453288,13.045135855093323,0.09958118973353682,67.784919323188,block_2_3,44
0.02127067308576723,2.786458174235507,5.169672627413573,0.039463149827584525,99.77020093707539,block_4_6,44
0.04995252310657951,6.543780526961916,40.04724843743241,0.3057041865452856,69.80832652546583,top_3,44
0.018358349174255002,2.404943741827405,11.616302967164364,0.08867406845163636,104.95686055546571,top_6,44
0.02043133685913604,2.6765051285468213,37.56032518883373,0.2867200396094178,107.48155352331595,flag_nested,44
0.041825261076576345,5.479109201031501,34.80575709675016,0.2656928022652684,59.69346707624444,market_1,45
0.05677625579256349,7.437689508825818,28.650966521518885,0.21870966810319759,66.87991396148769,block_2_3,45
0.02209592231746841,2.8945658235883616,4.772392421171606,0.036430476497493175,100.0066552986667,block_4_6,45
0.05467671628684556,7.1626498335767685,15.500862011844996,0.11832719093011447,67.27274351841712,top_3,45
0.021409415759083433,2.8046334644399296,1.9497061158775089,0.014883252792958082,103.72362678639615,top_6,45
0.0204501678850194,2.6789719929375413,26.67903565730028,0.20365676074275021,107.7505287892083,flag_nested,45
0.0434753079813946,5.695265345562693,33.73458892467426,0.25751594598987987,59.64054339867464,market_1,46
0.0501913808141316,6.57507088665124,27.88146391104897,0.21283560237441962,68.55935176993401,block_2_3,46
0.019207307129686445,2.5161572339889244,18.346184275545497,0.14004720821027097,101.00168281979367,block_4_6,46
0.05163930815016333,6.764749367671396,7.68282236190165,0.05864749894581412,69.99347132221519,top_3,46
0.019127978971437653,2.5057652452583326,10.404082744580434,0.07942047896626285,103.77768405440787,top_6,46
0.018832048094588084,2.466998300391039,11.775576151455803,0.08988989428592216,107.44155791248416,flag_nested,46
0.04856424546290876,6.3619161556410475,38.47191392416778,0.2936787322455556,59.56819777478662,market_1,47
0.06117240943972301,8.013585636603715,6.689866319322244,0.051067681826887354,63.8217426541913,block_2_3,47
0.02184278237786682,2.8614044915005534,6.970848308550837,0.053212582508021654,100.18381958374964,block_4_6,47
0.05136310930615638,6.728567319106486,21.840888608675215,0.1667243405242383,68.35433483439583,top_3,47
0.020583433915547015,2.696429842936659,5.9500850794898845,0.04542049678999912,104.06287121582874,top_6,47
0.01883785051366484,2.467758417290094,7.285523420394418,0.05561468259843067,107.71876742671667,flag_nested,47
0.03791569093395384,4.966955512347953,35.358451796764506,0.2699118457768283,61.11127069703934,market_1,48
0.06323887912257231,8.284293165056972,3.6223274084350066,0.027651354262862644,63.645305908204065,block_2_3,48
0.01956792021652736,2.563397548365084,14.208820387207656,0.10846427776494394,100.60887788627826,block_4_6,48
0.05355713069439435,7.01598412096566,16.830122485212577,0.12847421744437082,68.07604781532805,top_3,48
0.01785182263087337,2.3385887646444115,10.819327705006355,0.08259028782447599,104.45940394003921,top_6,48
0.021015826244442346,2.753073238021947,17.30798390625192,0.13212201455154138,107.16881346413783,flag_nested,48
0.041848062725032636,5.482096216979276,37.46456587877193,0.28598905250970935,59.39935504348423,market_1,49
0.052774809534605276,6.913500049033291,38.57331459244439,0.2944527831484305,67.41893576536383,block_2_3,49
0.020780284656126687,2.722217289952596,6.654168945412683,0.05079518278940979,100.56555577693395,block_4_6,49
0.04558119869210756,5.9711370286660905,33.24464917908303,0.2537759479319315,70.46149196058785,top_3,49
0.019207017559766594,2.5161193003294238,6.385237879280262,0.048742273887635586,104.74953363847816,top_6,49
0.019726714494428338,2.584199598770112,13.590663009986999,0.10374551916020609,107.95708420929702,flag_nested,49
0.03816132484279055,4.999133554405562,43.55949337834668,0.3325152166286006,59.5567745863819,market_1,50
0.049966040648731724,6.5455513249838555,30.41124187340365,0.23214688452979887,68.88627858281691,block_2_3,50
0.020671331863437205,2.7079444741102736,10.15533455287876,0.0775216378082348,99.71122759641005,block_4_6,50
0.050046619103230744,6.556107102523227,18.352900575905743,0.14009847767866979,70.02359959143938,top_3,50
0.018817535829986045,2.465097193728172,7.930731789451522,0.060539937324057415,104.4401943693753,top_6,50
0.02265151201317274,2.967348073725629,13.667141408102498,0.10432932372597327,106.57738764672071,flag_nested,50
0.0436978344034988,5.724416306858343,37.84474022744552,0.28889114677439326,59.94778693391337,market_1,51
0.052839985812266864,6.92203814140696,21.799601703650524,0.16640917331030933,67.29683507321477,block_2_3,51
0.022897286233579717,2.999544496598943,4.763964250440214,0.03636613931633751,99.56331535229614,block_4_6,51
0.05109512157282337,6.693460926039862,33.11807641708701,0.2528097436418856,68.9776405161716,top_3,51
0.018615645270116467,2.4386495303852573,17.99533041531764,0.13736893446807358,104.80504139081013,top_6,51
0.023723327546956746,3.1077559086513338,4.651967766224523,0.0355112043223246,105.91118006079638,flag_nested,51
0.044564123715080554,5.8379002066755525,43.72091437616616,0.3337474379860012,59.79899711163765,market_1,52
0.058987019809403775,7.727299595031894,19.281241721692297,0.14718505131062823,64.72313757635693,block_2_3,52
0.01956370981491758,2.562845985754203,8.647651255127583,0.06601260500097392,100.66790684449757,block_4_6,52
0.04734902361219721,6.202722093197834,25.753428713587404,0.1965910588823466,70.58116700062993,top_3,52
0.01853481536627464,2.4280608129819776,9.867807796175057,0.07532677707003861,104.5071234380914,top_6,52
0.021175080202940757,2.7739355065852394,15.233756444173041,0.11628821713109191,106.652281153685,flag_nested,52
0.04025166892387956,5.272968629028222,35.426083971733625,0.27042812192163074,60.34845802347205,market_1,53
0.05260458826563724,6.891201062798479,35.313708113897,0.2695702909457786,67.66024641081746,block_2_3,53
0.019966838645234755,2.615655862525753,12.694710540455475,0.09690618733172118,100.46570918699952,block_4_6,53
0.05883423934824372,7.707285354619928,27.19056564923263,0.20756156984147048,66.27635239153297,top_3,53
0.01837083498349002,2.406579382837193,13.867939709583197,0.105862135187658,105.04046524921183,top_6,53
0.02015485564546495,2.6402860895559086,30.538975672290082,0.23312195169687086,107.28283897539379,flag_nested,53
0.04125745303897323,5.404726348105493,36.39052685711744,0.27779028135204153,60.19357043126846,market_1,54
0.05635018192531333,7.381873832216047,18.348208383953526,0.14006265941949256,67.88765953912652,block_2_3,54
0.01993223669956837,2.6111230076434566,12.455635846926931,0.09508118967119795,101.46726095368997,block_4_6,54
0.04767471055493591,6.245387082696604,30.0660225604343,0.22951162259873512,70.43880845953659,top_3,54
0.020786654762381254,2.723051773871944,4.080575552611522,0.0311494316993246,103.59922371549222,top_6,54
0.01958817557944255,2.566051000906974,11.849160799427837,0.09045160915593768,106.48373511374453,flag_nested,54
0.04333257737677413,5.676567636357411,38.70769478402244,0.2954785861375759,60.25034791848385,market_1,55
0.058551227272624726,7.670210772713839,20.281367699439713,0.15481960075908177,66.43732945615449,block_2_3,55
0.0203491478468167,2.665738367932988,8.21463854304367,0.06270716445071503,100.33050093453285,block_4_6,55
0.05248629092771223,6.875704111530302,32.74954700669895,0.24999654203586982,68.80151106545553,top_3,55
0.01925099432228592,2.5218802562194558,6.334865445322837,0.048357751491014025,103.9829592441684,top_6,55
0.01932020252927256,2.5309465313347057,20.915740312458595,0.15966213978976027,107.6908244679921,flag_nested,55
0.047220385353400084,6.185870481295411,40.302611872951914,0.30765352574772453,58.57565310092814,market_1,56
0.054749002713426004,7.172119355458807,19.95667716604515,0.15234104706904694,67.49750380532326,block_2_3,56
0.019138506884981095,2.5071444019325235,9.167686834974992,0.0699823422517175,101.02053431172718,block_4_6,56
0.05318012349576243,6.9665961779448775,22.516589111098284,0.17188235962670445,67.67621556332075,top_3,56
0.018356108735274254,2.404650244320927,6.301013812913912,0.04809934208331231,104.50339132493059,top_6,56
0.022235023210010106,2.912788040511324,4.789950119510845,0.03656450472909042,107.2232946843303,flag_nested,56
0.0411947578558642,5.39651327911821,22.79386159717441,0.173998943489881,60.80172689130052,market_1,57
0.05237816884080426,6.861540118145358,20.371765439461168,0.15550965984321502,67.68498937555096,block_2_3,57
0.019853132127999315,2.60076030876791,5.262396476728764,0.04017096547121194,100.80015652868575,block_4_6,57
0.053294563872046175,6.981587867238049,21.561008071360156,0.16458784787297828,68.87916752320216,top_3,57
0.018113829701787557,2.37291169093417,15.770305755157954,0.12038401339815233,105.35862931520145,top_6,57
0.01884071108721883,2.4681331524256667,23.179592817059305,0.1769434566187733,107.49883432076383,flag_nested,57
0.0410575312257293,5.378536590570538,25.04577025295982,0.19118908590045663,60.628341201201316,market_1,58
0.04590439994174398,6.013476392368461,26.583198509557743,0.20292517946227284,69.73836116161372,block_2_3,58
0.01985782798232831,2.6013754656850088,4.084131573693433,0.031176576898423156,100.41102575954686,block_4_6,58
0.0616139678887017,8.071429793419924,7.381520089752056,0.05634748160116073,65.26919894080349,top_3,58
0.01873960235718413,2.4548879087911213,10.980690863806418,0.08382206766264441,104.92800342463545,top_6,58
0.017940655142023088,2.3502258236050246,22.343115788871486,0.1705581357929121,107.67567027127036,flag_nested,58
0.03882954623742348,5.086670557102476,46.787367788614674,0.3571554793024021,61.42013320959521,market_1,59
0.054577621120485385,7.149668366783586,24.54568973331877,0.1873716773535784,66.306553043166,block_2_3,59
0.019686196127406495,2.578891692690251,13.078124517419074,0.09983301158335171,100.48893925527945,block_4_6,59
0.05617947195931817,7.35951082667068,27.271943793456302,0.20818277704928476,67.26751927139088,top_3,59
0.018441994528768973,2.4159012832687354,13.887930401568065,0.10601473588983255,104.40600247532706,top_6,59
0.018562060740906883,2.4316299570588016,10.60060490867923,0.08092064815785673,107.5417370463248,flag_nested,59
0.04233282011290031,5.54559943478994,36.394146602255354,0.2778179129943157,60.4678389259622,market_1,60
0.05822838899429219,7.627918958252277,21.02071186901365,0.16046344938178358,66.34724878066469,block_2_3,60
0.022167315847037017,2.903918375961849,4.324300575082372,0.03300992805406391,100.19763404521352,block_4_6,60
0.046961199473981884,6.1519171310916265,23.63246137814921,0.18040046853549013,70.22910759306153,top_3,60
0.018542985205323357,2.4291310618973596,12.031638281178408,0.09184456703189624,104.72461312294982,top_6,60
0.022412065406904828,2.9359805683045326,12.304858769476187,0.09393021961432203,106.26717532110568,flag_nested,60
0.03985453552578474,5.2209441538778005,40.9923130510547,0.3129184202370588,60.719360597231436,market_1,61
0.05519292190321754,7.230272769321498,32.76847810171796,0.2501410542115875,65.2501919189034,block_2_3,61
0.02002281528342714,2.622988802128955,8.242314799200228,0.06291843358168113,100.70765563338384,block_4_6,61
0.04854059416332513,6.358817835395592,41.75110245113137,0.31871070573382726,71.06036845156927,top_3,61
0.018573308734206248,2.4331034441810186,5.208327197810498,0.03975822288404961,105.1912633657865,top_6,61
0.02044605793885734,2.6784335899903113,14.441091312721989,0.11023733826505334,106.63209330079593,flag_nested,61
0.042822563745356056,5.609755850641643,37.742463093893996,0.28811040529690074,60.29887768785426,market_1,62
0.06280072077977517,8.226894422150547,12.10409762993338,0.09239769183155251,64.14015435705944,block_2_3,62
0.021144403665925255,2.769916880236208,9.220788630821277,0.07038769947191814,100.51870032623513,block_4_6,62
0.05705879773126113,7.474702502795208,30.035595546219174,0.22927935531465019,67.93318941877811,top_3,62
0.018207893532010126,2.3852340526933267,10.812228897418532,0.08253609845357658,104.32326670692896,top_6,62
0.020176131181604468,2.643073184790185,10.65688973386848,0.08135030331197313,107.65128742280422,flag_nested,62
0.048627531269137235,6.370206596256978,30.133350292853986,0.23002557475461058,59.345371466955314,market_1,63
0.049998518966121216,6.549805984561879,21.326490836721398,0.1627976399749725,69.24462651579621,block_2_3,63
0.019403196568486998,2.541818750471797,11.31378272147387,0.08636475359903718,101.48174364376989,block_4_6,63
0.0510308640891439,6.685043195677851,24.115126735275904,0.1840849369105031,69.06651715012575,top_3,63
0.019043362319292434,2.494680463827309,9.44136101072079,0.07207145809710527,104.58400918391676,top_6,63
0.02336560515156659,3.0608942748552233,3.7354932233868774,0.028515215445701354,106.55757518795588,flag_nested,63
0.039659659281036035,5.1954153658157205,42.201450091238165,0.32214847397891727,60.18461220491776,market_1,64
0.04927109075437271,6.4545128888228245,38.484775104803724,0.29377690919697497,68.61211386988684,block_2_3,64
0.020397078869153047,2.672017331859049,9.731746674425024,0.07428814255286277,99.93631705908858,block_4_6,64
0.056216274775764796,7.3643319956251885,16.890125353159117,0.12893225460426808,66.72310417661154,top_3,64
0.018598152028730296,2.4363579157636686,6.272122371271678,0.047878796727264715,104.81286791314491,top_6,64
0.020287123074091497,2.6576131227059863,18.521084047235114,0.1413823209712604,107.39940107738386,flag_nested,64
0.037396604691193935,4.8989552145464055,31.81602234234848,0.24287039955991205,61.24693087244188,market_1,65
0.053546506502319464,7.0145923518038495,28.166608050593545,0.21501227519537058,68.59185380999665,block_2_3,65
0.01950467939488468,2.555113000729893,7.557647281518455,0.05769196398105691,101.33166329983919,block_4_6,65
0.05083704001799734,6.659652242357652,9.349088598590527,0.07136708853885898,70.27883794908934,top_3,65
0.018329346960336376,2.401144451804065,10.725030644055709,0.08187046293172297,104.11477131674019,top_6,65
0.020537968974531157,2.6904739356635816,8.529601458422741,0.06511146151467741,107.06112395051333,flag_nested,65
0.04243181246170138,5.558567432482881,40.22419649829806,0.30705493510151194,59.99063866219776,market_1,66
0.07012993209760816,9.18702110478667,5.992512923675825,0.04574437346317424,61.804892369196125,block_2_3,66
0.020438072207346832,2.677387459162435,8.325424664685528,0.06355286003576739,100.48890851676019,block_4_6,66
0.05529488965266902,7.243630544499642,18.103500668121367,0.13819466158871271,67.26148690594792,top_3,66
0.01936292070655048,2.536542612558113,6.188940652053458,0.04724382177140044,104.90086445822209,top_6,66
0.019672296395748114,2.577070827843003,16.599064267787206,0.1267104142579176,107.19703591571928,flag_nested,66
0.039064488284027546,5.117447965207608,45.118495830889096,0.3444159987090771,61.364230334036755,market_1,67
0.049687459733764365,6.509057225123132,22.95689715362894,0.17524348972235831,67.56447854250374,block_2_3,67
0.02022595294283356,2.6495998355111965,20.78255952502676,0.15864549255745616,99.88841299960043,block_4_6,67
0.04679868459952252,6.13062768253745,35.72994215565064,0.27274765004313467,69.16994093819467,top_3,67
0.018221946358890816,2.387074973014697,10.903513549097697,0.08323292785570761,104.90043761400023,top_6,67
0.02591552469837079,3.3949337354865734,2.0104970525839967,0.015347305744916006,105.9451035791139,flag_nested,67
0.039685518157952945,5.198802878691835,42.97173601746646,0.32802851921730125,60.51317757547643,market_1,68
0.04962351751745622,6.500680794786765,28.642142875431365,0.21864231202619364,68.43093802472666,block_2_3,68
0.021723586431387006,2.8457898225116978,4.218179281920165,0.03219984184671881,99.46935374475783,block_4_6,68
0.049216919984595243,6.447416517981977,17.226700116587644,0.13150152760753928,70.53057106725198,top_3,68
0.01804476296545965,2.363863948475214,16.409588307532374,0.12526403288192653,104.8905611753068,top_6,68
0.01901126115784891,2.490475211678207,10.690297778610036,0.08160532655427509,107.76807889027184,flag_nested,68
0.03726227727732141,4.881358323329105,38.8695613356592,0.2967142086691542,61.383089559385716,market_1,69
0.04872277898310274,6.3826840467864585,31.07252543602947,0.2371948506567135,69.91199191895134,block_2_3,69
0.02012418997779357,2.6362688870909574,13.93677891694702,0.10638762532020626,100.0347742730961,block_4_6,69
0.05465193062750682,7.159402912203393,14.327254612022006,0.10936835581696187,68.61626910225358,top_3,69
0.018410692904097595,2.411800770436785,8.077901890252202,0.06166337320803207,104.91036385151031,top_6,69
0.019203127930714214,2.515609758923562,24.562586797060053,0.1875006625729775,107.77832095517073,flag_nested,69
0.041760083719713834,5.470570967282512,46.61413103615561,0.35583306134469933,60.670211267175574,market_1,70
0.05438864069458785,7.124911930991008,17.57178979033719,0.1341357999262381,67.80807624042372,block_2_3,70
0.019339489028846704,2.5334730627789184,14.820938094225891,0.11313693201699153,100.8166862822766,block_4_6,70
0.05796415736989924,7.5933046154568,8.227810479823374,0.06280771358643797,67.8055075946676,top_3,70
0.018983993296566696,2.4869031218502373,8.202404972474993,0.06261377841583964,103.99882014075187,top_6,70
0.019707831001664747,2.581725861218082,4.235066403450656,0.03232875117137905,107.87335974555832,flag_nested,70
0.037500568816269016,4.912574514931241,35.44724700542529,0.2705896717971396,60.61922407504583,market_1,71
0.052871354573710845,6.926147449156121,15.833418672711655,0.12086579139474546,67.33545958073951,block_2_3,71
0.02068011233182327,2.7090947154688485,10.743722384733134,0.0820131479750621,99.77053932920657,block_4_6,71
0.059824134793118974,7.836961657898586,16.047651665637208,0.12250115775295578,66.90656268120448,top_3,71
0.018267026395902688,2.3929804578632523,14.463260341216152,0.11040656749019964,104.21439908218787,top_6,71
0.024036977979367692,3.148844115297168,3.159138153243062,0.02411555842170276,106.55692926946108,flag_nested,71
0.040446417536460375,5.298480697276309,38.408453258808244,0.2931942996855591,60.149662453425826,market_1,72
0.05350163334228434,7.008713967839248,30.036502743030848,0.22928628048115152,66.7920653825566,block_2_3,72
0.019159845810882307,2.5099398012255825,11.904625739065448,0.09087500564172098,100.2846300718757,block_4_6,72
0.053268825102369556,6.978216088410412,26.61734185897888,0.20318581571739602,68.04195369384172,top_3,72
0.018580390670005772,2.434031177770756,12.908995707533995,0.09854195196590836,104.6355509987603,top_6,72
0.01965265488023049,2.574497789310194,20.109375522527312,0.15350668337807108,107.69474718889329,flag_nested,72
0.043587431782940105,5.709953563565153,28.583872610901025,0.21819750084657272,59.57045379485186,market_1,73
0.0531373220565632,6.960989189409779,19.488429835231077,0.14876663996359601,68.2005973396591,block_2_3,73
0.020989665711597934,2.7496462082193296,11.125035649228693,0.08492393625365414,100.05849579199919,block_4_6,73
0.06032504385945157,7.902580745588155,5.606572917163724,0.042798266543234535,66.42686178112373,top_3,73
0.01885091688284966,2.4694701116533055,12.65999416075757,0.09664117679967611,104.46532072041217,top_6,73
0.019587642323911716,2.5659811444324347,8.404899387937197,0.06415953731249768,107.45061715427377,flag_nested,73
0.03806920154227019,4.987065402037395,49.08038089221074,0.3746593961237461,60.82856872777467,market_1,74
0.058900864651074074,7.716013269290704,18.43587147319477,0.1407318433068303,65.5000654033786,block_2_3,74
0.020947884718031676,2.7441728980621494,9.737936844962787,0.07433539576307471,99.70113309547065,block_4_6,74
0.04628011237338269,6.062694720913132,15.163974749140705,0.11575553243618858,69.93243049391758,top_3,74
0.018567391282978827,2.432328258070226,18.897159294864526,0.14425312438827884,104.58720132468521,top_6,74
0.020498448507379804,2.685296754466754,5.412251765992577,0.041314898977042575,107.15406298531676,flag_nested,74
0.041204766522636015,5.397824414465318,33.65914606768997,0.256940046318244,60.0811416469909,market_1,75
0.052732744970128934,6.90798959108689,28.604126914979354,0.21835211385480421,68.34341282082832,block_2_3,75
0.020079474374364862,2.630411143041797,11.098466144635099,0.08472111560790152,100.73832676711376,block_4_6,75
0.05200513194530851,6.812672284835415,17.717849800353573,0.1352507618347601,69.09171506858469,top_3,75
0.018383693984714147,2.4082639119975533,10.377934113995533,0.07922087109920255,104.77372097565959,top_6,75
0.0183614074077197,2.4053443704112807,19.674907187721292,0.15019013120397934,108.11210030203783,flag_nested,75
0.04134013421465417,5.415557582119696,38.98142951500729,0.2975681642366969,59.882207161433094,market_1,76
0.046804239773382675,6.13135541031313,18.72404312968697,0.14293162694417533,68.85921882359912,block_2_3,76
0.019675073585035473,2.577434639639647,9.820541811659968,0.07496596802793869,100.1952115872154,block_4_6,76
0.04962330385595179,6.500652805129684,24.1794824399456,0.18457620183164578,71.0629772497056,top_3,76
0.01862167102778884,2.439438904640338,9.930699200053146,0.0758068641225431,104.19896681976681,top_6,76
0.022961377053328805,3.0079403939860736,3.3947733007171648,0.02591430000547454,105.21667602596982,flag_nested,76
0.0455964844935007,5.973139468648592,45.620010136740824,0.34824435218886124,59.68616071415171,market_1,77
0.049666565035538894,6.506320019655595,32.1394267553391,0.2453391355369397,66.84449740400242,block_2_3,77
0.020469273736176786,2.681474859439159,16.9104256995211,0.12908721908031373,99.78999889333188,block_4_6,77
0.05194743029948861,6.805113369233008,33.25901259604062,0.25388559233618796,69.25526728930578,top_3,77
0.01967222312921819,2.577061229927583,4.0192138349461155,0.030681021640810043,104.77249246232299,top_6,77
0.01968226686098482,2.5783769587890113,7.589116678660833,0.05793218838672392,107.58857519588351,flag_nested,77
0.04566736650007132,5.982425011509343,26.95130922899933,0.20573518495419338,58.50960809775807,market_1,78
0.05012258757358994,6.566058972140283,16.414523912611216,0.12530170925657416,68.28863309018816,block_2_3,78
0.023481459353732182,3.076071175338916,6.114009274455808,0.046671826522563416,99.42135841613657,block_4_6,78
0.048975485428569686,6.415788591142629,28.0401477125099,0.214046929103129,69.92776235373282,top_3,78
0.0194019650163593,2.5416574171430684,15.086263980559785,0.11516232046228844,103.93712030250683,top_6,78
0.020100442025437627,2.6331579053323293,30.20565163971505,0.23057749343293932,107.63628619821594,flag_nested,78
0.042913034064236695,5.621607462415007,41.28093192311536,0.31512161773370506,60.28350516503822,market_1,79
0.053290031027006385,6.980994064537836,27.86532902116605,0.21271243527607672,66.95497639387372,block_2_3,79
0.021051282263570007,2.757717976527671,14.6382452968371,0.11174233051020688,99.6591623532034,block_4_6,79
0.05225945586323269,6.845988718083483,18.716806444120003,0.14287638506961833,69.33349266410092,top_3,79
0.018425613027763736,2.4137553066370496,6.450792427543571,0.049242690286592145,104.64751650031272,top_6,79
0.02253221857850776,2.9517206337845163,5.217348728646201,0.039827089531650386,106.89095099144767,flag_nested,79
0.04308199012529301,5.643740706413385,36.68669735031034,0.28005112481152933,59.43170953393969,market_1,80
0.059439268749437627,7.7865442061763295,17.156295741805422,0.13096408963210246,65.70635028596374,block_2_3,80
0.020289957431970155,2.6579844235880903,11.655109656394547,0.08897030272056906,101.01572543622193,block_4_6,80
0.05214484522873819,6.830974724964703,27.647614923025294,0.21105049559561292,67.93240404282697,top_3,80
0.018919265599851916,2.478423793580601,16.231217621441413,0.12390242459115583,104.65062125767179,top_6,80
0.020539862397497256,2.6907219740721406,10.523718918164667,0.08033373219973028,107.37355589906562,flag_nested,80
0.04551149435596634,5.96200576063159,38.4786544567165,0.29373018669249235,60.23240234733404,market_1,81
0.05554822736747714,7.276817785139505,17.508263267160196,0.13365086463481066,67.10761400700555,block_2_3,81
0.020549797318484924,2.692023448721525,15.142792889024422,0.11559383884751467,99.85916956894258,block_4_6,81
0.04852416262839793,6.356665304320129,21.4730789131031,0.16391663292445116,68.50477369915878,top_3,81
0.018331883080788963,2.401476683583354,5.869346155677064,0.04480416912730584,104.68000950687272,top_6,81
0.01921472027352337,2.5171283558315616,24.23689872574055,0.1850144940896225,108.1323710762254,flag_nested,81
0.042981438873326845,5.630568492405817,42.221843681379575,0.32230415023953873,59.48353183198863,market_1,82
0.04730087807213005,6.196415027449037,32.949267938022714,0.25152112929788334,68.5987999370658,block_2_3,82
0.01964467962451901,2.5734530308119905,6.689867426174344,0.05106769027614003,100.64305619227224,block_4_6,82
0.04829404417002374,6.32651978627311,20.87232174434455,0.15933070033850802,70.52890528237135,top_3,82
0.017950153164038737,2.3514700644890745,18.948267053152918,0.1446432599477322,104.65489977898393,top_6,82
0.019759387203087068,2.5884797236044057,20.62887061880966,0.15747229480007374,107.84300642484938,flag_nested,82
0.042124098651646694,5.518256923365717,22.828511001672865,0.17426344276086156,60.11142032549191,market_1,83
0.05565947256714296,7.291390906295728,16.089229215790734,0.12281854363199034,66.73330586308872,block_2_3,83
0.0197419693741587,2.5861979880147894,13.728309674680242,0.1047962570586278,100.83468754997729,block_4_6,83
0.050738882780286876,6.64679364421758,29.04496190459584,0.2217172664472965,70.4296152810119,top_3,83
0.018303924587886756,2.397814121013165,8.779838355613704,0.06702166683674583,104.71551729049875,top_6,83
0.018876909963216462,2.4728752051813565,24.840776921947334,0.18962425131257507,107.42428005086222,flag_nested,83
0.04190004057749754,5.488905315652178,48.080579095478875,0.3670273213395334,60.80157420549872,market_1,84
0.056948918007348165,7.46030825896261,20.85289029935906,0.1591823686973974,66.5373869488083,block_2_3,84
0.020588569007315274,2.697102539958301,7.67857249444025,0.05861505720946755,100.42469638285392,block_4_6,84
0.04853673296170076,6.3583120179828,43.2334474529092,0.3300263164344214,70.64723948960442,top_3,84
0.020202896316108318,2.6465794174101895,4.93643230165582,0.03768268932561695,103.55231429891167,top_6,84
0.018623758368047767,2.4397123462142574,25.563307600367036,0.19513975267455752,107.98590934504045,flag_nested,84
0.04506592700101656,5.903636437133169,36.501789824069746,0.2786396169776317,58.71846559599139,market_1,85
0.05445452348783069,7.13354257690582,24.198023479578207,0.18471773648532983,67.38087848143596,block_2_3,85
0.022181580542644058,2.9057870510863717,3.3216814952705658,0.025356347292141722,99.39075033734274,block_4_6,85
0.05224217531439427,6.84372496618565,23.56873578743324,0.17991401364452855,69.61710422039711,top_3,85
0.01992545582475283,2.6102347130426207,5.981711284728672,0.045661918204035666,104.82454114077441,top_6,85
0.019676538371821334,2.577626526708595,22.020079297493748,0.16809220837781486,107.66250475319815,flag_nested,85
0.0401834267034249,5.264028898148663,32.57240148839598,0.2486442861709617,60.473345554867954,market_1,86
0.05988973191608925,7.845554881007692,9.464912103898316,0.07225123743433828,66.55661853501522,block_2_3,86
0.021069256386087244,2.760072586577429,14.681034561418548,0.11206896611769884,99.69385208275074,block_4_6,86
0.04871584516940383,6.381775717191902,21.792949423305473,0.16635839254431659,70.61995151735235,top_3,86
0.018423013638803328,2.413414786683236,11.108058066753964,0.08479433638743483,104.7906460267894,top_6,86
0.019685473706963774,2.5787970556122546,3.9958820914399724,0.030502916728549406,106.7131894826472,flag_nested,86
0.04363354776315579,5.715994756973409,37.84833299535796,0.28891857248364855,60.117102730079075,market_1,87
0.0581721957037732,7.620557637194289,7.072310512033804,0.053987103145296214,66.08896550304901,block_2_3,87
0.020423596927504867,2.6754911975031375,10.365049422530639,0.0791225146758064,100.84641202957904,block_4_6,87
0.05072323881075106,6.644744284208389,17.513506831195073,0.13369089184118377,69.04356039278721,top_3,87
0.01864002664249322,2.4418434901666117,8.388777820445096,0.06403647191179462,104.52778906679833,top_6,87
0.02065126405838632,2.705315591648608,12.66170732917027,0.0966542544211471,107.36553512959371,flag_nested,87
0.04111773019447539,5.386422655476276,31.695317003602106,0.24194898476032142,60.72331515446392,market_1,88
0.0602650750331145,7.894724829337999,25.086448674956273,0.19149960820577308,65.92767487957656,block_2_3,88
0.019636259428960173,2.5723499851937826,20.84152207722726,0.1590955883757806,100.50412551412529,block_4_6,88
0.059724697020150555,7.823935309639722,12.29603231595062,0.09386284210649329,65.57950232315025,top_3,88
0.018674000784076994,2.446294102714086,7.054061863490696,0.0538478004846618,104.92828772640006,top_6,88
0.020040449101203464,2.625298832257654,22.31640412640873,0.17035422997258573,107.4408341901025,flag_nested,88
0.0397256863832892,5.204064916210886,37.38024410787031,0.285345374869239,60.88236065377928,market_1,89
0.05947581032491518,7.791331152563889,11.899150327420834,0.09083320860626591,65.98504090743116,block_2_3,89
0.020546359177067656,2.6915730521958627,9.848362543376787,0.075178340025777,100.2667132100309,block_4_6,89
0.05010422352245661,6.563653281441816,20.01894191499672,0.15281635049615816,69.80937976108055,top_3,89
0.01874830262070105,2.4560276433118378,6.221909874396543,0.047495495224401094,105.2072298423149,top_6,89
0.01862499748952625,2.4398746711279387,24.59556470686787,0.18775240234250282,107.94037626571689,flag_nested,89
0.041408173263031735,5.424470697457157,39.89322006198627,0.3045283974197425,60.90922807976293,market_1,90
0.058141268213159444,7.6165061359238875,24.700314083219293,0.18855201590243736,65.41774191398336,block_2_3,90
0.01953557495668811,2.5591603193261423,10.963652708907196,0.08369200541150532,101.63042928114123,block_4_6,90
0.054255948162051294,7.107529209228719,24.2651872768705,0.18523043722801907,68.3754496160171,top_3,90
0.01935398560553001,2.535372114324431,8.296893766140416,0.06333506691710242,104.58907882564147,top_6,90
0.019103543270712543,2.5025641684633433,22.30483414848624,0.1702659095304293,107.89284098450501,flag_nested,90
0.037967104054890136,4.973690631190608,44.35969469963646,0.338623623661347,60.64111088066277,market_1,91
0.057621982705228225,7.548479734384897,29.16235242584023,0.2226133772964903,65.36825627952754,block_2_3,91
0.02006561286579756,2.6285952854194803,7.263422398019859,0.05544597250396839,100.32314627914826,block_4_6,91
0.05079638584061325,6.654326545120336,24.124289322210018,0.1841548803222139,69.34032057190707,top_3,91
0.01849923922360945,2.423400338292838,5.698416963244383,0.04349936613163651,104.89410009343788,top_6,91
0.019116418356172286,2.5042508046585694,22.408919183856252,0.17106045178516224,107.65376058038306,flag_nested,91
0.040409489691987766,5.293643149650397,41.31408225593293,0.3153746737094117,60.55832722985814,market_1,92
0.0456369430714162,5.978439542355522,30.69955623270457,0.2343477575015616,71.27105504808813,block_2_3,92
0.021374713828182616,2.8000875114919226,8.790852870247008,0.0671057471011222,100.38558716056716,block_4_6,92
0.045194920322730356,5.920534562277677,33.12242350526431,0.2528429275211016,72.11982826119103,top_3,92
0.018050704896978326,2.364642341504161,7.553007839870861,0.05765654839596077,105.34338358006141,top_6,92
0.02079871482147995,2.724631641613873,10.38164900935568,0.07924922907905099,107.18004445056827,flag_nested,92
0.04055901279791257,5.313230676526547,37.65615091250142,0.2874515336832169,60.411198882796626,market_1,93
0.05416783481758413,7.095986361103521,20.34314209251397,0.15529116101155702,67.39017635353198,block_2_3,93
0.01971628058168048,2.582832756200143,8.149616691204983,0.06221081443667926,101.65903270506072,block_4_6,93
0.052885947306226685,6.928059097115696,50.39554724861645,0.3846988339589042,69.83927961538171,top_3,93
0.018104230666508014,2.3716542173125497,10.71184864259807,0.08176983696639749,104.88001953064793,top_6,93
0.01865367361515516,2.4436312435853256,6.060302978678513,0.04626185479907262,107.49182935411197,flag_nested,93
0.047568630593037904,6.231490607687966,26.302472831003488,0.20078223535117168,59.7418490538183,market_1,94
0.055412029465932995,7.258975860037222,13.901722244762317,0.1061200171355902,67.28359213570596,block_2_3,94
0.020066425428090902,2.628701731079908,11.345051716768241,0.08660344821960489,101.06542767830848,block_4_6,94
0.050807262878330484,6.655751437061293,19.71253375163874,0.15047735688273847,69.06774993039467,top_3,94
0.019644917715388975,2.573484220715956,3.401296467332112,0.025964095170474138,104.18788296599647,top_6,94
0.020486237078952547,2.6836970573427834,13.163669231566894,0.10048602466844958,107.65230967936765,flag_nested,94
0.04464613062104802,5.8486431113572905,42.68244992771702,0.3258202284558551,58.84260844446093,market_1,95
0.05091320602307967,6.669629989023437,8.08881570922358,0.061746684803233434,67.94820520827719,block_2_3,95
0.019373598414145855,2.537941392253107,13.963149507579837,0.10658892753877738,100.83949002809004,block_4_6,95
0.04981928222367713,6.526325971301704,34.7250455784641,0.26507668380506944,69.62117060525645,top_3,95
0.018053153351752452,2.364963089079571,14.530192557049423,0.11091750043549178,105.09484149312213,top_6,95
0.01834396547277129,2.403059476933039,24.544693486423366,0.18736407241544553,107.98661744034251,flag_nested,95
0.039424826905548736,5.164652324626885,37.77768876332,0.2883793035367939,60.21145030845298,market_1,96
0.0601242330722848,7.876274532469309,10.214043721094894,0.07796979939767094,64.36947112696018,block_2_3,96
0.01956097529533963,2.5624877636894916,7.418104423427968,0.056626751323877615,100.79660651937635,block_4_6,96
0.05598339051368417,7.333824157292627,21.286303867912718,0.16249086922070777,68.33078507060888,top_3,96
0.018502892091138586,2.4238788639391546,5.40818111628803,0.0412838253151758,104.34557143020902,top_6,96
0.020185860448026453,2.6443477186914652,5.235171717775016,0.039963142883778745,107.64549910165807,flag_nested,96
0.03934517415662816,5.154217814518288,35.82220491164643,0.27345194589043076,59.75160399306653,market_1,97
0.06151892816750622,8.058979589943315,9.15273790547803,0.06986822828609184,65.1507601838281,block_2_3,97
0.020989552895022613,2.7496314292479624,7.230219892238284,0.05519251826136095,99.8891870328697,block_4_6,97
0.05556133537719301,7.278534934412284,14.203034386630488,0.10842010982160678,67.26471238128829,top_3,97
0.018372755044500262,2.4068309108295343,14.316140875602658,0.10928351813437143,104.35899872008568,top_6,97
0.021822657414404763,2.858768121287024,12.117339099899672,0.09249877175495932,107.43979283315564,flag_nested,97
0.04126204276470995,5.405327602177003,26.542797514272642,0.20261677491811178,59.578394179517886,market_1,98
0.04904121774908899,6.424399525130657,25.771655072913898,0.1967301913962893,67.73549255137625,block_2_3,98
0.019701078391902847,2.580841269339273,9.858988847358374,0.07525945685006392,100.17747190881417,block_4_6,98
0.054170685344766586,7.0963597801644225,17.8860536321903,0.136534760551071,69.42717915837717,top_3,98
0.018355309160977877,2.4045455000881018,6.571341410527058,0.0501629115307409,104.95763002873854,top_6,98
0.020435624392879034,2.6770667954671534,19.513384930154814,0.1489571368714108,107.82680662933971,flag_nested,98
