estimator,label,N,T,split,alpha,current_date,target_window_start,target_date,example,component,loss
3.1 Global Damping,dax_full,29,250,test,0.1,2019-11-11,2019-01-17,2020-01-15,342,market_1,0.00252714068754345
3.1 Global Damping,dax_full,29,250,test,0.1,2019-11-11,2019-01-17,2020-01-15,342,block_2_3,0.055910263889830114
3.1 Global Damping,dax_full,29,250,test,0.1,2019-11-11,2019-01-17,2020-01-15,342,block_4_6,0.11512063262002714
3.1 Global Damping,dax_full,29,250,test,0.1,2019-11-11,2019-01-17,2020-01-15,342,top_3,0.03797636665961157
3.1 Global Damping,dax_full,29,250,test,0.1,2019-11-11,2019-01-17,2020-01-15,342,top_6,0.04690588853309204
3.1 Global Damping,dax_full,29,250,test,0.1,2019-11-11,2019-01-17,2020-01-15,342,flag_nested,0.02913646529341569
3.1 Global Damping,dax_full,29,250,test,0.1,2019-11-29,2019-02-06,2020-02-04,343,market_1,0.004099482938214938
3.1 Global Damping,dax_full,29,250,test,0.1,2019-11-29,2019-02-06,2020-02-04,343,block_2_3,0.03238366871265119
3.1 Global Damping,dax_full,29,250,test,0.1,2019-11-29,2019-02-06,2020-02-04,343,block_4_6,0.2708714685917495
3.1 Global Damping,dax_full,29,250,test,0.1,2019-11-29,2019-02-06,2020-02-04,343,top_3,0.021902062314962684
3.1 Global Damping,dax_full,29,250,test,0.1,2019-11-29,2019-02-06,2020-02-04,343,top_6,0.13570021061928625
3.1 Global Damping,dax_full,29,250,test,0.1,2019-11-29,2019-02-06,2020-02-04,343,flag_nested,0.05390058529082129
3.1 Global Damping,dax_full,29,250,test,0.1,2019-12-19,2019-02-26,2020-02-24,344,market_1,0.0041615758863234875
3.1 Global Damping,dax_full,29,250,test,0.1,2019-12-19,2019-02-26,2020-02-24,344,block_2_3,0.05715137627775102
3.1 Global Damping,dax_full,29,250,test,0.1,2019-12-19,2019-02-26,2020-02-24,344,block_4_6,0.08920231965569266
3.1 Global Damping,dax_full,29,250,test,0.1,2019-12-19,2019-02-26,2020-02-24,344,top_3,0.038090160731210077
3.1 Global Damping,dax_full,29,250,test,0.1,2019-12-19,2019-02-26,2020-02-24,344,top_6,0.038559653064209755
3.1 Global Damping,dax_full,29,250,test,0.1,2019-12-19,2019-02-26,2020-02-24,344,flag_nested,0.026937129893914436
3.1 Global Damping,dax_full,29,250,test,0.1,2020-01-15,2019-03-18,2020-03-13,345,market_1,0.010964005998941095
3.1 Global Damping,dax_full,29,250,test,0.1,2020-01-15,2019-03-18,2020-03-13,345,block_2_3,0.09257500620351145
3.1 Global Damping,dax_full,29,250,test,0.1,2020-01-15,2019-03-18,2020-03-13,345,block_4_6,0.1952149426648971
3.1 Global Damping,dax_full,29,250,test,0.1,2020-01-15,2019-03-18,2020-03-13,345,top_3,0.059541574627843374
3.1 Global Damping,dax_full,29,250,test,0.1,2020-01-15,2019-03-18,2020-03-13,345,top_6,0.08623668770554287
3.1 Global Damping,dax_full,29,250,test,0.1,2020-01-15,2019-03-18,2020-03-13,345,flag_nested,0.05224742277744245
3.1 Global Damping,dax_full,29,250,test,0.1,2020-02-04,2019-04-05,2020-04-02,346,market_1,0.00980857105335553
3.1 Global Damping,dax_full,29,250,test,0.1,2020-02-04,2019-04-05,2020-04-02,346,block_2_3,0.08134956008823291
3.1 Global Damping,dax_full,29,250,test,0.1,2020-02-04,2019-04-05,2020-04-02,346,block_4_6,0.1241751638592244
3.1 Global Damping,dax_full,29,250,test,0.1,2020-02-04,2019-04-05,2020-04-02,346,top_3,0.05276097672696819
3.1 Global Damping,dax_full,29,250,test,0.1,2020-02-04,2019-04-05,2020-04-02,346,top_6,0.0528597689705399
3.1 Global Damping,dax_full,29,250,test,0.1,2020-02-04,2019-04-05,2020-04-02,346,flag_nested,0.03847643891695454
3.1 Global Damping,dax_full,29,250,test,0.1,2020-02-24,2019-04-29,2020-04-24,347,market_1,0.014780274327906406
3.1 Global Damping,dax_full,29,250,test,0.1,2020-02-24,2019-04-29,2020-04-24,347,block_2_3,0.024505054394625914
3.1 Global Damping,dax_full,29,250,test,0.1,2020-02-24,2019-04-29,2020-04-24,347,block_4_6,0.20229780545408493
3.1 Global Damping,dax_full,29,250,test,0.1,2020-02-24,2019-04-29,2020-04-24,347,top_3,0.014011736239806597
3.1 Global Damping,dax_full,29,250,test,0.1,2020-02-24,2019-04-29,2020-04-24,347,top_6,0.1049744082220599
3.1 Global Damping,dax_full,29,250,test,0.1,2020-02-24,2019-04-29,2020-04-24,347,flag_nested,0.04458880626325764
3.1 Global Damping,dax_full,29,250,test,0.1,2020-03-13,2019-05-20,2020-05-15,348,market_1,0.006694021230838398
3.1 Global Damping,dax_full,29,250,test,0.1,2020-03-13,2019-05-20,2020-05-15,348,block_2_3,0.049536519127184264
3.1 Global Damping,dax_full,29,250,test,0.1,2020-03-13,2019-05-20,2020-05-15,348,block_4_6,0.11718669867011829
3.1 Global Damping,dax_full,29,250,test,0.1,2020-03-13,2019-05-20,2020-05-15,348,top_3,0.03246187210971504
3.1 Global Damping,dax_full,29,250,test,0.1,2020-03-13,2019-05-20,2020-05-15,348,top_6,0.054012872089598485
3.1 Global Damping,dax_full,29,250,test,0.1,2020-03-13,2019-05-20,2020-05-15,348,flag_nested,0.031056255143383976
3.1 Global Damping,dax_full,29,250,test,0.1,2020-04-02,2019-06-07,2020-06-05,349,market_1,0.0031494886592636773
3.1 Global Damping,dax_full,29,250,test,0.1,2020-04-02,2019-06-07,2020-06-05,349,block_2_3,0.0436877078106066
3.1 Global Damping,dax_full,29,250,test,0.1,2020-04-02,2019-06-07,2020-06-05,349,block_4_6,0.16160855688268047
3.1 Global Damping,dax_full,29,250,test,0.1,2020-04-02,2019-06-07,2020-06-05,349,top_3,0.029119656981753266
3.1 Global Damping,dax_full,29,250,test,0.1,2020-04-02,2019-06-07,2020-06-05,349,top_6,0.07884837629074755
3.1 Global Damping,dax_full,29,250,test,0.1,2020-04-02,2019-06-07,2020-06-05,349,flag_nested,0.037039173977254834
3.1 Global Damping,dax_full,29,250,test,0.1,2020-04-24,2019-06-28,2020-06-25,350,market_1,0.002200580813382147
3.1 Global Damping,dax_full,29,250,test,0.1,2020-04-24,2019-06-28,2020-06-25,350,block_2_3,0.040767227966272856
3.1 Global Damping,dax_full,29,250,test,0.1,2020-04-24,2019-06-28,2020-06-25,350,block_4_6,0.24278997450029452
3.1 Global Damping,dax_full,29,250,test,0.1,2020-04-24,2019-06-28,2020-06-25,350,top_3,0.02713516147526714
3.1 Global Damping,dax_full,29,250,test,0.1,2020-04-24,2019-06-28,2020-06-25,350,top_6,0.12196942097689645
3.1 Global Damping,dax_full,29,250,test,0.1,2020-04-24,2019-06-28,2020-06-25,350,flag_nested,0.050435054421848584
3.1 Global Damping,dax_full,29,250,test,0.1,2020-05-15,2019-07-18,2020-07-15,351,market_1,0.0016083184725124156
3.1 Global Damping,dax_full,29,250,test,0.1,2020-05-15,2019-07-18,2020-07-15,351,block_2_3,0.07995061422488625
3.1 Global Damping,dax_full,29,250,test,0.1,2020-05-15,2019-07-18,2020-07-15,351,block_4_6,0.1588262743423344
3.1 Global Damping,dax_full,29,250,test,0.1,2020-05-15,2019-07-18,2020-07-15,351,top_3,0.05353227661512413
3.1 Global Damping,dax_full,29,250,test,0.1,2020-05-15,2019-07-18,2020-07-15,351,top_6,0.07715237758292497
3.1 Global Damping,dax_full,29,250,test,0.1,2020-05-15,2019-07-18,2020-07-15,351,flag_nested,0.04409765755685383
3.1 Global Damping,dax_full,29,250,test,0.1,2020-06-05,2019-08-07,2020-08-04,352,market_1,0.0029352668150822714
3.1 Global Damping,dax_full,29,250,test,0.1,2020-06-05,2019-08-07,2020-08-04,352,block_2_3,0.06253161340297209
3.1 Global Damping,dax_full,29,250,test,0.1,2020-06-05,2019-08-07,2020-08-04,352,block_4_6,0.17283056749364198
3.1 Global Damping,dax_full,29,250,test,0.1,2020-06-05,2019-08-07,2020-08-04,352,top_3,0.041612496953374954
3.1 Global Damping,dax_full,29,250,test,0.1,2020-06-05,2019-08-07,2020-08-04,352,top_6,0.08466759570893319
3.1 Global Damping,dax_full,29,250,test,0.1,2020-06-05,2019-08-07,2020-08-04,352,flag_nested,0.04307178649246347
3.1 Global Damping,dax_full,29,250,test,0.1,2020-06-25,2019-08-27,2020-08-24,353,market_1,0.0014771741407916261
3.1 Global Damping,dax_full,29,250,test,0.1,2020-06-25,2019-08-27,2020-08-24,353,block_2_3,0.14614058988287182
3.1 Global Damping,dax_full,29,250,test,0.1,2020-06-25,2019-08-27,2020-08-24,353,block_4_6,0.3399929520866623
3.1 Global Damping,dax_full,29,250,test,0.1,2020-06-25,2019-08-27,2020-08-24,353,top_3,0.09767512214987306
3.1 Global Damping,dax_full,29,250,test,0.1,2020-06-25,2019-08-27,2020-08-24,353,top_6,0.13508381232879563
3.1 Global Damping,dax_full,29,250,test,0.1,2020-06-25,2019-08-27,2020-08-24,353,flag_nested,0.07807870287315344
3.1 Global Damping,dax_full,29,250,test,0.1,2020-07-15,2019-09-16,2020-09-11,354,market_1,0.0032029143193905707
3.1 Global Damping,dax_full,29,250,test,0.1,2020-07-15,2019-09-16,2020-09-11,354,block_2_3,0.37605046526947794
3.1 Global Damping,dax_full,29,250,test,0.1,2020-07-15,2019-09-16,2020-09-11,354,block_4_6,0.4589779007211725
3.1 Global Damping,dax_full,29,250,test,0.1,2020-07-15,2019-09-16,2020-09-11,354,top_3,0.2504125836688414
3.1 Global Damping,dax_full,29,250,test,0.1,2020-07-15,2019-09-16,2020-09-11,354,top_6,0.130123020731153
3.1 Global Damping,dax_full,29,250,test,0.1,2020-07-15,2019-09-16,2020-09-11,354,flag_nested,0.12791283957312832
3.1 Global Damping,dax_full,29,250,test,0.1,2020-08-04,2019-10-07,2020-10-01,355,market_1,0.0016136206967952704
3.1 Global Damping,dax_full,29,250,test,0.1,2020-08-04,2019-10-07,2020-10-01,355,block_2_3,0.35368991237365
3.1 Global Damping,dax_full,29,250,test,0.1,2020-08-04,2019-10-07,2020-10-01,355,block_4_6,0.33320789560383623
3.1 Global Damping,dax_full,29,250,test,0.1,2020-08-04,2019-10-07,2020-10-01,355,top_3,0.23589234966584835
3.1 Global Damping,dax_full,29,250,test,0.1,2020-08-04,2019-10-07,2020-10-01,355,top_6,0.07246222991376294
3.1 Global Damping,dax_full,29,250,test,0.1,2020-08-04,2019-10-07,2020-10-01,355,flag_nested,0.10332273342546887
3.1 Global Damping,dax_full,29,250,test,0.1,2020-08-24,2019-10-25,2020-10-21,356,market_1,0.0026496378684177646
3.1 Global Damping,dax_full,29,250,test,0.1,2020-08-24,2019-10-25,2020-10-21,356,block_2_3,0.284472280022117
3.1 Global Damping,dax_full,29,250,test,0.1,2020-08-24,2019-10-25,2020-10-21,356,block_4_6,0.252159514757959
3.1 Global Damping,dax_full,29,250,test,0.1,2020-08-24,2019-10-25,2020-10-21,356,top_3,0.18926740323152572
3.1 Global Damping,dax_full,29,250,test,0.1,2020-08-24,2019-10-25,2020-10-21,356,top_6,0.08978619906310496
3.1 Global Damping,dax_full,29,250,test,0.1,2020-08-24,2019-10-25,2020-10-21,356,flag_nested,0.09390108005434948
3.1 Global Damping,dax_full,29,250,test,0.1,2020-09-11,2019-11-14,2020-11-10,357,market_1,0.002091251454352072
3.1 Global Damping,dax_full,29,250,test,0.1,2020-09-11,2019-11-14,2020-11-10,357,block_2_3,0.12405293351903157
3.1 Global Damping,dax_full,29,250,test,0.1,2020-09-11,2019-11-14,2020-11-10,357,block_4_6,0.13455625906848553
3.1 Global Damping,dax_full,29,250,test,0.1,2020-09-11,2019-11-14,2020-11-10,357,top_3,0.08285745774464326
3.1 Global Damping,dax_full,29,250,test,0.1,2020-09-11,2019-11-14,2020-11-10,357,top_6,0.05769207934732604
3.1 Global Damping,dax_full,29,250,test,0.1,2020-09-11,2019-11-14,2020-11-10,357,flag_nested,0.047546929515440456
3.1 Global Damping,dax_full,29,250,test,0.1,2020-10-01,2019-12-04,2020-11-30,358,market_1,0.0022567701929016026
3.1 Global Damping,dax_full,29,250,test,0.1,2020-10-01,2019-12-04,2020-11-30,358,block_2_3,0.21509417717405432
3.1 Global Damping,dax_full,29,250,test,0.1,2020-10-01,2019-12-04,2020-11-30,358,block_4_6,0.19210886780241823
3.1 Global Damping,dax_full,29,250,test,0.1,2020-10-01,2019-12-04,2020-11-30,358,top_3,0.14394112291625571
3.1 Global Damping,dax_full,29,250,test,0.1,2020-10-01,2019-12-04,2020-11-30,358,top_6,0.04550509357178963
3.1 Global Damping,dax_full,29,250,test,0.1,2020-10-01,2019-12-04,2020-11-30,358,flag_nested,0.06390099556031566
3.1 Global Damping,dax_full,29,250,test,0.1,2020-10-21,2019-12-27,2020-12-18,359,market_1,0.001701900369195486
3.1 Global Damping,dax_full,29,250,test,0.1,2020-10-21,2019-12-27,2020-12-18,359,block_2_3,0.1314232035492905
3.1 Global Damping,dax_full,29,250,test,0.1,2020-10-21,2019-12-27,2020-12-18,359,block_4_6,0.17790769718226507
3.1 Global Damping,dax_full,29,250,test,0.1,2020-10-21,2019-12-27,2020-12-18,359,top_3,0.08814772003410927
3.1 Global Damping,dax_full,29,250,test,0.1,2020-10-21,2019-12-27,2020-12-18,359,top_6,0.06135413790058264
3.1 Global Damping,dax_full,29,250,test,0.1,2020-10-21,2019-12-27,2020-12-18,359,flag_nested,0.05040125276796246
3.1 Global Damping,dax_full,29,250,test,0.1,2020-11-10,2020-01-20,2021-01-13,360,market_1,0.0010707338991111648
3.1 Global Damping,dax_full,29,250,test,0.1,2020-11-10,2020-01-20,2021-01-13,360,block_2_3,0.032307571010208425
3.1 Global Damping,dax_full,29,250,test,0.1,2020-11-10,2020-01-20,2021-01-13,360,block_4_6,0.11679671888454927
3.1 Global Damping,dax_full,29,250,test,0.1,2020-11-10,2020-01-20,2021-01-13,360,top_3,0.021841414795765218
3.1 Global Damping,dax_full,29,250,test,0.1,2020-11-10,2020-01-20,2021-01-13,360,top_6,0.059429287497198224
3.1 Global Damping,dax_full,29,250,test,0.1,2020-11-10,2020-01-20,2021-01-13,360,flag_nested,0.027447145397358205
3.1 Global Damping,dax_full,29,250,test,0.1,2020-11-30,2020-02-07,2021-02-02,361,market_1,0.0016195425030006705
3.1 Global Damping,dax_full,29,250,test,0.1,2020-11-30,2020-02-07,2021-02-02,361,block_2_3,0.22568240527464534
3.1 Global Damping,dax_full,29,250,test,0.1,2020-11-30,2020-02-07,2021-02-02,361,block_4_6,0.21316243285276423
3.1 Global Damping,dax_full,29,250,test,0.1,2020-11-30,2020-02-07,2021-02-02,361,top_3,0.150850098165099
3.1 Global Damping,dax_full,29,250,test,0.1,2020-11-30,2020-02-07,2021-02-02,361,top_6,0.04770153633780868
3.1 Global Damping,dax_full,29,250,test,0.1,2020-11-30,2020-02-07,2021-02-02,361,flag_nested,0.06672372566863612
3.1 Global Damping,dax_full,29,250,test,0.1,2020-12-18,2020-02-27,2021-02-22,362,market_1,0.0034592765501725298
3.1 Global Damping,dax_full,29,250,test,0.1,2020-12-18,2020-02-27,2021-02-22,362,block_2_3,0.33685604063769714
3.1 Global Damping,dax_full,29,250,test,0.1,2020-12-18,2020-02-27,2021-02-22,362,block_4_6,0.3315056670193203
3.1 Global Damping,dax_full,29,250,test,0.1,2020-12-18,2020-02-27,2021-02-22,362,top_3,0.22520234269786452
3.1 Global Damping,dax_full,29,250,test,0.1,2020-12-18,2020-02-27,2021-02-22,362,top_6,0.08089186721631103
3.1 Global Damping,dax_full,29,250,test,0.1,2020-12-18,2020-02-27,2021-02-22,362,flag_nested,0.10318449548811603
3.1 Global Damping,dax_full,29,250,test,0.1,2021-01-13,2020-03-18,2021-03-12,363,market_1,0.0038834905803137865
3.1 Global Damping,dax_full,29,250,test,0.1,2021-01-13,2020-03-18,2021-03-12,363,block_2_3,0.28891892258776664
3.1 Global Damping,dax_full,29,250,test,0.1,2021-01-13,2020-03-18,2021-03-12,363,block_4_6,0.27197654340936966
3.1 Global Damping,dax_full,29,250,test,0.1,2021-01-13,2020-03-18,2021-03-12,363,top_3,0.19241861799139892
3.1 Global Damping,dax_full,29,250,test,0.1,2021-01-13,2020-03-18,2021-03-12,363,top_6,0.06095331975770538
3.1 Global Damping,dax_full,29,250,test,0.1,2021-01-13,2020-03-18,2021-03-12,363,flag_nested,0.08575180944313937
3.1 Global Damping,dax_full,29,250,test,0.1,2021-02-02,2020-04-07,2021-04-01,364,market_1,0.0052767222426219895
3.1 Global Damping,dax_full,29,250,test,0.1,2021-02-02,2020-04-07,2021-04-01,364,block_2_3,0.38667395883992595
3.1 Global Damping,dax_full,29,250,test,0.1,2021-02-02,2020-04-07,2021-04-01,364,block_4_6,0.3657607094565338
3.1 Global Damping,dax_full,29,250,test,0.1,2021-02-02,2020-04-07,2021-04-01,364,top_3,0.2586467676578869
3.1 Global Damping,dax_full,29,250,test,0.1,2021-02-02,2020-04-07,2021-04-01,364,top_6,0.07824759931374962
3.1 Global Damping,dax_full,29,250,test,0.1,2021-02-02,2020-04-07,2021-04-01,364,flag_nested,0.11405702973808618
3.1 Global Damping,dax_full,29,250,test,0.1,2021-02-22,2020-04-29,2021-04-23,365,market_1,0.005772126314860793
3.1 Global Damping,dax_full,29,250,test,0.1,2021-02-22,2020-04-29,2021-04-23,365,block_2_3,0.16237109063650967
3.1 Global Damping,dax_full,29,250,test,0.1,2021-02-22,2020-04-29,2021-04-23,365,block_4_6,0.18874355603014056
3.1 Global Damping,dax_full,29,250,test,0.1,2021-02-22,2020-04-29,2021-04-23,365,top_3,0.10902248110253643
3.1 Global Damping,dax_full,29,250,test,0.1,2021-02-22,2020-04-29,2021-04-23,365,top_6,0.0605138239483091
3.1 Global Damping,dax_full,29,250,test,0.1,2021-02-22,2020-04-29,2021-04-23,365,flag_nested,0.05843614378856877
3.1 Global Damping,dax_full,29,250,test,0.1,2021-03-12,2020-05-20,2021-05-13,366,market_1,0.00456778387815715
3.1 Global Damping,dax_full,29,250,test,0.1,2021-03-12,2020-05-20,2021-05-13,366,block_2_3,0.08449404615795908
3.1 Global Damping,dax_full,29,250,test,0.1,2021-03-12,2020-05-20,2021-05-13,366,block_4_6,0.25006953936923065
3.1 Global Damping,dax_full,29,250,test,0.1,2021-03-12,2020-05-20,2021-05-13,366,top_3,0.057058667627614724
3.1 Global Damping,dax_full,29,250,test,0.1,2021-03-12,2020-05-20,2021-05-13,366,top_6,0.11191639854158615
3.1 Global Damping,dax_full,29,250,test,0.1,2021-03-12,2020-05-20,2021-05-13,366,flag_nested,0.057847616682452675
3.1 Global Damping,dax_full,29,250,test,0.1,2021-04-01,2020-06-10,2021-06-03,367,market_1,0.0021430512449515104
3.1 Global Damping,dax_full,29,250,test,0.1,2021-04-01,2020-06-10,2021-06-03,367,block_2_3,0.05401489632379142
3.1 Global Damping,dax_full,29,250,test,0.1,2021-04-01,2020-06-10,2021-06-03,367,block_4_6,0.4056833658062439
3.1 Global Damping,dax_full,29,250,test,0.1,2021-04-01,2020-06-10,2021-06-03,367,top_3,0.036586809906831906
3.1 Global Damping,dax_full,29,250,test,0.1,2021-04-01,2020-06-10,2021-06-03,367,top_6,0.19200806342948148
3.1 Global Damping,dax_full,29,250,test,0.1,2021-04-01,2020-06-10,2021-06-03,367,flag_nested,0.07691264152708831
3.1 Global Damping,dax_full,29,250,test,0.1,2021-04-23,2020-06-30,2021-06-23,368,market_1,0.002691607527311124
3.1 Global Damping,dax_full,29,250,test,0.1,2021-04-23,2020-06-30,2021-06-23,368,block_2_3,0.0259132269851281
3.1 Global Damping,dax_full,29,250,test,0.1,2021-04-23,2020-06-30,2021-06-23,368,block_4_6,0.26121644995029375
3.1 Global Damping,dax_full,29,250,test,0.1,2021-04-23,2020-06-30,2021-06-23,368,top_3,0.01756896053174639
3.1 Global Damping,dax_full,29,250,test,0.1,2021-04-23,2020-06-30,2021-06-23,368,top_6,0.12985290119634416
3.1 Global Damping,dax_full,29,250,test,0.1,2021-04-23,2020-06-30,2021-06-23,368,flag_nested,0.05003782308513389
3.1 Global Damping,dax_full,29,250,test,0.1,2021-05-13,2020-07-20,2021-07-13,369,market_1,0.003917906194462861
3.1 Global Damping,dax_full,29,250,test,0.1,2021-05-13,2020-07-20,2021-07-13,369,block_2_3,0.018720780430946715
3.1 Global Damping,dax_full,29,250,test,0.1,2021-05-13,2020-07-20,2021-07-13,369,block_4_6,0.2034322530360145
3.1 Global Damping,dax_full,29,250,test,0.1,2021-05-13,2020-07-20,2021-07-13,369,top_3,0.012518862315028597
3.1 Global Damping,dax_full,29,250,test,0.1,2021-05-13,2020-07-20,2021-07-13,369,top_6,0.10536843050257068
3.1 Global Damping,dax_full,29,250,test,0.1,2021-05-13,2020-07-20,2021-07-13,369,flag_nested,0.04060173300402071
3.1 Global Damping,dax_full,29,250,test,0.1,2021-06-03,2020-08-07,2021-08-02,370,market_1,0.0056599989866380485
3.1 Global Damping,dax_full,29,250,test,0.1,2021-06-03,2020-08-07,2021-08-02,370,block_2_3,0.024971659360906284
3.1 Global Damping,dax_full,29,250,test,0.1,2021-06-03,2020-08-07,2021-08-02,370,block_4_6,0.07916479170549318
3.1 Global Damping,dax_full,29,250,test,0.1,2021-06-03,2020-08-07,2021-08-02,370,top_3,0.016116831281041133
3.1 Global Damping,dax_full,29,250,test,0.1,2021-06-03,2020-08-07,2021-08-02,370,top_6,0.04266175652878301
3.1 Global Damping,dax_full,29,250,test,0.1,2021-06-03,2020-08-07,2021-08-02,370,flag_nested,0.021479528932154063
3.1 Global Damping,dax_full,29,250,test,0.1,2021-06-23,2020-08-27,2021-08-20,371,market_1,0.003722026038048165
3.1 Global Damping,dax_full,29,250,test,0.1,2021-06-23,2020-08-27,2021-08-20,371,block_2_3,0.03165013158139518
3.1 Global Damping,dax_full,29,250,test,0.1,2021-06-23,2020-08-27,2021-08-20,371,block_4_6,0.15404002394705016
3.1 Global Damping,dax_full,29,250,test,0.1,2021-06-23,2020-08-27,2021-08-20,371,top_3,0.020856772703407245
3.1 Global Damping,dax_full,29,250,test,0.1,2021-06-23,2020-08-27,2021-08-20,371,top_6,0.07614031901277955
3.1 Global Damping,dax_full,29,250,test,0.1,2021-06-23,2020-08-27,2021-08-20,371,flag_nested,0.033573039251411654
3.1 Global Damping,dax_full,29,250,test,0.1,2021-07-13,2020-09-16,2021-09-09,372,market_1,0.010737997055466408
3.1 Global Damping,dax_full,29,250,test,0.1,2021-07-13,2020-09-16,2021-09-09,372,block_2_3,0.03778742683227465
3.1 Global Damping,dax_full,29,250,test,0.1,2021-07-13,2020-09-16,2021-09-09,372,block_4_6,0.12750583173565122
3.1 Global Damping,dax_full,29,250,test,0.1,2021-07-13,2020-09-16,2021-09-09,372,top_3,0.023516366180454273
3.1 Global Damping,dax_full,29,250,test,0.1,2021-07-13,2020-09-16,2021-09-09,372,top_6,0.06199456293622552
3.1 Global Damping,dax_full,29,250,test,0.1,2021-07-13,2020-09-16,2021-09-09,372,flag_nested,0.0320829753907154
3.1 Global Damping,dax_full,29,250,test,0.1,2021-08-02,2020-10-06,2021-09-29,373,market_1,0.004782111905202058
3.1 Global Damping,dax_full,29,250,test,0.1,2021-08-02,2020-10-06,2021-09-29,373,block_2_3,0.04678875896939283
3.1 Global Damping,dax_full,29,250,test,0.1,2021-08-02,2020-10-06,2021-09-29,373,block_4_6,0.28071795033787045
3.1 Global Damping,dax_full,29,250,test,0.1,2021-08-02,2020-10-06,2021-09-29,373,top_3,0.030689501112490507
3.1 Global Damping,dax_full,29,250,test,0.1,2021-08-02,2020-10-06,2021-09-29,373,top_6,0.13391932483876623
3.1 Global Damping,dax_full,29,250,test,0.1,2021-08-02,2020-10-06,2021-09-29,373,flag_nested,0.05646364595215294
3.1 Global Damping,dax_full,29,250,test,0.1,2021-08-20,2020-10-26,2021-10-19,374,market_1,0.006277438779777378
3.1 Global Damping,dax_full,29,250,test,0.1,2021-08-20,2020-10-26,2021-10-19,374,block_2_3,0.10856231219506929
3.1 Global Damping,dax_full,29,250,test,0.1,2021-08-20,2020-10-26,2021-10-19,374,block_4_6,0.19087364045575153
3.1 Global Damping,dax_full,29,250,test,0.1,2021-08-20,2020-10-26,2021-10-19,374,top_3,0.07181460235256498
3.1 Global Damping,dax_full,29,250,test,0.1,2021-08-20,2020-10-26,2021-10-19,374,top_6,0.06908431875171761
3.1 Global Damping,dax_full,29,250,test,0.1,2021-08-20,2020-10-26,2021-10-19,374,flag_nested,0.04905878662801999
3.1 Global Damping,dax_full,29,250,test,0.1,2021-09-09,2020-11-13,2021-11-08,375,market_1,0.005605756392473404
3.1 Global Damping,dax_full,29,250,test,0.1,2021-09-09,2020-11-13,2021-11-08,375,block_2_3,0.09997626087318479
3.1 Global Damping,dax_full,29,250,test,0.1,2021-09-09,2020-11-13,2021-11-08,375,block_4_6,0.19779266495741923
3.1 Global Damping,dax_full,29,250,test,0.1,2021-09-09,2020-11-13,2021-11-08,375,top_3,0.06764610157859681
3.1 Global Damping,dax_full,29,250,test,0.1,2021-09-09,2020-11-13,2021-11-08,375,top_6,0.07678158399120398
3.1 Global Damping,dax_full,29,250,test,0.1,2021-09-09,2020-11-13,2021-11-08,375,flag_nested,0.050011147320758065
3.1 Global Damping,dax_full,29,250,test,0.1,2021-09-29,2020-12-03,2021-11-26,376,market_1,0.004615794873478074
3.1 Global Damping,dax_full,29,250,test,0.1,2021-09-29,2020-12-03,2021-11-26,376,block_2_3,0.04071603021770864
3.1 Global Damping,dax_full,29,250,test,0.1,2021-09-29,2020-12-03,2021-11-26,376,block_4_6,0.13064315790987738
3.1 Global Damping,dax_full,29,250,test,0.1,2021-09-29,2020-12-03,2021-11-26,376,top_3,0.02764808440533173
3.1 Global Damping,dax_full,29,250,test,0.1,2021-09-29,2020-12-03,2021-11-26,376,top_6,0.07155333403276698
3.1 Global Damping,dax_full,29,250,test,0.1,2021-09-29,2020-12-03,2021-11-26,376,flag_nested,0.03460573777052559
3.1 Global Damping,dax_full,29,250,test,0.1,2021-10-19,2020-12-23,2021-12-16,377,market_1,0.0036266707553895827
3.1 Global Damping,dax_full,29,250,test,0.1,2021-10-19,2020-12-23,2021-12-16,377,block_2_3,0.04091822234547726
3.1 Global Damping,dax_full,29,250,test,0.1,2021-10-19,2020-12-23,2021-12-16,377,block_4_6,0.06918989079335465
3.1 Global Damping,dax_full,29,250,test,0.1,2021-10-19,2020-12-23,2021-12-16,377,top_3,0.0281918623672599
3.1 Global Damping,dax_full,29,250,test,0.1,2021-10-19,2020-12-23,2021-12-16,377,top_6,0.03754316554601574
3.1 Global Damping,dax_full,29,250,test,0.1,2021-10-19,2020-12-23,2021-12-16,377,flag_nested,0.02312056622288841
3.1 Global Damping,dax_full,29,250,test,0.1,2021-11-08,2021-01-18,2022-01-07,378,market_1,0.003124794172767009
3.1 Global Damping,dax_full,29,250,test,0.1,2021-11-08,2021-01-18,2022-01-07,378,block_2_3,0.32867541686613366
3.1 Global Damping,dax_full,29,250,test,0.1,2021-11-08,2021-01-18,2022-01-07,378,block_4_6,0.24382863253863452
3.1 Global Damping,dax_full,29,250,test,0.1,2021-11-08,2021-01-18,2022-01-07,378,top_3,0.220103427519225
3.1 Global Damping,dax_full,29,250,test,0.1,2021-11-08,2021-01-18,2022-01-07,378,top_6,0.024823882928348695
3.1 Global Damping,dax_full,29,250,test,0.1,2021-11-08,2021-01-18,2022-01-07,378,flag_nested,0.0826840348734469
3.1 Global Damping,dax_full,29,250,test,0.1,2021-11-26,2021-02-05,2022-01-27,379,market_1,0.0036703188350013516
3.1 Global Damping,dax_full,29,250,test,0.1,2021-11-26,2021-02-05,2022-01-27,379,block_2_3,0.12299908528102677
3.1 Global Damping,dax_full,29,250,test,0.1,2021-11-26,2021-02-05,2022-01-27,379,block_4_6,0.11031925835152882
3.1 Global Damping,dax_full,29,250,test,0.1,2021-11-26,2021-02-05,2022-01-27,379,top_3,0.08284142098591889
3.1 Global Damping,dax_full,29,250,test,0.1,2021-11-26,2021-02-05,2022-01-27,379,top_6,0.026092363616026848
3.1 Global Damping,dax_full,29,250,test,0.1,2021-11-26,2021-02-05,2022-01-27,379,flag_nested,0.03753470114564903
3.1 Global Damping,dax_full,29,250,test,0.1,2021-12-16,2021-02-25,2022-02-16,380,market_1,0.0034712655529538505
3.1 Global Damping,dax_full,29,250,test,0.1,2021-12-16,2021-02-25,2022-02-16,380,block_2_3,0.06036229199423315
3.1 Global Damping,dax_full,29,250,test,0.1,2021-12-16,2021-02-25,2022-02-16,380,block_4_6,0.09059004979621725
3.1 Global Damping,dax_full,29,250,test,0.1,2021-12-16,2021-02-25,2022-02-16,380,top_3,0.040765479137515825
3.1 Global Damping,dax_full,29,250,test,0.1,2021-12-16,2021-02-25,2022-02-16,380,top_6,0.03143783255715723
3.1 Global Damping,dax_full,29,250,test,0.1,2021-12-16,2021-02-25,2022-02-16,380,flag_nested,0.025224859082542305
3.1 Global Damping,dax_full,29,250,test,0.1,2022-01-07,2021-03-17,2022-03-08,381,market_1,0.0053932658102214814
3.1 Global Damping,dax_full,29,250,test,0.1,2022-01-07,2021-03-17,2022-03-08,381,block_2_3,0.0471865532232848
3.1 Global Damping,dax_full,29,250,test,0.1,2022-01-07,2021-03-17,2022-03-08,381,block_4_6,0.14860669204160892
3.1 Global Damping,dax_full,29,250,test,0.1,2022-01-07,2021-03-17,2022-03-08,381,top_3,0.03177567725742033
3.1 Global Damping,dax_full,29,250,test,0.1,2022-01-07,2021-03-17,2022-03-08,381,top_6,0.06648664279368448
3.1 Global Damping,dax_full,29,250,test,0.1,2022-01-07,2021-03-17,2022-03-08,381,flag_nested,0.03455186195377543
3.1 Global Damping,dax_full,29,250,test,0.1,2022-01-27,2021-04-08,2022-03-28,382,market_1,0.011043164225144952
3.1 Global Damping,dax_full,29,250,test,0.1,2022-01-27,2021-04-08,2022-03-28,382,block_2_3,0.04671776224253954
3.1 Global Damping,dax_full,29,250,test,0.1,2022-01-27,2021-04-08,2022-03-28,382,block_4_6,0.09142042442638987
3.1 Global Damping,dax_full,29,250,test,0.1,2022-01-27,2021-04-08,2022-03-28,382,top_3,0.030095700851044366
3.1 Global Damping,dax_full,29,250,test,0.1,2022-01-27,2021-04-08,2022-03-28,382,top_6,0.046362040633939706
3.1 Global Damping,dax_full,29,250,test,0.1,2022-01-27,2021-04-08,2022-03-28,382,flag_nested,0.02916696857004301
3.1 Global Damping,dax_full,29,250,test,0.1,2022-02-16,2021-04-28,2022-04-19,383,market_1,0.010168631853369803
3.1 Global Damping,dax_full,29,250,test,0.1,2022-02-16,2021-04-28,2022-04-19,383,block_2_3,0.03154133296662731
3.1 Global Damping,dax_full,29,250,test,0.1,2022-02-16,2021-04-28,2022-04-19,383,block_4_6,0.06004854432100171
3.1 Global Damping,dax_full,29,250,test,0.1,2022-02-16,2021-04-28,2022-04-19,383,top_3,0.021244346672182335
3.1 Global Damping,dax_full,29,250,test,0.1,2022-02-16,2021-04-28,2022-04-19,383,top_6,0.03696850465860383
3.1 Global Damping,dax_full,29,250,test,0.1,2022-02-16,2021-04-28,2022-04-19,383,flag_nested,0.022793827728051986
3.1 Global Damping,dax_full,29,250,test,0.1,2022-03-08,2021-05-18,2022-05-09,384,market_1,0.0066241830080931985
3.1 Global Damping,dax_full,29,250,test,0.1,2022-03-08,2021-05-18,2022-05-09,384,block_2_3,0.05014398379309504
3.1 Global Damping,dax_full,29,250,test,0.1,2022-03-08,2021-05-18,2022-05-09,384,block_4_6,0.11243202171280646
3.1 Global Damping,dax_full,29,250,test,0.1,2022-03-08,2021-05-18,2022-05-09,384,top_3,0.03429295661617834
3.1 Global Damping,dax_full,29,250,test,0.1,2022-03-08,2021-05-18,2022-05-09,384,top_6,0.05978002641851843
3.1 Global Damping,dax_full,29,250,test,0.1,2022-03-08,2021-05-18,2022-05-09,384,flag_nested,0.033565722014263326
3.1 Global Damping,dax_full,29,250,test,0.1,2022-03-28,2021-06-08,2022-05-27,385,market_1,0.00293413020054345
3.1 Global Damping,dax_full,29,250,test,0.1,2022-03-28,2021-06-08,2022-05-27,385,block_2_3,0.05885323787509689
3.1 Global Damping,dax_full,29,250,test,0.1,2022-03-28,2021-06-08,2022-05-27,385,block_4_6,0.34852646057165754
3.1 Global Damping,dax_full,29,250,test,0.1,2022-03-28,2021-06-08,2022-05-27,385,top_3,0.040180276561885865
3.1 Global Damping,dax_full,29,250,test,0.1,2022-03-28,2021-06-08,2022-05-27,385,top_6,0.17415762598513185
3.1 Global Damping,dax_full,29,250,test,0.1,2022-03-28,2021-06-08,2022-05-27,385,flag_nested,0.07242401091585372
3.1 Global Damping,dax_full,29,250,test,0.1,2022-04-19,2021-06-28,2022-06-16,386,market_1,0.003156487339052161
3.1 Global Damping,dax_full,29,250,test,0.1,2022-04-19,2021-06-28,2022-06-16,386,block_2_3,0.029258976290077343
3.1 Global Damping,dax_full,29,250,test,0.1,2022-04-19,2021-06-28,2022-06-16,386,block_4_6,0.3923427717267021
3.1 Global Damping,dax_full,29,250,test,0.1,2022-04-19,2021-06-28,2022-06-16,386,top_3,0.02052320201283771
3.1 Global Damping,dax_full,29,250,test,0.1,2022-04-19,2021-06-28,2022-06-16,386,top_6,0.19961334065713832
3.1 Global Damping,dax_full,29,250,test,0.1,2022-04-19,2021-06-28,2022-06-16,386,flag_nested,0.0744310100030094
3.1 Global Damping,dax_full,29,250,test,0.1,2022-05-09,2021-07-16,2022-07-06,387,market_1,0.0032858994894657823
3.1 Global Damping,dax_full,29,250,test,0.1,2022-05-09,2021-07-16,2022-07-06,387,block_2_3,0.029285406908371003
3.1 Global Damping,dax_full,29,250,test,0.1,2022-05-09,2021-07-16,2022-07-06,387,block_4_6,0.342082252546356
3.1 Global Damping,dax_full,29,250,test,0.1,2022-05-09,2021-07-16,2022-07-06,387,top_3,0.0205282829126389
3.1 Global Damping,dax_full,29,250,test,0.1,2022-05-09,2021-07-16,2022-07-06,387,top_6,0.17362556591060985
3.1 Global Damping,dax_full,29,250,test,0.1,2022-05-09,2021-07-16,2022-07-06,387,flag_nested,0.06581324943757151
3.1 Global Damping,dax_full,29,250,test,0.1,2022-05-27,2021-08-05,2022-07-26,388,market_1,0.0020929961566669153
3.1 Global Damping,dax_full,29,250,test,0.1,2022-05-27,2021-08-05,2022-07-26,388,block_2_3,0.026545895670768482
3.1 Global Damping,dax_full,29,250,test,0.1,2022-05-27,2021-08-05,2022-07-26,388,block_4_6,0.14266104694802895
3.1 Global Damping,dax_full,29,250,test,0.1,2022-05-27,2021-08-05,2022-07-26,388,top_3,0.018383571914783126
3.1 Global Damping,dax_full,29,250,test,0.1,2022-05-27,2021-08-05,2022-07-26,388,top_6,0.07522191788447063
3.1 Global Damping,dax_full,29,250,test,0.1,2022-05-27,2021-08-05,2022-07-26,388,flag_nested,0.031899495318640225
3.1 Global Damping,dax_full,29,250,test,0.1,2022-06-16,2021-08-25,2022-08-15,389,market_1,0.0027150530867131595
3.1 Global Damping,dax_full,29,250,test,0.1,2022-06-16,2021-08-25,2022-08-15,389,block_2_3,0.05827337605541605
3.1 Global Damping,dax_full,29,250,test,0.1,2022-06-16,2021-08-25,2022-08-15,389,block_4_6,0.10580098741609723
3.1 Global Damping,dax_full,29,250,test,0.1,2022-06-16,2021-08-25,2022-08-15,389,top_3,0.039525815505382735
3.1 Global Damping,dax_full,29,250,test,0.1,2022-06-16,2021-08-25,2022-08-15,389,top_6,0.04824654777375459
3.1 Global Damping,dax_full,29,250,test,0.1,2022-06-16,2021-08-25,2022-08-15,389,flag_nested,0.030162472121950158
3.1 Global Damping,dax_full,29,250,test,0.1,2022-07-06,2021-09-14,2022-09-02,390,market_1,0.0022630804129962767
3.1 Global Damping,dax_full,29,250,test,0.1,2022-07-06,2021-09-14,2022-09-02,390,block_2_3,0.043105835807431436
3.1 Global Damping,dax_full,29,250,test,0.1,2022-07-06,2021-09-14,2022-09-02,390,block_4_6,0.10507883754125717
3.1 Global Damping,dax_full,29,250,test,0.1,2022-07-06,2021-09-14,2022-09-02,390,top_3,0.02924760885098839
3.1 Global Damping,dax_full,29,250,test,0.1,2022-07-06,2021-09-14,2022-09-02,390,top_6,0.05534542594114485
3.1 Global Damping,dax_full,29,250,test,0.1,2022-07-06,2021-09-14,2022-09-02,390,flag_nested,0.028952038401709835
3.1 Global Damping,dax_full,29,250,test,0.1,2022-07-26,2021-10-04,2022-09-22,391,market_1,0.002651271546582623
3.1 Global Damping,dax_full,29,250,test,0.1,2022-07-26,2021-10-04,2022-09-22,391,block_2_3,0.027399082042167233
3.1 Global Damping,dax_full,29,250,test,0.1,2022-07-26,2021-10-04,2022-09-22,391,block_4_6,0.15623277174096328
3.1 Global Damping,dax_full,29,250,test,0.1,2022-07-26,2021-10-04,2022-09-22,391,top_3,0.018477297376190638
3.1 Global Damping,dax_full,29,250,test,0.1,2022-07-26,2021-10-04,2022-09-22,391,top_6,0.08168176118391912
3.1 Global Damping,dax_full,29,250,test,0.1,2022-07-26,2021-10-04,2022-09-22,391,flag_nested,0.03427011003556413
3.1 Global Damping,dax_full,29,250,test,0.1,2022-08-15,2021-10-22,2022-10-12,392,market_1,0.0025133655269925503
3.1 Global Damping,dax_full,29,250,test,0.1,2022-08-15,2021-10-22,2022-10-12,392,block_2_3,0.04991545737652414
3.1 Global Damping,dax_full,29,250,test,0.1,2022-08-15,2021-10-22,2022-10-12,392,block_4_6,0.19680767316220438
3.1 Global Damping,dax_full,29,250,test,0.1,2022-08-15,2021-10-22,2022-10-12,392,top_3,0.03397184041028245
3.1 Global Damping,dax_full,29,250,test,0.1,2022-08-15,2021-10-22,2022-10-12,392,top_6,0.09933210025281032
3.1 Global Damping,dax_full,29,250,test,0.1,2022-08-15,2021-10-22,2022-10-12,392,flag_nested,0.0452724353966951
3.1 Global Damping,dax_full,29,250,test,0.1,2022-09-02,2021-11-11,2022-11-01,393,market_1,0.0026059791621276807
3.1 Global Damping,dax_full,29,250,test,0.1,2022-09-02,2021-11-11,2022-11-01,393,block_2_3,0.030651603972241648
3.1 Global Damping,dax_full,29,250,test,0.1,2022-09-02,2021-11-11,2022-11-01,393,block_4_6,0.2265690035481492
3.1 Global Damping,dax_full,29,250,test,0.1,2022-09-02,2021-11-11,2022-11-01,393,top_3,0.021158718140846577
3.1 Global Damping,dax_full,29,250,test,0.1,2022-09-02,2021-11-11,2022-11-01,393,top_6,0.11570833830541923
3.1 Global Damping,dax_full,29,250,test,0.1,2022-09-02,2021-11-11,2022-11-01,393,flag_nested,0.04649101186946449
3.1 Global Damping,dax_full,29,250,test,0.1,2022-09-22,2021-12-01,2022-11-21,394,market_1,0.0030108727339226427
3.1 Global Damping,dax_full,29,250,test,0.1,2022-09-22,2021-12-01,2022-11-21,394,block_2_3,0.025764016427406777
3.1 Global Damping,dax_full,29,250,test,0.1,2022-09-22,2021-12-01,2022-11-21,394,block_4_6,0.28446422927670056
3.1 Global Damping,dax_full,29,250,test,0.1,2022-09-22,2021-12-01,2022-11-21,394,top_3,0.018069490541879823
3.1 Global Damping,dax_full,29,250,test,0.1,2022-09-22,2021-12-01,2022-11-21,394,top_6,0.1442952824406943
3.1 Global Damping,dax_full,29,250,test,0.1,2022-09-22,2021-12-01,2022-11-21,394,flag_nested,0.05512521523883226
3.1 Global Damping,dax_full,29,250,test,0.1,2022-10-12,2021-12-21,2022-12-09,395,market_1,0.003002041417055734
3.1 Global Damping,dax_full,29,250,test,0.1,2022-10-12,2021-12-21,2022-12-09,395,block_2_3,0.033244848304723296
3.1 Global Damping,dax_full,29,250,test,0.1,2022-10-12,2021-12-21,2022-12-09,395,block_4_6,0.2195898963419657
3.1 Global Damping,dax_full,29,250,test,0.1,2022-10-12,2021-12-21,2022-12-09,395,top_3,0.022941047066977156
3.1 Global Damping,dax_full,29,250,test,0.1,2022-10-12,2021-12-21,2022-12-09,395,top_6,0.11436817635215712
3.1 Global Damping,dax_full,29,250,test,0.1,2022-10-12,2021-12-21,2022-12-09,395,flag_nested,0.046770421612063344
3.1 Global Damping,dax_full,29,250,test,0.1,2022-11-01,2022-01-12,2022-12-30,396,market_1,0.0024300639634854404
3.1 Global Damping,dax_full,29,250,test,0.1,2022-11-01,2022-01-12,2022-12-30,396,block_2_3,0.07191380993309127
3.1 Global Damping,dax_full,29,250,test,0.1,2022-11-01,2022-01-12,2022-12-30,396,block_4_6,0.18032199959171136
3.1 Global Damping,dax_full,29,250,test,0.1,2022-11-01,2022-01-12,2022-12-30,396,top_3,0.04866409872037192
3.1 Global Damping,dax_full,29,250,test,0.1,2022-11-01,2022-01-12,2022-12-30,396,top_6,0.0848175517757704
3.1 Global Damping,dax_full,29,250,test,0.1,2022-11-01,2022-01-12,2022-12-30,396,flag_nested,0.045303904819875916
3.1 Global Damping,dax_full,29,250,test,0.1,2022-11-21,2022-02-01,2023-01-19,397,market_1,0.002207009592138043
3.1 Global Damping,dax_full,29,250,test,0.1,2022-11-21,2022-02-01,2023-01-19,397,block_2_3,0.036196954067202025
3.1 Global Damping,dax_full,29,250,test,0.1,2022-11-21,2022-02-01,2023-01-19,397,block_4_6,0.09589227511686597
3.1 Global Damping,dax_full,29,250,test,0.1,2022-11-21,2022-02-01,2023-01-19,397,top_3,0.02453418633774233
3.1 Global Damping,dax_full,29,250,test,0.1,2022-11-21,2022-02-01,2023-01-19,397,top_6,0.04652930040279557
3.1 Global Damping,dax_full,29,250,test,0.1,2022-11-21,2022-02-01,2023-01-19,397,flag_nested,0.024423498777558648
3.1 Global Damping,dax_full,29,250,test,0.1,2022-12-09,2022-02-21,2023-02-08,398,market_1,0.0020902020725113157
3.1 Global Damping,dax_full,29,250,test,0.1,2022-12-09,2022-02-21,2023-02-08,398,block_2_3,0.07384317010440455
3.1 Global Damping,dax_full,29,250,test,0.1,2022-12-09,2022-02-21,2023-02-08,398,block_4_6,0.1148594641846709
3.1 Global Damping,dax_full,29,250,test,0.1,2022-12-09,2022-02-21,2023-02-08,398,top_3,0.049741692977989395
3.1 Global Damping,dax_full,29,250,test,0.1,2022-12-09,2022-02-21,2023-02-08,398,top_6,0.04683061973455086
3.1 Global Damping,dax_full,29,250,test,0.1,2022-12-09,2022-02-21,2023-02-08,398,flag_nested,0.032887504928350526
3.1 Global Damping,dax_full,29,250,test,0.1,2022-12-30,2022-03-11,2023-02-28,399,market_1,0.003695539403585024
3.1 Global Damping,dax_full,29,250,test,0.1,2022-12-30,2022-03-11,2023-02-28,399,block_2_3,0.10221698345639207
3.1 Global Damping,dax_full,29,250,test,0.1,2022-12-30,2022-03-11,2023-02-28,399,block_4_6,0.11693365490840923
3.1 Global Damping,dax_full,29,250,test,0.1,2022-12-30,2022-03-11,2023-02-28,399,top_3,0.06830689570797437
3.1 Global Damping,dax_full,29,250,test,0.1,2022-12-30,2022-03-11,2023-02-28,399,top_6,0.04463423427707269
3.1 Global Damping,dax_full,29,250,test,0.1,2022-12-30,2022-03-11,2023-02-28,399,flag_nested,0.038878889796210694
3.1 Global Damping,dax_full,29,250,test,0.1,2023-01-19,2022-03-31,2023-03-20,400,market_1,0.004387464805585939
3.1 Global Damping,dax_full,29,250,test,0.1,2023-01-19,2022-03-31,2023-03-20,400,block_2_3,0.17924304161852933
3.1 Global Damping,dax_full,29,250,test,0.1,2023-01-19,2022-03-31,2023-03-20,400,block_4_6,0.16870755986792588
3.1 Global Damping,dax_full,29,250,test,0.1,2023-01-19,2022-03-31,2023-03-20,400,top_3,0.11985924384571171
3.1 Global Damping,dax_full,29,250,test,0.1,2023-01-19,2022-03-31,2023-03-20,400,top_6,0.039360195614832914
3.1 Global Damping,dax_full,29,250,test,0.1,2023-01-19,2022-03-31,2023-03-20,400,flag_nested,0.05453563475537685
3.1 Global Damping,dax_full,29,250,test,0.1,2023-02-08,2022-04-22,2023-04-11,401,market_1,0.004362488930408692
3.1 Global Damping,dax_full,29,250,test,0.1,2023-02-08,2022-04-22,2023-04-11,401,block_2_3,0.08525846297458284
3.1 Global Damping,dax_full,29,250,test,0.1,2023-02-08,2022-04-22,2023-04-11,401,block_4_6,0.10652599220785615
3.1 Global Damping,dax_full,29,250,test,0.1,2023-02-08,2022-04-22,2023-04-11,401,top_3,0.05755860011863071
3.1 Global Damping,dax_full,29,250,test,0.1,2023-02-08,2022-04-22,2023-04-11,401,top_6,0.03825497271681858
3.1 Global Damping,dax_full,29,250,test,0.1,2023-02-08,2022-04-22,2023-04-11,401,flag_nested,0.03339202058861933
3.1 Global Damping,dax_full,29,250,test,0.1,2023-02-28,2022-05-12,2023-05-02,402,market_1,0.003973198115294285
3.1 Global Damping,dax_full,29,250,test,0.1,2023-02-28,2022-05-12,2023-05-02,402,block_2_3,0.06307182649264453
3.1 Global Damping,dax_full,29,250,test,0.1,2023-02-28,2022-05-12,2023-05-02,402,block_4_6,0.08737487315688434
3.1 Global Damping,dax_full,29,250,test,0.1,2023-02-28,2022-05-12,2023-05-02,402,top_3,0.043022292444667855
3.1 Global Damping,dax_full,29,250,test,0.1,2023-02-28,2022-05-12,2023-05-02,402,top_6,0.03489414880176852
3.1 Global Damping,dax_full,29,250,test,0.1,2023-02-28,2022-05-12,2023-05-02,402,flag_nested,0.02729654645391022
3.1 Global Damping,dax_full,29,250,test,0.1,2023-03-20,2022-06-01,2023-05-22,403,market_1,0.003356082641200353
3.1 Global Damping,dax_full,29,250,test,0.1,2023-03-20,2022-06-01,2023-05-22,403,block_2_3,0.016831596939717364
3.1 Global Damping,dax_full,29,250,test,0.1,2023-03-20,2022-06-01,2023-05-22,403,block_4_6,0.07418464115866479
3.1 Global Damping,dax_full,29,250,test,0.1,2023-03-20,2022-06-01,2023-05-22,403,top_3,0.012029502473330567
3.1 Global Damping,dax_full,29,250,test,0.1,2023-03-20,2022-06-01,2023-05-22,403,top_6,0.040821593382844856
3.1 Global Damping,dax_full,29,250,test,0.1,2023-03-20,2022-06-01,2023-05-22,403,flag_nested,0.018735726165791926
3.1 Global Damping,dax_full,29,250,test,0.1,2023-04-11,2022-06-21,2023-06-09,404,market_1,0.004874967477050185
3.1 Global Damping,dax_full,29,250,test,0.1,2023-04-11,2022-06-21,2023-06-09,404,block_2_3,0.027935745093942033
3.1 Global Damping,dax_full,29,250,test,0.1,2023-04-11,2022-06-21,2023-06-09,404,block_4_6,0.09015126169897562
3.1 Global Damping,dax_full,29,250,test,0.1,2023-04-11,2022-06-21,2023-06-09,404,top_3,0.019231639634629556
3.1 Global Damping,dax_full,29,250,test,0.1,2023-04-11,2022-06-21,2023-06-09,404,top_6,0.04414476797449366
3.1 Global Damping,dax_full,29,250,test,0.1,2023-04-11,2022-06-21,2023-06-09,404,flag_nested,0.0227504583620578
3.1 Global Damping,dax_full,29,250,test,0.1,2023-05-02,2022-07-11,2023-06-29,405,market_1,0.003607283449143406
3.1 Global Damping,dax_full,29,250,test,0.1,2023-05-02,2022-07-11,2023-06-29,405,block_2_3,0.04122297187467294
3.1 Global Damping,dax_full,29,250,test,0.1,2023-05-02,2022-07-11,2023-06-29,405,block_4_6,0.1054663664690348
3.1 Global Damping,dax_full,29,250,test,0.1,2023-05-02,2022-07-11,2023-06-29,405,top_3,0.02800247000448734
3.1 Global Damping,dax_full,29,250,test,0.1,2023-05-02,2022-07-11,2023-06-29,405,top_6,0.052293436795929495
3.1 Global Damping,dax_full,29,250,test,0.1,2023-05-02,2022-07-11,2023-06-29,405,flag_nested,0.02796773008318675
3.1 Global Damping,dax_full,29,250,test,0.1,2023-05-22,2022-07-29,2023-07-19,406,market_1,0.006006596321714297
3.1 Global Damping,dax_full,29,250,test,0.1,2023-05-22,2022-07-29,2023-07-19,406,block_2_3,0.03792455011662632
3.1 Global Damping,dax_full,29,250,test,0.1,2023-05-22,2022-07-29,2023-07-19,406,block_4_6,0.11637492193464889
3.1 Global Damping,dax_full,29,250,test,0.1,2023-05-22,2022-07-29,2023-07-19,406,top_3,0.026003566791436523
3.1 Global Damping,dax_full,29,250,test,0.1,2023-05-22,2022-07-29,2023-07-19,406,top_6,0.05951047485747063
3.1 Global Damping,dax_full,29,250,test,0.1,2023-05-22,2022-07-29,2023-07-19,406,flag_nested,0.030506879323540483
3.1 Global Damping,dax_full,29,250,test,0.1,2023-06-09,2022-08-18,2023-08-08,407,market_1,0.0024815204498530585
3.1 Global Damping,dax_full,29,250,test,0.1,2023-06-09,2022-08-18,2023-08-08,407,block_2_3,0.09119746666500506
3.1 Global Damping,dax_full,29,250,test,0.1,2023-06-09,2022-08-18,2023-08-08,407,block_4_6,0.13822884369740654
3.1 Global Damping,dax_full,29,250,test,0.1,2023-06-09,2022-08-18,2023-08-08,407,top_3,0.06108985219048405
3.1 Global Damping,dax_full,29,250,test,0.1,2023-06-09,2022-08-18,2023-08-08,407,top_6,0.05789603687157019
3.1 Global Damping,dax_full,29,250,test,0.1,2023-06-09,2022-08-18,2023-08-08,407,flag_nested,0.0404891365039691
3.1 Global Damping,dax_full,29,250,test,0.1,2023-06-29,2022-09-07,2023-08-28,408,market_1,0.0028251455435162054
3.1 Global Damping,dax_full,29,250,test,0.1,2023-06-29,2022-09-07,2023-08-28,408,block_2_3,0.04775809152679222
3.1 Global Damping,dax_full,29,250,test,0.1,2023-06-29,2022-09-07,2023-08-28,408,block_4_6,0.10973300999194713
3.1 Global Damping,dax_full,29,250,test,0.1,2023-06-29,2022-09-07,2023-08-28,408,top_3,0.03249578626801434
3.1 Global Damping,dax_full,29,250,test,0.1,2023-06-29,2022-09-07,2023-08-28,408,top_6,0.05474380767110457
3.1 Global Damping,dax_full,29,250,test,0.1,2023-06-29,2022-09-07,2023-08-28,408,flag_nested,0.03002157982754504
3.1 Global Damping,dax_full,29,250,test,0.1,2023-07-19,2022-09-27,2023-09-15,409,market_1,0.0024609715362332585
3.1 Global Damping,dax_full,29,250,test,0.1,2023-07-19,2022-09-27,2023-09-15,409,block_2_3,0.046034694629306094
3.1 Global Damping,dax_full,29,250,test,0.1,2023-07-19,2022-09-27,2023-09-15,409,block_4_6,0.13844549522898308
3.1 Global Damping,dax_full,29,250,test,0.1,2023-07-19,2022-09-27,2023-09-15,409,top_3,0.031115326606460325
3.1 Global Damping,dax_full,29,250,test,0.1,2023-07-19,2022-09-27,2023-09-15,409,top_6,0.06319493565315752
3.1 Global Damping,dax_full,29,250,test,0.1,2023-07-19,2022-09-27,2023-09-15,409,flag_nested,0.032257077931950366
3.1 Global Damping,dax_full,29,250,test,0.1,2023-08-08,2022-10-17,2023-10-05,410,market_1,0.0028651276449929153
3.1 Global Damping,dax_full,29,250,test,0.1,2023-08-08,2022-10-17,2023-10-05,410,block_2_3,0.12950011712317344
3.1 Global Damping,dax_full,29,250,test,0.1,2023-08-08,2022-10-17,2023-10-05,410,block_4_6,0.19523915423184177
3.1 Global Damping,dax_full,29,250,test,0.1,2023-08-08,2022-10-17,2023-10-05,410,top_3,0.08689897853897961
3.1 Global Damping,dax_full,29,250,test,0.1,2023-08-08,2022-10-17,2023-10-05,410,top_6,0.06552319672072482
3.1 Global Damping,dax_full,29,250,test,0.1,2023-08-08,2022-10-17,2023-10-05,410,flag_nested,0.051762434301565775
3.1 Global Damping,dax_full,29,250,test,0.1,2023-08-28,2022-11-04,2023-10-25,411,market_1,0.0033138853503218435
3.1 Global Damping,dax_full,29,250,test,0.1,2023-08-28,2022-11-04,2023-10-25,411,block_2_3,0.098220673454117
3.1 Global Damping,dax_full,29,250,test,0.1,2023-08-28,2022-11-04,2023-10-25,411,block_4_6,0.21663515853248816
3.1 Global Damping,dax_full,29,250,test,0.1,2023-08-28,2022-11-04,2023-10-25,411,top_3,0.06618102185008749
3.1 Global Damping,dax_full,29,250,test,0.1,2023-08-28,2022-11-04,2023-10-25,411,top_6,0.10408356994014308
3.1 Global Damping,dax_full,29,250,test,0.1,2023-08-28,2022-11-04,2023-10-25,411,flag_nested,0.05785949238018414
3.1 Global Damping,dax_full,29,250,test,0.1,2023-09-15,2022-11-24,2023-11-14,412,market_1,0.00492217740970935
3.1 Global Damping,dax_full,29,250,test,0.1,2023-09-15,2022-11-24,2023-11-14,412,block_2_3,0.12363138317170763
3.1 Global Damping,dax_full,29,250,test,0.1,2023-09-15,2022-11-24,2023-11-14,412,block_4_6,0.267890790709197
3.1 Global Damping,dax_full,29,250,test,0.1,2023-09-15,2022-11-24,2023-11-14,412,top_3,0.08387509173570946
3.1 Global Damping,dax_full,29,250,test,0.1,2023-09-15,2022-11-24,2023-11-14,412,top_6,0.12664035019402867
3.1 Global Damping,dax_full,29,250,test,0.1,2023-09-15,2022-11-24,2023-11-14,412,flag_nested,0.07181253977981583
3.1 Global Damping,dax_full,29,250,test,0.1,2023-10-05,2022-12-14,2023-12-04,413,market_1,0.004480884610376656
3.1 Global Damping,dax_full,29,250,test,0.1,2023-10-05,2022-12-14,2023-12-04,413,block_2_3,0.22994366592230198
3.1 Global Damping,dax_full,29,250,test,0.1,2023-10-05,2022-12-14,2023-12-04,413,block_4_6,0.251738275341999
3.1 Global Damping,dax_full,29,250,test,0.1,2023-10-05,2022-12-14,2023-12-04,413,top_3,0.15475643934247577
3.1 Global Damping,dax_full,29,250,test,0.1,2023-10-05,2022-12-14,2023-12-04,413,top_6,0.06897543643867794
3.1 Global Damping,dax_full,29,250,test,0.1,2023-10-05,2022-12-14,2023-12-04,413,flag_nested,0.07607092013051013
3.1 Global Damping,dax_full,29,250,test,0.1,2023-10-25,2023-01-04,2023-12-22,414,market_1,0.00615527718051434
3.1 Global Damping,dax_full,29,250,test,0.1,2023-10-25,2023-01-04,2023-12-22,414,block_2_3,0.4562715640920708
3.1 Global Damping,dax_full,29,250,test,0.1,2023-10-25,2023-01-04,2023-12-22,414,block_4_6,0.3481884079273568
3.1 Global Damping,dax_full,29,250,test,0.1,2023-10-25,2023-01-04,2023-12-22,414,top_3,0.30518851161842103
3.1 Global Damping,dax_full,29,250,test,0.1,2023-10-25,2023-01-04,2023-12-22,414,top_6,0.041197358917633764
3.1 Global Damping,dax_full,29,250,test,0.1,2023-10-25,2023-01-04,2023-12-22,414,flag_nested,0.11751371590552305
3.1 Global Damping,dax_full,29,250,test,0.1,2023-11-14,2023-01-24,2024-01-16,415,market_1,0.00867193313636172
3.1 Global Damping,dax_full,29,250,test,0.1,2023-11-14,2023-01-24,2024-01-16,415,block_2_3,0.2111152611038104
3.1 Global Damping,dax_full,29,250,test,0.1,2023-11-14,2023-01-24,2024-01-16,415,block_4_6,0.1873724060009924
3.1 Global Damping,dax_full,29,250,test,0.1,2023-11-14,2023-01-24,2024-01-16,415,top_3,0.1410075173558051
3.1 Global Damping,dax_full,29,250,test,0.1,2023-11-14,2023-01-24,2024-01-16,415,top_6,0.0419883746938865
3.1 Global Damping,dax_full,29,250,test,0.1,2023-11-14,2023-01-24,2024-01-16,415,flag_nested,0.06388927506201778
3.1 Global Damping,dax_full,29,250,test,0.1,2023-12-04,2023-02-13,2024-02-05,416,market_1,0.0072078535582494885
3.1 Global Damping,dax_full,29,250,test,0.1,2023-12-04,2023-02-13,2024-02-05,416,block_2_3,0.14641322580683724
3.1 Global Damping,dax_full,29,250,test,0.1,2023-12-04,2023-02-13,2024-02-05,416,block_4_6,0.1561142086229026
3.1 Global Damping,dax_full,29,250,test,0.1,2023-12-04,2023-02-13,2024-02-05,416,top_3,0.09798672784970404
3.1 Global Damping,dax_full,29,250,test,0.1,2023-12-04,2023-02-13,2024-02-05,416,top_6,0.05167300370849448
3.1 Global Damping,dax_full,29,250,test,0.1,2023-12-04,2023-02-13,2024-02-05,416,flag_nested,0.052289195038815996
3.1 Global Damping,dax_full,29,250,test,0.1,2023-12-22,2023-03-03,2024-02-23,417,market_1,0.003438480237210162
3.1 Global Damping,dax_full,29,250,test,0.1,2023-12-22,2023-03-03,2024-02-23,417,block_2_3,0.1640173277620014
3.1 Global Damping,dax_full,29,250,test,0.1,2023-12-22,2023-03-03,2024-02-23,417,block_4_6,0.15903558978361657
3.1 Global Damping,dax_full,29,250,test,0.1,2023-12-22,2023-03-03,2024-02-23,417,top_3,0.1103779215256
3.1 Global Damping,dax_full,29,250,test,0.1,2023-12-22,2023-03-03,2024-02-23,417,top_6,0.045303402589445575
3.1 Global Damping,dax_full,29,250,test,0.1,2023-12-22,2023-03-03,2024-02-23,417,flag_nested,0.053039934784085245
3.1 Global Damping,dax_full,29,250,test,0.1,2024-01-16,2023-03-23,2024-03-14,418,market_1,0.007447963973606364
3.1 Global Damping,dax_full,29,250,test,0.1,2024-01-16,2023-03-23,2024-03-14,418,block_2_3,0.1428677616346794
3.1 Global Damping,dax_full,29,250,test,0.1,2024-01-16,2023-03-23,2024-03-14,418,block_4_6,0.12919207025381038
3.1 Global Damping,dax_full,29,250,test,0.1,2024-01-16,2023-03-23,2024-03-14,418,top_3,0.09589970804676422
3.1 Global Damping,dax_full,29,250,test,0.1,2024-01-16,2023-03-23,2024-03-14,418,top_6,0.04759756049120275
3.1 Global Damping,dax_full,29,250,test,0.1,2024-01-16,2023-03-23,2024-03-14,418,flag_nested,0.050315077503857775
3.1 Global Damping,dax_full,29,250,test,0.1,2024-02-05,2023-04-14,2024-04-05,419,market_1,0.00571243317374126
3.1 Global Damping,dax_full,29,250,test,0.1,2024-02-05,2023-04-14,2024-04-05,419,block_2_3,0.1169426976906014
3.1 Global Damping,dax_full,29,250,test,0.1,2024-02-05,2023-04-14,2024-04-05,419,block_4_6,0.18975190325750826
3.1 Global Damping,dax_full,29,250,test,0.1,2024-02-05,2023-04-14,2024-04-05,419,top_3,0.07911682253350971
3.1 Global Damping,dax_full,29,250,test,0.1,2024-02-05,2023-04-14,2024-04-05,419,top_6,0.08701744754798584
3.1 Global Damping,dax_full,29,250,test,0.1,2024-02-05,2023-04-14,2024-04-05,419,flag_nested,0.05728223441841227
3.1 Global Damping,dax_full,29,250,test,0.1,2024-02-23,2023-05-05,2024-04-25,420,market_1,0.005522266947890375
3.1 Global Damping,dax_full,29,250,test,0.1,2024-02-23,2023-05-05,2024-04-25,420,block_2_3,0.34518428470151785
3.1 Global Damping,dax_full,29,250,test,0.1,2024-02-23,2023-05-05,2024-04-25,420,block_4_6,0.3194671937495948
3.1 Global Damping,dax_full,29,250,test,0.1,2024-02-23,2023-05-05,2024-04-25,420,top_3,0.2310943546484836
3.1 Global Damping,dax_full,29,250,test,0.1,2024-02-23,2023-05-05,2024-04-25,420,top_6,0.06669798954169837
3.1 Global Damping,dax_full,29,250,test,0.1,2024-02-23,2023-05-05,2024-04-25,420,flag_nested,0.10110487037935745
3.1 Global Damping,dax_full,29,250,test,0.1,2024-03-14,2023-05-25,2024-05-16,421,market_1,0.008888013795622873
3.1 Global Damping,dax_full,29,250,test,0.1,2024-03-14,2023-05-25,2024-05-16,421,block_2_3,0.19188359854912296
3.1 Global Damping,dax_full,29,250,test,0.1,2024-03-14,2023-05-25,2024-05-16,421,block_4_6,0.1966612598816558
3.1 Global Damping,dax_full,29,250,test,0.1,2024-03-14,2023-05-25,2024-05-16,421,top_3,0.13082660460456555
3.1 Global Damping,dax_full,29,250,test,0.1,2024-03-14,2023-05-25,2024-05-16,421,top_6,0.05000086985275557
3.1 Global Damping,dax_full,29,250,test,0.1,2024-03-14,2023-05-25,2024-05-16,421,flag_nested,0.06323849608431466
3.1 Global Damping,dax_full,29,250,test,0.1,2024-04-05,2023-06-14,2024-06-05,422,market_1,0.012966863972451836
3.1 Global Damping,dax_full,29,250,test,0.1,2024-04-05,2023-06-14,2024-06-05,422,block_2_3,0.13216607522171775
3.1 Global Damping,dax_full,29,250,test,0.1,2024-04-05,2023-06-14,2024-06-05,422,block_4_6,0.18720564938249287
3.1 Global Damping,dax_full,29,250,test,0.1,2024-04-05,2023-06-14,2024-06-05,422,top_3,0.09239728189066287
3.1 Global Damping,dax_full,29,250,test,0.1,2024-04-05,2023-06-14,2024-06-05,422,top_6,0.06073033157669686
3.1 Global Damping,dax_full,29,250,test,0.1,2024-04-05,2023-06-14,2024-06-05,422,flag_nested,0.05536482581327052
3.1 Global Damping,dax_full,29,250,test,0.1,2024-04-25,2023-07-04,2024-06-25,423,market_1,0.008694678632944153
3.1 Global Damping,dax_full,29,250,test,0.1,2024-04-25,2023-07-04,2024-06-25,423,block_2_3,0.0701528814527752
3.1 Global Damping,dax_full,29,250,test,0.1,2024-04-25,2023-07-04,2024-06-25,423,block_4_6,0.18707206462730408
3.1 Global Damping,dax_full,29,250,test,0.1,2024-04-25,2023-07-04,2024-06-25,423,top_3,0.04951682979587598
3.1 Global Damping,dax_full,29,250,test,0.1,2024-04-25,2023-07-04,2024-06-25,423,top_6,0.08623323729769335
3.1 Global Damping,dax_full,29,250,test,0.1,2024-04-25,2023-07-04,2024-06-25,423,flag_nested,0.04814824857550449
3.1 Global Damping,dax_full,29,250,test,0.1,2024-05-16,2023-07-24,2024-07-15,424,market_1,0.00834180944662477
3.1 Global Damping,dax_full,29,250,test,0.1,2024-05-16,2023-07-24,2024-07-15,424,block_2_3,0.04716376506120068
3.1 Global Damping,dax_full,29,250,test,0.1,2024-05-16,2023-07-24,2024-07-15,424,block_4_6,0.26974337992495273
3.1 Global Damping,dax_full,29,250,test,0.1,2024-05-16,2023-07-24,2024-07-15,424,top_3,0.033832901583616515
3.1 Global Damping,dax_full,29,250,test,0.1,2024-05-16,2023-07-24,2024-07-15,424,top_6,0.13879069909090314
3.1 Global Damping,dax_full,29,250,test,0.1,2024-05-16,2023-07-24,2024-07-15,424,flag_nested,0.06032180337371481
3.1 Global Damping,dax_full,29,250,test,0.1,2024-06-05,2023-08-11,2024-08-02,425,market_1,0.0028077059465091425
3.1 Global Damping,dax_full,29,250,test,0.1,2024-06-05,2023-08-11,2024-08-02,425,block_2_3,0.0375689111045161
3.1 Global Damping,dax_full,29,250,test,0.1,2024-06-05,2023-08-11,2024-08-02,425,block_4_6,0.10485821265810664
3.1 Global Damping,dax_full,29,250,test,0.1,2024-06-05,2023-08-11,2024-08-02,425,top_3,0.025539550562649154
3.1 Global Damping,dax_full,29,250,test,0.1,2024-06-05,2023-08-11,2024-08-02,425,top_6,0.05224391376185163
3.1 Global Damping,dax_full,29,250,test,0.1,2024-06-05,2023-08-11,2024-08-02,425,flag_nested,0.026863723423669977
3.1 Global Damping,dax_full,29,250,test,0.1,2024-06-25,2023-08-31,2024-08-22,426,market_1,0.004071680379595599
3.1 Global Damping,dax_full,29,250,test,0.1,2024-06-25,2023-08-31,2024-08-22,426,block_2_3,0.06142464625640209
3.1 Global Damping,dax_full,29,250,test,0.1,2024-06-25,2023-08-31,2024-08-22,426,block_4_6,0.12207844683861557
3.1 Global Damping,dax_full,29,250,test,0.1,2024-06-25,2023-08-31,2024-08-22,426,top_3,0.04156471441966477
3.1 Global Damping,dax_full,29,250,test,0.1,2024-06-25,2023-08-31,2024-08-22,426,top_6,0.056538444069457704
3.1 Global Damping,dax_full,29,250,test,0.1,2024-06-25,2023-08-31,2024-08-22,426,flag_nested,0.03405827962290602
3.1 Global Damping,dax_full,29,250,test,0.1,2024-07-15,2023-09-20,2024-09-11,427,market_1,0.0033845260614444594
3.1 Global Damping,dax_full,29,250,test,0.1,2024-07-15,2023-09-20,2024-09-11,427,block_2_3,0.06339676259738647
3.1 Global Damping,dax_full,29,250,test,0.1,2024-07-15,2023-09-20,2024-09-11,427,block_4_6,0.31802157060686004
3.1 Global Damping,dax_full,29,250,test,0.1,2024-07-15,2023-09-20,2024-09-11,427,top_3,0.04307088012873347
3.1 Global Damping,dax_full,29,250,test,0.1,2024-07-15,2023-09-20,2024-09-11,427,top_6,0.15288926778244397
3.1 Global Damping,dax_full,29,250,test,0.1,2024-07-15,2023-09-20,2024-09-11,427,flag_nested,0.06644822465754063
3.1 Global Damping,dax_full,29,250,test,0.1,2024-08-02,2023-10-10,2024-10-01,428,market_1,0.003340107713695417
3.1 Global Damping,dax_full,29,250,test,0.1,2024-08-02,2023-10-10,2024-10-01,428,block_2_3,0.08306529654650008
3.1 Global Damping,dax_full,29,250,test,0.1,2024-08-02,2023-10-10,2024-10-01,428,block_4_6,0.1588474519234575
3.1 Global Damping,dax_full,29,250,test,0.1,2024-08-02,2023-10-10,2024-10-01,428,top_3,0.05586205462167267
3.1 Global Damping,dax_full,29,250,test,0.1,2024-08-02,2023-10-10,2024-10-01,428,top_6,0.06493097839574109
3.1 Global Damping,dax_full,29,250,test,0.1,2024-08-02,2023-10-10,2024-10-01,428,flag_nested,0.041377713577036394
3.1 Global Damping,dax_full,29,250,test,0.1,2024-08-22,2023-10-30,2024-10-21,429,market_1,0.006692473843602387
3.1 Global Damping,dax_full,29,250,test,0.1,2024-08-22,2023-10-30,2024-10-21,429,block_2_3,0.15853607024727956
3.1 Global Damping,dax_full,29,250,test,0.1,2024-08-22,2023-10-30,2024-10-21,429,block_4_6,0.410178440436551
3.1 Global Damping,dax_full,29,250,test,0.1,2024-08-22,2023-10-30,2024-10-21,429,top_3,0.10623457781651657
3.1 Global Damping,dax_full,29,250,test,0.1,2024-08-22,2023-10-30,2024-10-21,429,top_6,0.16965939427874752
3.1 Global Damping,dax_full,29,250,test,0.1,2024-08-22,2023-10-30,2024-10-21,429,flag_nested,0.09419548197962217
3.1 Global Damping,dax_full,29,250,test,0.1,2024-09-11,2023-11-17,2024-11-08,430,market_1,0.004892886629622395
3.1 Global Damping,dax_full,29,250,test,0.1,2024-09-11,2023-11-17,2024-11-08,430,block_2_3,0.21709310975393292
3.1 Global Damping,dax_full,29,250,test,0.1,2024-09-11,2023-11-17,2024-11-08,430,block_4_6,0.4155364747441075
3.1 Global Damping,dax_full,29,250,test,0.1,2024-09-11,2023-11-17,2024-11-08,430,top_3,0.14537404924686662
3.1 Global Damping,dax_full,29,250,test,0.1,2024-09-11,2023-11-17,2024-11-08,430,top_6,0.1524907434452675
3.1 Global Damping,dax_full,29,250,test,0.1,2024-09-11,2023-11-17,2024-11-08,430,flag_nested,0.1009192264405855
3.1 Global Damping,dax_full,29,250,test,0.1,2024-10-01,2023-12-07,2024-11-28,431,market_1,0.003521162755870333
3.1 Global Damping,dax_full,29,250,test,0.1,2024-10-01,2023-12-07,2024-11-28,431,block_2_3,0.03278175972233499
3.1 Global Damping,dax_full,29,250,test,0.1,2024-10-01,2023-12-07,2024-11-28,431,block_4_6,0.36978884911625753
3.1 Global Damping,dax_full,29,250,test,0.1,2024-10-01,2023-12-07,2024-11-28,431,top_3,0.02264164653437713
3.1 Global Damping,dax_full,29,250,test,0.1,2024-10-01,2023-12-07,2024-11-28,431,top_6,0.18706459802095385
3.1 Global Damping,dax_full,29,250,test,0.1,2024-10-01,2023-12-07,2024-11-28,431,flag_nested,0.07107580243706711
3.1 Global Damping,dax_full,29,250,test,0.1,2024-10-21,2023-12-29,2024-12-18,432,market_1,0.004425684749459147
3.1 Global Damping,dax_full,29,250,test,0.1,2024-10-21,2023-12-29,2024-12-18,432,block_2_3,0.05203606431856278
3.1 Global Damping,dax_full,29,250,test,0.1,2024-10-21,2023-12-29,2024-12-18,432,block_4_6,0.2005671352331905
3.1 Global Damping,dax_full,29,250,test,0.1,2024-10-21,2023-12-29,2024-12-18,432,top_3,0.03519622447357277
3.1 Global Damping,dax_full,29,250,test,0.1,2024-10-21,2023-12-29,2024-12-18,432,top_6,0.09914237247540732
3.1 Global Damping,dax_full,29,250,test,0.1,2024-10-21,2023-12-29,2024-12-18,432,flag_nested,0.04625476056614641
3.1 Global Damping,dax_full,29,250,test,0.1,2024-11-08,2024-01-19,2025-01-14,433,market_1,0.004909149875855112
3.1 Global Damping,dax_full,29,250,test,0.1,2024-11-08,2024-01-19,2025-01-14,433,block_2_3,0.06521437083439918
3.1 Global Damping,dax_full,29,250,test,0.1,2024-11-08,2024-01-19,2025-01-14,433,block_4_6,0.21403928029708089
3.1 Global Damping,dax_full,29,250,test,0.1,2024-11-08,2024-01-19,2025-01-14,433,top_3,0.04498309918537865
3.1 Global Damping,dax_full,29,250,test,0.1,2024-11-08,2024-01-19,2025-01-14,433,top_6,0.10744709287696057
3.1 Global Damping,dax_full,29,250,test,0.1,2024-11-08,2024-01-19,2025-01-14,433,flag_nested,0.05244644731273144
3.1 Global Damping,dax_full,29,250,test,0.1,2024-11-28,2024-02-08,2025-02-03,434,market_1,0.00448136411761646
3.1 Global Damping,dax_full,29,250,test,0.1,2024-11-28,2024-02-08,2025-02-03,434,block_2_3,0.1815701039709987
3.1 Global Damping,dax_full,29,250,test,0.1,2024-11-28,2024-02-08,2025-02-03,434,block_4_6,0.25594047450096175
3.1 Global Damping,dax_full,29,250,test,0.1,2024-11-28,2024-02-08,2025-02-03,434,top_3,0.12247796329406002
3.1 Global Damping,dax_full,29,250,test,0.1,2024-11-28,2024-02-08,2025-02-03,434,top_6,0.0898828128639142
3.1 Global Damping,dax_full,29,250,test,0.1,2024-11-28,2024-02-08,2025-02-03,434,flag_nested,0.07228071342519689
3.1 Global Damping,dax_full,29,250,test,0.1,2024-12-18,2024-02-28,2025-02-21,435,market_1,0.003945489148657999
3.1 Global Damping,dax_full,29,250,test,0.1,2024-12-18,2024-02-28,2025-02-21,435,block_2_3,0.058875375572667865
3.1 Global Damping,dax_full,29,250,test,0.1,2024-12-18,2024-02-28,2025-02-21,435,block_4_6,0.1342814955519193
3.1 Global Damping,dax_full,29,250,test,0.1,2024-12-18,2024-02-28,2025-02-21,435,top_3,0.04009600026939516
3.1 Global Damping,dax_full,29,250,test,0.1,2024-12-18,2024-02-28,2025-02-21,435,top_6,0.05774051865663784
3.1 Global Damping,dax_full,29,250,test,0.1,2024-12-18,2024-02-28,2025-02-21,435,flag_nested,0.033927336024897
3.1 Global Damping,dax_full,29,250,test,0.1,2025-01-14,2024-03-19,2025-03-13,436,market_1,0.005154164352724755
3.1 Global Damping,dax_full,29,250,test,0.1,2025-01-14,2024-03-19,2025-03-13,436,block_2_3,0.0673329990426702
3.1 Global Damping,dax_full,29,250,test,0.1,2025-01-14,2024-03-19,2025-03-13,436,block_4_6,0.13553417233328124
3.1 Global Damping,dax_full,29,250,test,0.1,2025-01-14,2024-03-19,2025-03-13,436,top_3,0.046469312394321914
3.1 Global Damping,dax_full,29,250,test,0.1,2025-01-14,2024-03-19,2025-03-13,436,top_6,0.05904082635053657
3.1 Global Damping,dax_full,29,250,test,0.1,2025-01-14,2024-03-19,2025-03-13,436,flag_nested,0.036888101032527744
3.1 Global Damping,dax_full,29,250,test,0.1,2025-02-03,2024-04-10,2025-04-02,437,market_1,0.004241410222681097
3.1 Global Damping,dax_full,29,250,test,0.1,2025-02-03,2024-04-10,2025-04-02,437,block_2_3,0.08579690310970978
3.1 Global Damping,dax_full,29,250,test,0.1,2025-02-03,2024-04-10,2025-04-02,437,block_4_6,0.2199081269850689
3.1 Global Damping,dax_full,29,250,test,0.1,2025-02-03,2024-04-10,2025-04-02,437,top_3,0.058203353965137726
3.1 Global Damping,dax_full,29,250,test,0.1,2025-02-03,2024-04-10,2025-04-02,437,top_6,0.09849553693835504
3.1 Global Damping,dax_full,29,250,test,0.1,2025-02-03,2024-04-10,2025-04-02,437,flag_nested,0.05364676704205795
3.1 Global Damping,dax_full,29,250,test,0.1,2025-02-21,2024-04-30,2025-04-24,438,market_1,0.004937053181983342
3.1 Global Damping,dax_full,29,250,test,0.1,2025-02-21,2024-04-30,2025-04-24,438,block_2_3,0.17254779324330927
3.1 Global Damping,dax_full,29,250,test,0.1,2025-02-21,2024-04-30,2025-04-24,438,block_4_6,0.4578297134582027
3.1 Global Damping,dax_full,29,250,test,0.1,2025-02-21,2024-04-30,2025-04-24,438,top_3,0.11564385856786948
3.1 Global Damping,dax_full,29,250,test,0.1,2025-02-21,2024-04-30,2025-04-24,438,top_6,0.1962953622490279
3.1 Global Damping,dax_full,29,250,test,0.1,2025-02-21,2024-04-30,2025-04-24,438,flag_nested,0.10562542466629359
3.1 Global Damping,dax_full,29,250,test,0.1,2025-03-13,2024-05-21,2025-05-15,439,market_1,0.005647809285538874
3.1 Global Damping,dax_full,29,250,test,0.1,2025-03-13,2024-05-21,2025-05-15,439,block_2_3,0.1018772952584922
3.1 Global Damping,dax_full,29,250,test,0.1,2025-03-13,2024-05-21,2025-05-15,439,block_4_6,0.12243899779280525
3.1 Global Damping,dax_full,29,250,test,0.1,2025-03-13,2024-05-21,2025-05-15,439,top_3,0.06815710689664822
3.1 Global Damping,dax_full,29,250,test,0.1,2025-03-13,2024-05-21,2025-05-15,439,top_6,0.04893705842497228
3.1 Global Damping,dax_full,29,250,test,0.1,2025-03-13,2024-05-21,2025-05-15,439,flag_nested,0.04091399153571979
3.1 Global Damping,dax_full,29,250,test,0.1,2025-04-02,2024-06-10,2025-06-04,440,market_1,0.007644678522042092
3.1 Global Damping,dax_full,29,250,test,0.1,2025-04-02,2024-06-10,2025-06-04,440,block_2_3,0.09285772405926818
3.1 Global Damping,dax_full,29,250,test,0.1,2025-04-02,2024-06-10,2025-06-04,440,block_4_6,0.33648021275006146
3.1 Global Damping,dax_full,29,250,test,0.1,2025-04-02,2024-06-10,2025-06-04,440,top_3,0.062253683765495005
3.1 Global Damping,dax_full,29,250,test,0.1,2025-04-02,2024-06-10,2025-06-04,440,top_6,0.1612336688529313
3.1 Global Damping,dax_full,29,250,test,0.1,2025-04-02,2024-06-10,2025-06-04,440,flag_nested,0.07704401038015614
3.1 Global Damping,dax_full,29,250,test,0.1,2025-04-24,2024-06-28,2025-06-24,441,market_1,0.00608330985932215
3.1 Global Damping,dax_full,29,250,test,0.1,2025-04-24,2024-06-28,2025-06-24,441,block_2_3,0.32639579817615305
3.1 Global Damping,dax_full,29,250,test,0.1,2025-04-24,2024-06-28,2025-06-24,441,block_4_6,0.5368517478604021
3.1 Global Damping,dax_full,29,250,test,0.1,2025-04-24,2024-06-28,2025-06-24,441,top_3,0.21884225520715805
3.1 Global Damping,dax_full,29,250,test,0.1,2025-04-24,2024-06-28,2025-06-24,441,top_6,0.18707944621653758
3.1 Global Damping,dax_full,29,250,test,0.1,2025-04-24,2024-06-28,2025-06-24,441,flag_nested,0.13733500376100594
3.1 Global Damping,dax_full,29,250,test,0.1,2025-05-15,2024-07-18,2025-07-14,442,market_1,0.004958660874218368
3.1 Global Damping,dax_full,29,250,test,0.1,2025-05-15,2024-07-18,2025-07-14,442,block_2_3,0.4301281741810148
3.1 Global Damping,dax_full,29,250,test,0.1,2025-05-15,2024-07-18,2025-07-14,442,block_4_6,0.6126338790898217
3.1 Global Damping,dax_full,29,250,test,0.1,2025-05-15,2024-07-18,2025-07-14,442,top_3,0.287733195893924
3.1 Global Damping,dax_full,29,250,test,0.1,2025-05-15,2024-07-18,2025-07-14,442,top_6,0.1862649044810986
3.1 Global Damping,dax_full,29,250,test,0.1,2025-05-15,2024-07-18,2025-07-14,442,flag_nested,0.15965225374974698
3.1 Global Damping,dax_full,29,250,test,0.1,2025-06-04,2024-08-07,2025-08-01,443,market_1,0.00684029026802091
3.1 Global Damping,dax_full,29,250,test,0.1,2025-06-04,2024-08-07,2025-08-01,443,block_2_3,0.45084256412406953
3.1 Global Damping,dax_full,29,250,test,0.1,2025-06-04,2024-08-07,2025-08-01,443,block_4_6,0.40143638301248313
3.1 Global Damping,dax_full,29,250,test,0.1,2025-06-04,2024-08-07,2025-08-01,443,top_3,0.30133032686940425
3.1 Global Damping,dax_full,29,250,test,0.1,2025-06-04,2024-08-07,2025-08-01,443,top_6,0.0754421529500237
3.1 Global Damping,dax_full,29,250,test,0.1,2025-06-04,2024-08-07,2025-08-01,443,flag_nested,0.12787092336248296
3.1 Global Damping,dax_full,29,250,test,0.1,2025-06-24,2024-08-27,2025-08-21,444,market_1,0.007229237800770338
3.1 Global Damping,dax_full,29,250,test,0.1,2025-06-24,2024-08-27,2025-08-21,444,block_2_3,0.10823870729072349
3.1 Global Damping,dax_full,29,250,test,0.1,2025-06-24,2024-08-27,2025-08-21,444,block_4_6,0.30010380944342147
3.1 Global Damping,dax_full,29,250,test,0.1,2025-06-24,2024-08-27,2025-08-21,444,top_3,0.07227476292525796
3.1 Global Damping,dax_full,29,250,test,0.1,2025-06-24,2024-08-27,2025-08-21,444,top_6,0.12655595730311342
3.1 Global Damping,dax_full,29,250,test,0.1,2025-06-24,2024-08-27,2025-08-21,444,flag_nested,0.06868665267638058
3.1 Global Damping,dax_full,29,250,test,0.1,2025-07-14,2024-09-16,2025-09-10,445,market_1,0.004908691272666688
3.1 Global Damping,dax_full,29,250,test,0.1,2025-07-14,2024-09-16,2025-09-10,445,block_2_3,0.06784472573625688
3.1 Global Damping,dax_full,29,250,test,0.1,2025-07-14,2024-09-16,2025-09-10,445,block_4_6,0.30999764360028276
3.1 Global Damping,dax_full,29,250,test,0.1,2025-07-14,2024-09-16,2025-09-10,445,top_3,0.04551337574760472
3.1 Global Damping,dax_full,29,250,test,0.1,2025-07-14,2024-09-16,2025-09-10,445,top_6,0.14666725353441099
3.1 Global Damping,dax_full,29,250,test,0.1,2025-07-14,2024-09-16,2025-09-10,445,flag_nested,0.06569644018489414
3.1 Global Damping,dax_full,29,250,test,0.1,2025-08-01,2024-10-04,2025-09-30,446,market_1,0.003110363167694974
3.1 Global Damping,dax_full,29,250,test,0.1,2025-08-01,2024-10-04,2025-09-30,446,block_2_3,0.08578983511083005
3.1 Global Damping,dax_full,29,250,test,0.1,2025-08-01,2024-10-04,2025-09-30,446,block_4_6,0.24572008898941444
3.1 Global Damping,dax_full,29,250,test,0.1,2025-08-01,2024-10-04,2025-09-30,446,top_3,0.0578504608553471
3.1 Global Damping,dax_full,29,250,test,0.1,2025-08-01,2024-10-04,2025-09-30,446,top_6,0.10690136517868136
3.1 Global Damping,dax_full,29,250,test,0.1,2025-08-01,2024-10-04,2025-09-30,446,flag_nested,0.05595406306724115
3.1 Global Damping,dax_full,29,250,test,0.1,2025-08-21,2024-10-24,2025-10-20,447,market_1,0.0028775565711176565
3.1 Global Damping,dax_full,29,250,test,0.1,2025-08-21,2024-10-24,2025-10-20,447,block_2_3,0.05637958825532452
3.1 Global Damping,dax_full,29,250,test,0.1,2025-08-21,2024-10-24,2025-10-20,447,block_4_6,0.12362150522753446
3.1 Global Damping,dax_full,29,250,test,0.1,2025-08-21,2024-10-24,2025-10-20,447,top_3,0.037820279899644316
3.1 Global Damping,dax_full,29,250,test,0.1,2025-08-21,2024-10-24,2025-10-20,447,top_6,0.055451406243206026
3.1 Global Damping,dax_full,29,250,test,0.1,2025-08-21,2024-10-24,2025-10-20,447,flag_nested,0.032049747571322666
3.1 Global Damping,dax_full,29,250,test,0.1,2025-09-10,2024-11-13,2025-11-07,448,market_1,0.0019286452639081242
3.1 Global Damping,dax_full,29,250,test,0.1,2025-09-10,2024-11-13,2025-11-07,448,block_2_3,0.09777274169560823
3.1 Global Damping,dax_full,29,250,test,0.1,2025-09-10,2024-11-13,2025-11-07,448,block_4_6,0.23998329410135621
3.1 Global Damping,dax_full,29,250,test,0.1,2025-09-10,2024-11-13,2025-11-07,448,top_3,0.06568398176413066
3.1 Global Damping,dax_full,29,250,test,0.1,2025-09-10,2024-11-13,2025-11-07,448,top_6,0.10112624276508934
3.1 Global Damping,dax_full,29,250,test,0.1,2025-09-10,2024-11-13,2025-11-07,448,flag_nested,0.05624628993104271
3.1 Global Damping,dax_full,29,250,test,0.1,2025-09-30,2024-12-03,2025-11-27,449,market_1,0.0025801993864286166
3.1 Global Damping,dax_full,29,250,test,0.1,2025-09-30,2024-12-03,2025-11-27,449,block_2_3,0.051170782094028366
3.1 Global Damping,dax_full,29,250,test,0.1,2025-09-30,2024-12-03,2025-11-27,449,block_4_6,0.2661388292756273
3.1 Global Damping,dax_full,29,250,test,0.1,2025-09-30,2024-12-03,2025-11-27,449,top_3,0.034853378337119434
3.1 Global Damping,dax_full,29,250,test,0.1,2025-09-30,2024-12-03,2025-11-27,449,top_6,0.13347850023582897
3.1 Global Damping,dax_full,29,250,test,0.1,2025-09-30,2024-12-03,2025-11-27,449,flag_nested,0.056970692653125675
3.1 Global Damping,dax_full,29,250,test,0.1,2025-10-20,2024-12-23,2025-12-17,450,market_1,0.006268425411948275
3.1 Global Damping,dax_full,29,250,test,0.1,2025-10-20,2024-12-23,2025-12-17,450,block_2_3,0.04216525807722704
3.1 Global Damping,dax_full,29,250,test,0.1,2025-10-20,2024-12-23,2025-12-17,450,block_4_6,0.23315375259768803
3.1 Global Damping,dax_full,29,250,test,0.1,2025-10-20,2024-12-23,2025-12-17,450,top_3,0.029523018047216205
3.1 Global Damping,dax_full,29,250,test,0.1,2025-10-20,2024-12-23,2025-12-17,450,top_6,0.12274807410764248
3.1 Global Damping,dax_full,29,250,test,0.1,2025-10-20,2024-12-23,2025-12-17,450,flag_nested,0.05284650585560232
3.1 Global Damping,dax_full,29,250,test,0.1,2025-11-07,2025-01-17,2026-01-13,451,market_1,0.005370907890107968
3.1 Global Damping,dax_full,29,250,test,0.1,2025-11-07,2025-01-17,2026-01-13,451,block_2_3,0.03778212282569371
3.1 Global Damping,dax_full,29,250,test,0.1,2025-11-07,2025-01-17,2026-01-13,451,block_4_6,0.3679747675815936
3.1 Global Damping,dax_full,29,250,test,0.1,2025-11-07,2025-01-17,2026-01-13,451,top_3,0.026913865686517397
3.1 Global Damping,dax_full,29,250,test,0.1,2025-11-07,2025-01-17,2026-01-13,451,top_6,0.1921348365619487
3.1 Global Damping,dax_full,29,250,test,0.1,2025-11-07,2025-01-17,2026-01-13,451,flag_nested,0.07480653671285803
3.1 Global Damping,dax_full,29,250,test,0.1,2025-11-27,2025-02-06,2026-02-02,452,market_1,0.004197498685820533
3.1 Global Damping,dax_full,29,250,test,0.1,2025-11-27,2025-02-06,2026-02-02,452,block_2_3,0.04756381378768049
3.1 Global Damping,dax_full,29,250,test,0.1,2025-11-27,2025-02-06,2026-02-02,452,block_4_6,0.3434045634071983
3.1 Global Damping,dax_full,29,250,test,0.1,2025-11-27,2025-02-06,2026-02-02,452,top_3,0.0330321570344451
3.1 Global Damping,dax_full,29,250,test,0.1,2025-11-27,2025-02-06,2026-02-02,452,top_6,0.1691914492051899
3.1 Global Damping,dax_full,29,250,test,0.1,2025-11-27,2025-02-06,2026-02-02,452,flag_nested,0.06880703497515184
3.1 Global Damping,dax_full,29,250,test,0.1,2025-12-17,2025-02-26,2026-02-20,453,market_1,0.0031092492836262142
3.1 Global Damping,dax_full,29,250,test,0.1,2025-12-17,2025-02-26,2026-02-20,453,block_2_3,0.035985943461221526
3.1 Global Damping,dax_full,29,250,test,0.1,2025-12-17,2025-02-26,2026-02-20,453,block_4_6,0.41409734896772554
3.1 Global Damping,dax_full,29,250,test,0.1,2025-12-17,2025-02-26,2026-02-20,453,top_3,0.02486197413449383
3.1 Global Damping,dax_full,29,250,test,0.1,2025-12-17,2025-02-26,2026-02-20,453,top_6,0.21153003291622938
3.1 Global Damping,dax_full,29,250,test,0.1,2025-12-17,2025-02-26,2026-02-20,453,flag_nested,0.07983375211144982
3.1 Global Damping,dax_full,29,250,test,0.1,2026-01-13,2025-03-18,2026-03-12,454,market_1,0.0042408242601750246
3.1 Global Damping,dax_full,29,250,test,0.1,2026-01-13,2025-03-18,2026-03-12,454,block_2_3,0.01880800510408831
3.1 Global Damping,dax_full,29,250,test,0.1,2026-01-13,2025-03-18,2026-03-12,454,block_4_6,0.14633516320476728
3.1 Global Damping,dax_full,29,250,test,0.1,2026-01-13,2025-03-18,2026-03-12,454,top_3,0.013677308074755423
3.1 Global Damping,dax_full,29,250,test,0.1,2026-01-13,2025-03-18,2026-03-12,454,top_6,0.07756671201793708
3.1 Global Damping,dax_full,29,250,test,0.1,2026-01-13,2025-03-18,2026-03-12,454,flag_nested,0.03182828145095584
3.1 Global Damping,dax_full,29,250,test,0.1,2026-02-02,2025-04-07,2026-04-01,455,market_1,0.006600402530080429
3.1 Global Damping,dax_full,29,250,test,0.1,2026-02-02,2025-04-07,2026-04-01,455,block_2_3,0.035359392869446116
3.1 Global Damping,dax_full,29,250,test,0.1,2026-02-02,2025-04-07,2026-04-01,455,block_4_6,0.29342584172194347
3.1 Global Damping,dax_full,29,250,test,0.1,2026-02-02,2025-04-07,2026-04-01,455,top_3,0.0245257127807695
3.1 Global Damping,dax_full,29,250,test,0.1,2026-02-02,2025-04-07,2026-04-01,455,top_6,0.15237123869641614
3.1 Global Damping,dax_full,29,250,test,0.1,2026-02-02,2025-04-07,2026-04-01,455,flag_nested,0.061165784669088695
3.1 Global Damping,dax_full,29,250,test,0.1,2026-02-20,2025-04-29,2026-04-23,456,market_1,0.010704703552213757
3.1 Global Damping,dax_full,29,250,test,0.1,2026-02-20,2025-04-29,2026-04-23,456,block_2_3,0.024396432001768997
3.1 Global Damping,dax_full,29,250,test,0.1,2026-02-20,2025-04-29,2026-04-23,456,block_4_6,0.36480376718466184
3.1 Global Damping,dax_full,29,250,test,0.1,2026-02-20,2025-04-29,2026-04-23,456,top_3,0.019709520038735235
3.1 Global Damping,dax_full,29,250,test,0.1,2026-02-20,2025-04-29,2026-04-23,456,top_6,0.18399770455079553
3.1 Global Damping,dax_full,29,250,test,0.1,2026-02-20,2025-04-29,2026-04-23,456,flag_nested,0.07147064271391484
3.1 Global Damping,dax_full,29,250,test,0.1,2026-03-12,2025-05-20,2026-05-14,457,market_1,0.01113236812488605
3.1 Global Damping,dax_full,29,250,test,0.1,2026-03-12,2025-05-20,2026-05-14,457,block_2_3,0.01609066056499786
3.1 Global Damping,dax_full,29,250,test,0.1,2026-03-12,2025-05-20,2026-05-14,457,block_4_6,0.3701022817283091
3.1 Global Damping,dax_full,29,250,test,0.1,2026-03-12,2025-05-20,2026-05-14,457,top_3,0.013095520649407888
3.1 Global Damping,dax_full,29,250,test,0.1,2026-03-12,2025-05-20,2026-05-14,457,top_6,0.1874027529026021
3.1 Global Damping,dax_full,29,250,test,0.1,2026-03-12,2025-05-20,2026-05-14,457,flag_nested,0.07054354722563201
3.1 Global Damping,dax_full,29,250,test,0.1,2026-04-01,2025-06-09,2026-06-03,458,market_1,0.02041854401173604
3.1 Global Damping,dax_full,29,250,test,0.1,2026-04-01,2025-06-09,2026-06-03,458,block_2_3,0.04587288686377988
3.1 Global Damping,dax_full,29,250,test,0.1,2026-04-01,2025-06-09,2026-06-03,458,block_4_6,0.2505038943695614
3.1 Global Damping,dax_full,29,250,test,0.1,2026-04-01,2025-06-09,2026-06-03,458,top_3,0.0338306144673739
3.1 Global Damping,dax_full,29,250,test,0.1,2026-04-01,2025-06-09,2026-06-03,458,top_6,0.11779680136186776
3.1 Global Damping,dax_full,29,250,test,0.1,2026-04-01,2025-06-09,2026-06-03,458,flag_nested,0.0573486532803259
3.1 Global Damping,dax_full,29,250,test,0.1,2026-04-23,2025-06-27,2026-06-23,459,market_1,0.010854846326033951
3.1 Global Damping,dax_full,29,250,test,0.1,2026-04-23,2025-06-27,2026-06-23,459,block_2_3,0.11265584356171887
3.1 Global Damping,dax_full,29,250,test,0.1,2026-04-23,2025-06-27,2026-06-23,459,block_4_6,0.20302703336526262
3.1 Global Damping,dax_full,29,250,test,0.1,2026-04-23,2025-06-27,2026-06-23,459,top_3,0.0755715174091393
3.1 Global Damping,dax_full,29,250,test,0.1,2026-04-23,2025-06-27,2026-06-23,459,top_6,0.07499838181920755
3.1 Global Damping,dax_full,29,250,test,0.1,2026-04-23,2025-06-27,2026-06-23,459,flag_nested,0.05380824851812693
3.1 Global Damping,dax_full,29,250,test,0.1,2026-05-14,2025-07-17,2026-07-13,460,market_1,0.010134521118674633
3.1 Global Damping,dax_full,29,250,test,0.1,2026-05-14,2025-07-17,2026-07-13,460,block_2_3,0.08223265156721105
3.1 Global Damping,dax_full,29,250,test,0.1,2026-05-14,2025-07-17,2026-07-13,460,block_4_6,0.19784135088885924
3.1 Global Damping,dax_full,29,250,test,0.1,2026-05-14,2025-07-17,2026-07-13,460,top_3,0.05518089174177332
3.1 Global Damping,dax_full,29,250,test,0.1,2026-05-14,2025-07-17,2026-07-13,460,top_6,0.09785932861232431
3.1 Global Damping,dax_full,29,250,test,0.1,2026-05-14,2025-07-17,2026-07-13,460,flag_nested,0.054391580490924095
3.1 Global Damping,dax_full,29,250,test,0.1,2026-06-03,2025-08-06,2026-07-31,461,market_1,0.008706919877202401
3.1 Global Damping,dax_full,29,250,test,0.1,2026-06-03,2025-08-06,2026-07-31,461,block_2_3,0.1103642785579042
3.1 Global Damping,dax_full,29,250,test,0.1,2026-06-03,2025-08-06,2026-07-31,461,block_4_6,0.36631584843652676
3.1 Global Damping,dax_full,29,250,test,0.1,2026-06-03,2025-08-06,2026-07-31,461,top_3,0.07408142963961299
3.1 Global Damping,dax_full,29,250,test,0.1,2026-06-03,2025-08-06,2026-07-31,461,top_6,0.17384478242056778
3.1 Global Damping,dax_full,29,250,test,0.1,2026-06-03,2025-08-06,2026-07-31,461,flag_nested,0.08554437731246106
