mode,n_triples,mean_cosine,median_cosine,positive_fraction,mean_incoming_speed,mean_outgoing_speed,static_loss,constant_velocity_loss,constant_velocity_skill,replicate
raw,180,0.05435423052943962,0.09294552513909152,0.5777777777777777,0.5265385776854341,0.5438158622310157,0.10387922039443315,0.16919211942786305,-0.6287388255845054,0
raw,180,0.01634227648792353,-0.019621575635053873,0.46111111111111114,0.5175830912021554,0.5327646573284808,0.10025024601060936,0.16850867778474915,-0.6808804415992762,1
raw,180,-0.023192671767625683,0.010663087533046404,0.5055555555555555,0.5989690825329917,0.6071901360692855,0.12343451177088467,0.20225536690885812,-0.6385641584930337,2
raw,180,-0.005350268507512543,0.0050739011362415185,0.5111111111111111,0.4623348932000714,0.45045513413170374,0.07465835569317644,0.14080438391121658,-0.8859829231959055,3
raw,180,0.04660349876875737,0.0270943857972298,0.5277777777777778,0.5823825458455008,0.5918226999246827,0.11640618850931503,0.190382360986805,-0.6355003408738038,4
raw,180,0.035457014602042966,0.03952035055768019,0.5333333333333333,0.4862601933644585,0.4915740440405434,0.08666078246973402,0.14681723652387568,-0.6941600610997378,5
raw,180,0.03003954149978322,0.03202984516422316,0.5555555555555556,0.5598393146587199,0.5553292988359244,0.10497011228782757,0.17111856397781391,-0.6301646273237052,6
raw,180,-0.05521304627493256,-0.015711758267703886,0.48333333333333334,0.5578993055831971,0.5604528566928602,0.10770705818994644,0.18205902828832435,-0.6903165990037043,7
raw,180,-0.01117333133888621,-0.03120460081897241,0.43333333333333335,0.563071601139568,0.5654387402153211,0.11276625928441057,0.18401045284328035,-0.6317864404740343,8
raw,180,-0.022965175570943862,0.014245834878266441,0.5111111111111111,0.5501667724589723,0.5488716004054295,0.10341634204930676,0.18092001458982981,-0.7494335131634313,9
raw,180,0.0894238552902417,0.10934676115466815,0.6388888888888888,0.4991342883002177,0.4898449066794722,0.08987754470063652,0.1518873952969703,-0.6899370783088894,10
raw,180,0.020582058419562288,0.02120120433979366,0.5333333333333333,0.5427915169639681,0.5502130968024814,0.10589658591531202,0.16855057602595733,-0.591652597381668,11
raw,180,-0.03328930562919352,-0.027641280736310343,0.48333333333333334,0.49531100105933823,0.4975171019226486,0.08815333606259258,0.15717953039308127,-0.7830241873260155,12
raw,180,0.039692080580860864,0.0401818885696654,0.5555555555555556,0.5700039547298535,0.5625759348441257,0.10642926553096727,0.17538624764580238,-0.6479137272141655,13
raw,180,-0.009926312454769548,0.025986848002715682,0.5111111111111111,0.5642316446251141,0.5462596018808191,0.10351870826067036,0.17990762018718276,-0.7379237358155355,14
raw,180,0.07908784006857436,0.08705744550387085,0.5833333333333334,0.5657729930500226,0.5669277127876776,0.11024218377235553,0.17545513038054217,-0.5915425872082507,15
raw,180,-0.053852619166717304,-0.07215839709360243,0.40555555555555556,0.4966872082321672,0.4877309469407941,0.08689463471127805,0.15944733952758242,-0.8349503402295535,16
raw,180,0.007723406789205193,0.05220330864333464,0.5722222222222222,0.6685569364828997,0.6652925853364291,0.13770516028612778,0.21363263260791995,-0.5513771028190073,17
raw,180,-0.04027382973905824,-0.017866710988135925,0.4888888888888889,0.5623906641932227,0.5484312836005691,0.10491882331706308,0.18696853023674082,-0.7820303766820256,18
raw,180,0.06393666733522599,0.06795709118030566,0.6222222222222222,0.5911160082564971,0.5783002081968011,0.1122049441178594,0.17288399297379597,-0.5407876572016261,19
raw,180,0.025083882155562422,0.029622471468137852,0.5222222222222223,0.5486445268400074,0.5563894268616424,0.10894720409982234,0.18354885768344936,-0.6847505101211557,20
raw,180,0.013986695348406996,0.03757168703160831,0.5333333333333333,0.5030269733548378,0.5077359091058463,0.09326788730055974,0.15883393539310292,-0.7029863116900439,21
raw,180,0.04817063168440496,0.07544405769447043,0.5666666666666667,0.5965928466651098,0.5995724895900046,0.1228224445637359,0.1950613399814733,-0.5881571212356931,22
raw,180,-0.00989833834928381,-0.025749235404152408,0.4666666666666667,0.5303250957132908,0.526724341890649,0.09968871361174386,0.17409889722553704,-0.7464253566717431,23
raw,180,0.0350261413204109,0.019629750064160043,0.5055555555555555,0.5666457415334171,0.5630844686374826,0.10834476823653101,0.17803989484398094,-0.6432717309920883,24
raw,180,0.011883011601234247,0.01060307852053961,0.5111111111111111,0.5397926916881199,0.5365084638928271,0.10201154976737897,0.1724690936526556,-0.6906820261621727,25
raw,180,0.08876417446945488,0.10558114398120674,0.6388888888888888,0.47482903977994323,0.48108427565043,0.08335580526823294,0.13624564447134865,-0.6345069672462529,26
raw,180,-0.010087204606422701,-0.007082316871385757,0.49444444444444446,0.5301311050819051,0.5228375105322165,0.09640166583356688,0.16650231150444308,-0.7271725552118757,27
raw,180,-0.00585910499602038,-0.016511242370468006,0.48333333333333334,0.6028744261484491,0.60882609646559,0.12310034273367615,0.20408743883293223,-0.6578949684524373,28
raw,180,-0.01229504543762681,0.005208243674409286,0.5055555555555555,0.5444562279771743,0.546320659856596,0.10164227883030057,0.17199121109167412,-0.6921227374174321,29
raw,180,-0.004439237664408442,0.008342198096657736,0.5055555555555555,0.5935279420447063,0.5811397479885563,0.11089128666841527,0.18335194858492618,-0.6534387334974407,30
raw,180,0.022887079970116644,0.017162179346084615,0.5166666666666667,0.5650067871351458,0.5697117171984022,0.11263781612709123,0.1796896591320476,-0.5952871363317325,31
raw,180,0.1098134081734504,0.10230363419017663,0.6333333333333333,0.5260207172251276,0.5429536979867864,0.10019308472452669,0.1550275659161924,-0.5472880822307147,32
raw,180,0.026597237022767346,0.05755378184114385,0.5555555555555556,0.5109466415335115,0.49713059023300415,0.08878921342067903,0.15980219327167294,-0.7997928702728543,33
raw,180,-0.0010520043141737008,-0.005465394456248643,0.4888888888888889,0.527128015341043,0.5420051612838637,0.10433519083402913,0.17515362118402542,-0.6787588136264635,34
raw,180,-0.032299090615757906,-0.02368011135655465,0.4666666666666667,0.5726821717403076,0.572132223958038,0.10972357401255589,0.18413107880890892,-0.6781359927980328,35
raw,180,0.03396342966917708,0.009538130428837884,0.5055555555555555,0.5826534379827188,0.584309239593774,0.11308870842287873,0.18507730524218027,-0.6365675037167344,36
raw,180,-0.004077007921298227,0.02480913024488017,0.5333333333333333,0.5212551506117218,0.5216031660328188,0.09428762069222721,0.1634599517615459,-0.7336311019567499,37
raw,180,-0.01036555321708748,0.0027436804195226988,0.5055555555555555,0.5315318954344375,0.5301381946993918,0.09852406846004838,0.1730215436755763,-0.7561347839156349,38
raw,180,0.01061139041595143,0.026766340065012086,0.5166666666666667,0.5057735964602592,0.5049667668893358,0.09334404367841831,0.16268469876344133,-0.742850345372974,39
raw,180,-0.04885033941187828,-0.042312429520685174,0.4388888888888889,0.5220206889407264,0.5209514922555248,0.09833042285005694,0.16929889091802805,-0.7217345965875708,40
raw,180,0.047074231402954594,0.061641532909264246,0.5388888888888889,0.5213971051914137,0.5378072258624679,0.1025772621786931,0.16736682170895106,-0.6316171649950291,41
raw,180,0.044602348719114164,0.04112933299363991,0.5444444444444444,0.5356670050808995,0.5329864444231468,0.10049267094767868,0.17138714917166864,-0.705469140738642,42
raw,180,-0.023885028690326982,-0.016649978768827758,0.48333333333333334,0.579909452097293,0.5752412948868775,0.11217058190530435,0.1906389248273455,-0.6995447611057684,43
raw,180,0.0305274380751081,0.03777849774122131,0.55,0.5262509875431037,0.5202174456362186,0.09861545326771969,0.1725641273704049,-0.7498690281525202,44
raw,180,0.024921320491685942,0.04670682969671605,0.5444444444444444,0.6441029196771736,0.6415716064457118,0.12868874057646154,0.20370873631438782,-0.5829569502496801,45
raw,180,0.029166251534820515,0.006921763613697206,0.5222222222222223,0.47617249196641737,0.47183659210118994,0.08493250558902288,0.15112513240629902,-0.7793556349034783,46
raw,180,0.02664130026827758,0.001345238698603612,0.5,0.5250394106164541,0.5264242320196645,0.0935808338420758,0.1602009373253672,-0.7118990155154792,47
raw,180,0.01753583825094683,0.001987406043292669,0.5055555555555555,0.5091433145964481,0.507848102048849,0.09405691573615366,0.16205720021667414,-0.7229695333756567,48
raw,180,0.07355132229410545,0.07047449568073826,0.5888888888888889,0.6195156356666159,0.6251926482985327,0.1261940009699076,0.1949811163074984,-0.5450902167211091,49
raw,180,0.027184264491358714,0.04840838380362923,0.5444444444444444,0.546779135869158,0.5427750629212791,0.10484352771897988,0.1680414025883549,-0.6027827968433981,50
raw,180,0.020356301747070156,0.05199816328012655,0.55,0.47584667164426,0.4816482147103471,0.08622264978224024,0.14644461797533762,-0.6984471985631509,51
raw,180,-0.034323099891289024,-0.02577725380884232,0.45555555555555555,0.5514457342081693,0.5477157310985348,0.10604460638469122,0.18014839793217596,-0.6987983083143632,52
raw,180,-0.03464424909840875,-0.04491995907345084,0.46111111111111114,0.5149271643112375,0.5170776300641922,0.09481232468203517,0.16872168194744902,-0.7795332253826495,53
raw,180,0.007839871172304056,0.0392321086718032,0.5222222222222223,0.5747488192524157,0.5723806899123892,0.11119163727239163,0.17964510413673937,-0.6156350292482331,54
raw,180,0.010868852275236218,0.04096169580502214,0.55,0.5210760140591643,0.5078876876134938,0.09425336164917941,0.1660214669817674,-0.7614381500759215,55
raw,180,0.01031612554662799,0.00012800340290987713,0.5,0.5532780323687108,0.553209550633116,0.10601117046889226,0.1777223164812589,-0.6764489600028465,56
raw,180,-0.03991223951930592,-0.01271501306839969,0.49444444444444446,0.5976160497968781,0.5846634013849047,0.11635186593834701,0.19269464833602912,-0.6561371558762532,57
raw,180,0.05103028498370182,0.049793863654747604,0.55,0.5661826543539435,0.5540110238121371,0.10578251509899271,0.17352876618395766,-0.6404295740327888,58
raw,180,-0.006527740546809429,-0.03312745163020036,0.45,0.5173389888553038,0.5135253175103714,0.09661270170774523,0.16990021053011498,-0.7585701209771101,59
raw,180,-0.07544325479079883,-0.08600029648217325,0.40555555555555556,0.4950285388503911,0.5075617269568122,0.09491230892609961,0.16196658465164607,-0.7064866136357095,60
raw,180,0.034352725388691746,0.07235254921762216,0.6111111111111112,0.5285244429702503,0.5288898241528968,0.09911493870301169,0.16555045697393334,-0.670287639182114,61
raw,180,0.006501690071420091,-0.03965997369746792,0.46111111111111114,0.5680784974758747,0.5699698647341767,0.10922061234279568,0.18398897583077545,-0.6845627568294035,62
raw,180,0.034265176119822716,0.057509227523862574,0.5388888888888889,0.6008284091381239,0.6040812669353808,0.11721517337505555,0.18696230913846887,-0.5950350432895077,63
raw,180,0.06307612044726124,0.07121292646960213,0.5777777777777777,0.5663838798323881,0.5639793591262603,0.10594836390691328,0.1602572621105429,-0.5125977995407807,64
raw,180,0.004897717800983739,0.0037659035489223374,0.5055555555555555,0.5035039643910242,0.5145985343875424,0.09394972066535959,0.1535832707817586,-0.6347389826608247,65
raw,180,0.012942326702742769,0.0020893658738045376,0.5,0.5161508942746982,0.5193340433364175,0.09675072049955943,0.16462080771355864,-0.7014943854015874,66
raw,180,0.037526124404259176,0.0477415782469029,0.5444444444444444,0.5387139165976034,0.5277793639596976,0.09586451918434176,0.17049248619081625,-0.7784732833528258,67
raw,180,0.006257533588716435,0.013779431346946652,0.5166666666666667,0.54722458481007,0.547877938843219,0.10184496699157103,0.17038908115846096,-0.6730240697369252,68
raw,180,-0.034891873036794155,-0.008298999972617155,0.4722222222222222,0.5199548271257606,0.5287185966813858,0.09807395732985233,0.16114077701301455,-0.6430536852005417,69
raw,180,0.007762458063795346,0.0355564715228012,0.5277777777777778,0.6029691177063836,0.5947721075650727,0.11875331215974398,0.19479921814125564,-0.6403687156044677,70
raw,180,0.014419040889303516,0.01781535279264409,0.5333333333333333,0.4959075115209875,0.493999753776392,0.08727762835777955,0.15748405920354766,-0.8044035128677991,71
raw,180,0.10499961758897462,0.09649709916028452,0.6555555555555556,0.5157386570526067,0.5108475830765653,0.09412055081932216,0.15572447921206994,-0.6545215455762188,72
raw,180,0.013791894679590909,0.01600708477162191,0.5333333333333333,0.5626678114759274,0.5616542824912498,0.10583589829856663,0.18440234491632615,-0.7423421341983694,73
raw,180,0.008145682820300192,0.008608408092712913,0.5055555555555555,0.4709972707880325,0.47529380034109986,0.08149439230267931,0.14377241190521767,-0.7642000614131927,74
raw,180,-0.032714564906243596,-0.02552059990152982,0.4666666666666667,0.5276838566537634,0.5280336763852195,0.10139684401738407,0.17736498823821872,-0.7492160624625579,75
raw,180,0.02137220919207916,0.05908097273397406,0.5555555555555556,0.5968606481784982,0.5959417061351935,0.11738427534315048,0.1911258407669654,-0.6282065055838659,76
raw,180,0.03392135540167153,0.062438790356714007,0.5444444444444444,0.5508729965062007,0.5499276949810838,0.10492181448832395,0.17335924414841122,-0.6522707407781554,77
raw,180,-0.0640692179361351,-0.06561417834540824,0.4222222222222222,0.5571368172479955,0.5572164965046619,0.10823051633966768,0.1915168797913389,-0.7695275442490508,78
raw,180,-0.01742289772884173,-0.046070041271511514,0.4444444444444444,0.5195928495527437,0.524296503103337,0.09582824604988642,0.16736538936904574,-0.7465141674607965,79
raw,180,0.007093837911611968,0.04166512520062756,0.5388888888888889,0.5853252113027935,0.5886579203383914,0.11520979462038883,0.18646142868418317,-0.6184511854965571,80
raw,180,0.10642849046297004,0.13026692342212937,0.6333333333333333,0.5492147619436939,0.5577456322300413,0.1049361405050765,0.1649770086773938,-0.5721657751402882,81
raw,180,0.042463197581330506,0.040895177095160495,0.55,0.5707737924905391,0.5661746571988735,0.10954781046043054,0.1812179974666784,-0.6542365995725279,82
raw,180,0.044658754619633534,0.03236736672118747,0.5388888888888889,0.49871089711759536,0.48846568632865495,0.08614907876895482,0.1529709837674715,-0.7756543186924596,83
raw,180,0.0435378757089694,0.06616611854162734,0.5555555555555556,0.5058203411984916,0.5076194660548591,0.09319842110661782,0.15917535683355613,-0.707919028493643,84
raw,180,0.029490617279103477,0.031640973005600426,0.5277777777777778,0.49468093034761235,0.5069488585780738,0.09062513975582422,0.14961369640644998,-0.6509072075316136,85
raw,180,0.032781125156433395,0.03605892761505978,0.5555555555555556,0.514249415543075,0.5192779005601751,0.097313240827619,0.16090666797079764,-0.653492028446861,86
raw,180,0.017639338616286915,0.029263857613372465,0.5444444444444444,0.5561648770375264,0.549899310591183,0.10596229318484447,0.18093034164705718,-0.7074974144947554,87
raw,180,0.0037343823872634588,-0.0073760137297480734,0.48333333333333334,0.5098213722175918,0.5162611075295389,0.09811007697932837,0.16607495013447085,-0.6927410032453909,88
raw,180,-0.027624985676749318,-0.035134232900714685,0.45555555555555555,0.5668033867389841,0.5644559977241502,0.10714919763474755,0.18056806815964596,-0.6852022427192614,89
raw,180,0.021573367519109488,0.02193090107511835,0.5166666666666667,0.5791855572520571,0.56842980021654,0.10831232387464153,0.1824451904030086,-0.6844361184066823,90
raw,180,0.0014149268386417799,0.0003271712490380643,0.5,0.5341845071486174,0.5339173914375224,0.10054286533104775,0.17465114170031984,-0.7370814042872456,91
raw,180,0.020381218724141344,0.012923028301798438,0.5111111111111111,0.5079986719821211,0.5017788698021021,0.0898557029051194,0.15301166329168836,-0.702859789024818,92
raw,180,-0.015793488672666105,0.03435176993671524,0.5444444444444444,0.5285700360433018,0.5283133105953558,0.09913580421760382,0.17034311183441483,-0.7182804253094115,93
raw,180,0.013164699220106756,0.006590407416841091,0.5055555555555555,0.5496761638304346,0.5488788699907649,0.10406333273797458,0.1733639419552371,-0.6659464711913219,94
raw,180,-0.003067442337348416,-0.02735329614963622,0.4777777777777778,0.5525332943142711,0.5432972434209069,0.1013528594977901,0.1779619575048922,-0.7558651861102397,95
raw,180,-0.019006432444180196,-0.00902240074284658,0.4888888888888889,0.5592068811559072,0.5586873353255482,0.1078605085815893,0.1811617398935856,-0.679592858182648,96
raw,180,0.011835176914957583,0.025376266939415068,0.5388888888888889,0.5718485411014844,0.5771598670179148,0.114936245315252,0.19043551098232292,-0.6568795201199442,97
raw,180,0.01284261383489991,0.032107030100742326,0.5666666666666667,0.5288236891369528,0.5275850609852534,0.09896939162811527,0.1708962570643303,-0.7267586902674463,98
standardised,180,0.02119984024125115,0.04115173283810589,0.55,0.5657797287040517,0.5590908912877749,0.10091706441059028,0.1732676604542313,-0.716931239193364,0
standardised,180,0.028659158163412506,0.032808939151544064,0.5333333333333333,0.5231153781022841,0.5191065300806728,0.08837101214297789,0.1482981011716456,-0.6781306174439874,1
standardised,180,0.015637006947896128,0.007855622345049124,0.5111111111111111,0.5070044702328462,0.5081873478711956,0.08582109231048916,0.14814567877188844,-0.7262152552884937,2
standardised,180,-0.01984215070062808,0.01536869348732011,0.5111111111111111,0.5319142162640514,0.530765767505036,0.09249294735152833,0.16092900964970794,-0.7399057361431223,3
standardised,180,0.07709068940822744,0.09336658892010738,0.6277777777777778,0.5635160649820596,0.5645445220652412,0.10314004950609418,0.16408710055386186,-0.5909154721141232,4
standardised,180,-0.002581371939055467,0.02498350505590341,0.5222222222222223,0.578716701931875,0.5809006113076558,0.10693316067585905,0.17200556448183235,-0.6085334370993103,5
standardised,180,0.013481830247231881,-0.01963943692501282,0.4777777777777778,0.6285946817688833,0.6221055437041042,0.12073815835750816,0.19236766562639246,-0.5932632089416823,6
standardised,180,0.02840603617654976,-0.0019110313566348,0.49444444444444446,0.5456555665038072,0.5399571102821032,0.09568838816348055,0.16003283448634112,-0.6724373516766751,7
standardised,180,0.018603881173330963,0.01920830581477638,0.5333333333333333,0.594080946933832,0.5918178242356386,0.1100726221551666,0.1773359455602915,-0.6110813214779738,8
standardised,180,0.003831512682008681,0.016012747118038507,0.5222222222222223,0.643041423103064,0.6391155406455965,0.12491905509963382,0.19450839316077068,-0.5570754438194663,9
standardised,180,0.04454131073444688,0.03716785806653615,0.5388888888888889,0.5359567675771777,0.5331043257605864,0.09345330785675267,0.1539018241609491,-0.646831211120459,10
standardised,180,0.07094189944874922,0.06695933734337964,0.5833333333333334,0.6252408172968548,0.6230794333952415,0.11935922675248362,0.18019800034627317,-0.509711525862609,11
standardised,180,0.015194245147506644,0.011244975311984217,0.5166666666666667,0.5955517931490115,0.5870499195419948,0.10686602685821318,0.177210465624595,-0.6582488451611739,12
standardised,180,-0.009569742637743916,0.019115219322498912,0.5166666666666667,0.5639194311185932,0.5726209819425867,0.10697414565342246,0.174213066812507,-0.6285530092189462,13
standardised,180,0.019781638041054754,0.0177551230269489,0.5166666666666667,0.5285776366735859,0.5335368198078976,0.09319225684389659,0.1566561347997449,-0.6809994746897765,14
standardised,180,0.03716609616836776,0.03853544474643051,0.5277777777777778,0.5370549748330337,0.5355468627652578,0.09360401317817235,0.15538566808085447,-0.6600321161987215,15
standardised,180,0.0646037590940376,0.06348153974746143,0.5833333333333334,0.5517461851259199,0.5466452860983065,0.09665888659688043,0.1565947589844321,-0.620076171966645,16
standardised,180,7.745962332831437e-05,0.03491215181506388,0.5388888888888889,0.5740388257228012,0.5697694202716721,0.10337845845546387,0.16970763343841394,-0.6416150518584598,17
standardised,180,0.03227981271276113,0.06617982116523935,0.5555555555555556,0.6063542907761492,0.6002430136003022,0.11162518503109402,0.17107107471846378,-0.5325490808441722,18
standardised,180,0.02597916710924765,0.027606347088483158,0.5388888888888889,0.5573279664635025,0.5664164901987113,0.10303090234557727,0.1674704763165034,-0.6254392857279707,19
standardised,180,0.02635553252524334,0.02245574349616104,0.5333333333333333,0.5597107975304325,0.5532012397651561,0.09865925792561198,0.16259108349611195,-0.6480063494771457,20
standardised,180,0.06451390306761648,0.10425107673858497,0.5777777777777777,0.6335455807874295,0.6334377561416229,0.12259332771988284,0.18448037616136298,-0.504815797013747,21
standardised,180,0.009825647549644928,-0.0062525564692630375,0.48333333333333334,0.5144830311978854,0.514623549654017,0.08862695918080284,0.15119412398055174,-0.7059608653853189,22
standardised,180,-0.033742149156359584,-0.023635158611128942,0.45,0.583032325779964,0.5798706392625561,0.1069282516773434,0.18099217661412786,-0.6926506678541118,23
standardised,180,0.059719357859195216,0.06830071945110909,0.6,0.5698304905833783,0.5707719181451946,0.10239824360803287,0.16183451003112317,-0.5804422451873743,24
standardised,180,0.029215957640605972,0.047760740562422285,0.5388888888888889,0.5672550872938033,0.5661491108406957,0.10272136189592476,0.16718445724750272,-0.6275529662164203,25
standardised,180,0.023370519857800403,0.03603635441594988,0.5777777777777777,0.5529474208096452,0.5506818140416644,0.09783034969098929,0.16268587082363703,-0.662938662056334,26
standardised,180,0.04410968339445061,0.013511400341279562,0.5222222222222223,0.5418372787944129,0.53977791965389,0.09539933580399974,0.15905878329881667,-0.6672944518775981,27
standardised,180,0.006340361080253003,-0.015410532650516529,0.4888888888888889,0.6236666308945994,0.6251565876790994,0.11934983833138231,0.18998951535027178,-0.591870739051644,28
standardised,180,0.027519015859525358,0.03981827449283164,0.5611111111111111,0.6070272555560574,0.6056906894379891,0.11365136274916128,0.17821599895403106,-0.5680938146546444,29
standardised,180,-0.030482412918445976,-0.039590690188492206,0.43333333333333335,0.5895420473249358,0.5843016937089978,0.1080093213591246,0.17775767600814227,-0.6457623635751633,30
standardised,180,-0.05175207568549494,-0.0588751529263803,0.45,0.6642250637893341,0.660423249640844,0.13261409064908797,0.2137540347294023,-0.6118500958922977,31
standardised,180,0.11321370182187249,0.138950199112869,0.6388888888888888,0.6179998529399175,0.6174677081315633,0.11944707845573327,0.17392583332014824,-0.45609114570855436,32
standardised,180,0.037792728606263086,0.055131473325998555,0.5944444444444444,0.5572737828224807,0.5522316669947189,0.0986500783366006,0.16012513015965893,-0.6231627268789528,33
standardised,180,0.07064804564669307,0.08338338578629845,0.6333333333333333,0.5588933974650934,0.5599253734165381,0.101397779151456,0.16489046384600725,-0.6261743129473616,34
standardised,180,-0.002774238328677112,-0.0018453995057310282,0.49444444444444446,0.5312492716568381,0.5320602028222876,0.09388652531315596,0.16060819153043854,-0.710662855982094,35
standardised,180,0.02007318645103797,0.033253731820859334,0.5611111111111111,0.557450397192,0.548559974793848,0.09707707321941786,0.1665802716118036,-0.7159589395046095,36
standardised,180,0.05185413556023027,0.06910519978967196,0.5777777777777777,0.606958246645683,0.609919864525312,0.11608630778236796,0.1808452289362489,-0.5578515019642738,37
standardised,180,-0.04087993405284251,-0.026671626556514002,0.45555555555555555,0.5613233210839006,0.5611349056411529,0.10220196533371766,0.1734949470692949,-0.6975695770896966,38
standardised,180,-0.005498026936494453,0.005195198746642813,0.5333333333333333,0.580063183166165,0.5883208803520744,0.11020790763785529,0.18455562689089314,-0.6746132908842211,39
standardised,180,0.023940712998737877,0.04072750906807376,0.55,0.5544781140129041,0.55752149798579,0.10098110695875663,0.16273686643155139,-0.6115575609407555,40
standardised,180,-0.017759718828062588,-0.017826447813462196,0.4777777777777778,0.5224587262305915,0.520316959456287,0.08819689520957999,0.15416957442529966,-0.7480158917040165,41
standardised,180,-0.011244752587155026,-0.005997144463606628,0.5,0.5499880858290831,0.5456501204420775,0.0967377931752283,0.16745007769814574,-0.7309685511931314,42
standardised,180,0.03798600888111574,0.06916644253085891,0.55,0.569454386542304,0.5613459991812303,0.10116390888120004,0.16611390308515286,-0.6420273289382841,43
standardised,180,0.00318940481427499,0.0022991972751626455,0.5111111111111111,0.5873923413080259,0.5877944866071171,0.11007025477223083,0.185762464688807,-0.6876717971917718,44
standardised,180,0.010087478612129623,0.0023369207640963406,0.5,0.6009055485465858,0.6019841374589201,0.11369099382362827,0.18408128980802185,-0.6191369572649865,45
standardised,180,-0.029214567045525244,0.01160995925304606,0.5111111111111111,0.5038232645309412,0.5064200858515762,0.08449107861518755,0.14683007825993993,-0.7378175384489261,46
standardised,180,0.033242640541327695,0.03297644328411514,0.55,0.5818360056840208,0.5831467242658813,0.10862489135123139,0.17428030725968682,-0.6044233056690753,47
standardised,180,0.0817689362630462,0.058697686752809806,0.5666666666666667,0.5769964634564855,0.5795107036818927,0.10616792481061058,0.16273538722179648,-0.5328112281755033,48
standardised,180,-0.03780560642837682,-0.02107132675222011,0.4777777777777778,0.5700539707938701,0.5675719314834526,0.10352957320163202,0.1832624653727435,-0.770146053010625,49
standardised,180,-0.048254003541799435,-0.02945059565177312,0.46111111111111114,0.5643188339450832,0.5602311673424639,0.10085092730327239,0.1706315766452157,-0.6919187677085352,50
standardised,180,0.026125956424884675,0.017060023270824655,0.5333333333333333,0.4836245674529247,0.48272206673906026,0.07632168019822697,0.13116967186126707,-0.718642350647756,51
standardised,180,0.02256419899036818,0.07380380186733604,0.5888888888888889,0.5985831264693603,0.6044546014621092,0.11410305571914839,0.17527274935559753,-0.5360916344520286,52
standardised,180,0.059303212630360494,0.08181090723387369,0.5888888888888889,0.5873758301239073,0.5807657742163286,0.10543141120710386,0.17006795925045412,-0.6130672757133229,53
standardised,180,-0.01156808955980581,-0.01833869159919989,0.4666666666666667,0.5639200478488857,0.5519706492826534,0.09908068724470455,0.16939322050263506,-0.7096492284543416,54
standardised,180,0.018463369892646762,0.002596276073527303,0.5,0.5341409847892947,0.5332736934173634,0.09444476811852069,0.16306969526890763,-0.726614385502732,55
standardised,180,0.06363945335011083,0.08003394941414735,0.6,0.5444074474460604,0.5468607391590746,0.09613996637765293,0.15429463611414498,-0.6048958817818944,56
standardised,180,0.014884151430319221,0.01553059435167635,0.5277777777777778,0.5368338787432428,0.5332821682020972,0.09300045483963876,0.1593661422459038,-0.7136060519349052,57
standardised,180,0.04003647754190853,0.06040793402397976,0.5611111111111111,0.5292682087122386,0.5321114312990105,0.09171754188472123,0.15036179677602268,-0.639400639029454,58
standardised,180,-0.012969282701071309,-0.02247184468023948,0.45,0.5708739478832476,0.573576213186615,0.10422552104014346,0.17464188722471416,-0.6756153913344234,59
standardised,180,0.08318965727912962,0.08612359543165535,0.5944444444444444,0.5889928362291091,0.596775714245961,0.11189609180487131,0.17064728385321568,-0.5250513320053836,60
standardised,180,0.017424081614068214,0.002915900771182309,0.5,0.573498799818272,0.5646321995822349,0.10262606040839511,0.1711894768837399,-0.6680897249928546,61
standardised,180,-0.028446934344231244,-0.04746343610663728,0.45,0.5190871641818796,0.521468383875947,0.08780576100423197,0.1538142385823693,-0.7517556572962898,62
standardised,180,0.046159708988069044,0.06515431320617945,0.6,0.5433303715923371,0.5438991399112605,0.09669921783521872,0.1584024295308883,-0.6380942170681831,63
standardised,180,0.040791592327227025,0.03851798124194452,0.55,0.49292628783762904,0.49423699124173787,0.08141245441429534,0.1395034840872311,-0.7135398397070738,64
standardised,180,0.015229064129901099,0.0508530646664482,0.5611111111111111,0.5966716745919575,0.5955150628057241,0.11344365233117618,0.1870395759130595,-0.6487443067068632,65
standardised,180,0.017584500879623946,0.025826833095564657,0.5166666666666667,0.5621442194605853,0.5755929718495956,0.10625870756261714,0.17083659232892806,-0.607742050017462,66
standardised,180,0.009614117894310548,0.028851199321770396,0.5388888888888889,0.5828080112573583,0.5817386884535731,0.10618768928098585,0.1676558413242775,-0.5788632605107289,67
standardised,180,-0.019251709046459363,0.013842804991896291,0.5166666666666667,0.5601369109746022,0.5625816300598843,0.10373444508157373,0.17352041042522226,-0.6727366718814651,68
standardised,180,0.03314290462128059,0.07804192072421678,0.5888888888888889,0.5277822973953559,0.5401819397217112,0.09313699785292003,0.14812005504490916,-0.5903460328280843,69
standardised,180,0.02646996629582026,-0.02106698559208131,0.4888888888888889,0.5964423761453911,0.5848241106535316,0.10921468180881683,0.17884003495490938,-0.6375090966979473,70
standardised,180,-0.00942281021302129,-0.05106692727693389,0.46111111111111114,0.5490491797980566,0.5525904733091237,0.09913554785351787,0.16552553836357964,-0.6696890464373007,71
standardised,180,0.07579328098175338,0.10243040698019609,0.6055555555555555,0.6321894619180818,0.6282257273992541,0.12269798729988235,0.18133748731402652,-0.4779173750489092,72
standardised,180,0.02183745758616778,0.04002799424622973,0.5611111111111111,0.5651421903124493,0.5661923887169797,0.102564944843911,0.1643677908653278,-0.6025728002435118,73
standardised,180,0.02555474416844223,0.02213437542559086,0.5277777777777778,0.63091065264986,0.6312020164630144,0.12090749170934711,0.18973119604608896,-0.5692261361453852,74
standardised,180,0.02306748770734214,0.010199251492667375,0.5111111111111111,0.5124350674626825,0.5168517042918156,0.08888267461654874,0.15211505413568546,-0.7114140049444881,75
standardised,180,0.0032980453289052944,0.011434193520100912,0.5111111111111111,0.6519824484982077,0.6506985968036225,0.12658986738865316,0.19872304174394956,-0.5698179154721355,76
standardised,180,-0.03499100632361864,-0.0478930366319206,0.4388888888888889,0.5676893639090743,0.5651302859700182,0.10279848553467438,0.17843692825348864,-0.7357933565402681,77
standardised,180,0.018083550421800224,0.04349989441833189,0.5833333333333334,0.5931523308489675,0.575974063007614,0.10503697786350875,0.17676217971737976,-0.6828566787886354,78
standardised,180,-0.012876099786474764,-0.007961850286144611,0.49444444444444446,0.5392994595017911,0.5356306218162489,0.09348088899788774,0.15748577090887353,-0.6846841380855078,79
standardised,180,0.06116216983738426,0.021640781671769478,0.5222222222222223,0.48530914338867415,0.4828186686486774,0.07843882156867832,0.13397967935841845,-0.7080786870454254,80
standardised,180,0.05221262618315195,0.0482799691464032,0.5722222222222222,0.5889745538638246,0.5877419781536651,0.10946225085380691,0.1705885770403996,-0.5584238009889855,81
standardised,180,0.017803477279540427,0.007618259395104323,0.5111111111111111,0.5678166684937629,0.5691648543253686,0.10282359261260729,0.1675395326676627,-0.6293880461741475,82
standardised,180,0.010021674048006569,0.02920713125579105,0.5277777777777778,0.5466302348735721,0.5524113983952129,0.09798622196399794,0.16526406403013125,-0.6866051238392732,83
standardised,180,-0.048065830450746756,-0.03700326468257521,0.42777777777777776,0.5338221078821012,0.535132319075358,0.09252562599450498,0.16605693231484311,-0.7947128758113466,84
standardised,180,-0.011330234959051723,-0.05010585084037621,0.46111111111111114,0.5331833250153515,0.5352050908059047,0.09298097403838475,0.16010364702466476,-0.7218968577224216,85
standardised,180,0.037468777255700386,0.022153020773427155,0.5277777777777778,0.5543327135034165,0.5544513691546561,0.10054091901286445,0.1689042636799092,-0.6799554384250008,86
standardised,180,0.014780847461835002,0.06928010258134176,0.55,0.5518604368180543,0.557837288525912,0.10096600521779897,0.16550166139853992,-0.6391820300459323,87
standardised,180,0.005675535907545001,-0.04039040484140119,0.48333333333333334,0.6355450885480719,0.6355517606449262,0.121659337131248,0.1894664303544398,-0.557352150867306,88
standardised,180,-0.02744289527018669,-0.019099978128691793,0.4777777777777778,0.5954334045779823,0.6026990892698053,0.11471749728799467,0.18344166221372538,-0.5990730843194814,89
standardised,180,-0.04226028998738895,0.008005786128664713,0.5111111111111111,0.6072741627862805,0.6057120460291127,0.11500600535580517,0.18881845471154968,-0.6418138698703935,90
standardised,180,0.0015314502702329221,0.03219186642110762,0.5388888888888889,0.5742111038295238,0.5756964853221936,0.10471339198839735,0.17267326230711955,-0.6490083935610873,91
standardised,180,-0.03995870030831539,-0.0655982666143104,0.4388888888888889,0.551093880136927,0.5474405210882941,0.09713633006042789,0.16947484481879777,-0.74471121889584,92
standardised,180,0.09363634264225544,0.08622623960883014,0.6055555555555555,0.5522796504281285,0.5539845967376003,0.1003122427447402,0.15260731476891137,-0.5213229272247852,93
standardised,180,-0.009824909335690376,-0.020488835618764335,0.48333333333333334,0.5452951140522059,0.5506452003688227,0.0987024202777307,0.16773415555375035,-0.6993925283876208,94
standardised,180,0.05184137639803352,0.05902389010744952,0.5888888888888889,0.5144938881332864,0.5213945702602008,0.08945165041290189,0.14740148531568292,-0.6478341610835472,95
standardised,180,0.06297201743834946,0.07394047497426251,0.5555555555555556,0.5575104745180853,0.5625571895651873,0.10108406484110553,0.15949068692147733,-0.5778024674035558,96
standardised,180,0.060735941076786266,0.06779250466373735,0.5833333333333334,0.537566408789679,0.5371475777614599,0.09507814499614092,0.15297041380876536,-0.6088914420340679,97
standardised,180,0.02165639721911848,0.03555537125763944,0.5388888888888889,0.6376478179118479,0.6295320674988868,0.12269658815834493,0.19945604454111998,-0.6256038373594697,98
