n_triples,mean_original_cosine,median_original_cosine,q25_original_cosine,q75_original_cosine,mean_residual_cosine,median_residual_cosine,q25_residual_cosine,q75_residual_cosine,mean_erse_outgoing_cosine,median_erse_outgoing_cosine,q25_erse_outgoing_cosine,q75_erse_outgoing_cosine,mean_outgoing_erse_attributed_fraction,median_outgoing_erse_attributed_fraction,q25_outgoing_erse_attributed_fraction,q75_outgoing_erse_attributed_fraction,mean_outgoing_residual_energy_fraction,median_outgoing_residual_energy_fraction,q25_outgoing_residual_energy_fraction,q75_outgoing_residual_energy_fraction,mean_erse_skill,median_erse_skill,q25_erse_skill,q75_erse_skill,mean_top_cross_covariance_share,median_top_cross_covariance_share,q25_top_cross_covariance_share,q75_top_cross_covariance_share,all_positive_window_fraction,mean_positive_correlation_fraction,mean_erse_rotations,replicate
464,0.020302816720845294,0.03219609027567699,-0.19732892639512525,0.24065337822071478,0.021971185548798258,0.03202120647612277,-0.19768503201076976,0.2425166473545025,-0.004765310017965533,-0.007502009672922184,-0.02641907312933539,0.009453916703347847,0.006216144770328793,0.00031787222385865066,7.888467834044066e-05,0.0011924721468568322,0.9937838552296713,0.9996821277761414,0.9988075278531432,0.9999211153216596,-1.0133853961965875,-0.9089459497338314,-1.4226435863173192,-0.4394348896165597,0.4060140668474808,0.4171633026815812,0.343853867479478,0.47646372124263225,0.6228448275862069,0.997052610058607,21.67241379310345,0
464,0.007610701311962354,0.004430093970702296,-0.20624462820659728,0.2437670958155763,0.010496088574723417,0.006858310486411548,-0.19895448380734293,0.2420700183933698,-0.007750617904465376,-0.007802680350471601,-0.027985164866339583,0.010528783335083199,0.009386364779131066,0.00042959350179500033,8.017282082106725e-05,0.0015221201193448552,0.9906136352208689,0.9995704064982049,0.9984778798806552,0.9999198271791789,-1.0203434530024829,-0.8795313455647571,-1.3558748387937951,-0.5357939779756542,0.38083048145756065,0.38174501138041506,0.31576426305907085,0.44389770577971893,0.5366379310344828,0.9962689109990459,21.754310344827587,1
464,0.022962395281700295,0.04874857180500243,-0.19464414203944813,0.2654308726054058,0.022058706112871564,0.051911466473358314,-0.19495533423464828,0.26419143542529766,-0.010257293407189463,-0.005628640328891425,-0.025414193077662846,0.01343657181529919,0.004709042243541251,0.00042857430141346464,7.314328950003279e-05,0.0013133664143512025,0.9952909577564587,0.9995714256985866,0.9986866335856488,0.9999268567105,-0.9890493340085335,-0.8364061279048688,-1.3462415388044127,-0.5015473880186119,0.39778833645641326,0.40542353863908276,0.3350033253503946,0.4706915093219885,0.5862068965517241,0.9965755758484394,21.73491379310345,2
464,0.05118830216958786,0.0684368373825086,-0.18439123020290407,0.3158153044881101,0.05146894166907836,0.06876551730810787,-0.18430692461479858,0.31271980746955136,-0.013411887744782332,-0.008747545263864853,-0.02752675627504199,0.008628749702111665,0.00458330075394786,0.0003419385966432209,7.672771446601279e-05,0.0011950789354674696,0.9954166992460523,0.9996580614033568,0.9988049210645326,0.999923272285534,-0.8856385495309186,-0.7469380505744139,-1.2045062709374696,-0.4344932621406079,0.39487808763807347,0.400079726415454,0.3380128976718227,0.459805045278539,0.5646551724137931,0.9969674253782199,21.760775862068964,3
464,0.004474878483873574,0.005402283411040873,-0.2133794872835127,0.23639378971339925,0.006134503462306684,0.002807129176516379,-0.21068947216855982,0.23630381889733648,-0.011412689693485202,-0.00846984829861453,-0.027579213160759033,0.00795041171988723,0.0028325213613077257,0.0003131178409046531,7.014916226824597e-05,0.0011763316316282524,0.9971674786386922,0.9996868821590954,0.9988236683683718,0.9999298508377318,-0.9497077471919594,-0.7910201320126559,-1.1972008130730236,-0.44436368329633813,0.39027729669035377,0.391572166650627,0.32865452702539694,0.45887062895273706,0.5387931034482759,0.9963455772113942,21.713362068965516,4
464,-0.012779692742187725,-0.024941192552760238,-0.2551912735818387,0.21797451369352466,-0.0126316987208847,-0.024933136206114738,-0.2587800695347169,0.2185390269058261,-0.00932993435250075,-0.00621422491071328,-0.02417117617321811,0.011553833734965985,0.005512695026833808,0.0003612768151975976,7.934187469524345e-05,0.0012690157012490155,0.9944873049731663,0.9996387231848024,0.998730984298751,0.9999206581253047,-0.9186215976564358,-0.7681436739286048,-1.180771265148688,-0.425361126271288,0.38091531585771066,0.38339226802967963,0.32396322952973333,0.445749375329777,0.603448275862069,0.9971803870791877,21.698275862068964,5
464,0.02257978504007212,0.015849713352675623,-0.20979171429069482,0.25748350321762586,0.021566514450992853,0.01719458811410834,-0.20946739470432738,0.25570008518810616,-0.008734298121390337,-0.008441601534667255,-0.027603028312296274,0.008692225701756604,0.010356725099565374,0.0003729809292535857,7.533930937028699e-05,0.0012100347651719245,0.9896432749004347,0.9996270190707464,0.9987899652348281,0.9999246606906297,-1.070784431017141,-0.8884662038182362,-1.4738047616862697,-0.4670444937388253,0.3924858124444329,0.3969956386171859,0.3230623625592582,0.46760763493110497,0.5474137931034483,0.9971889055472263,21.691810344827587,6
464,0.02365876280592428,0.026197382966854317,-0.20974278587566478,0.24841475786868267,0.020331632341561198,0.02584834182982583,-0.2096300617161605,0.24703333619576803,-0.007445477376027349,-0.010480076323666251,-0.027919236507732776,0.008615622274272226,0.0058492604178904785,0.0004516437339651125,8.935533978676746e-05,0.0012506865142959678,0.9941507395821095,0.9995483562660349,0.9987493134857041,0.9999106446602133,-0.933151018267923,-0.7568125160966633,-1.266229311819969,-0.449893947597111,0.38673959726738283,0.39432650420750126,0.3218572152587668,0.45804361747030686,0.5646551724137931,0.9964137249557039,21.68103448275862,7
464,0.006582922831449232,-0.004044616510015228,-0.2191221792501265,0.2685749200502802,0.007564255552145468,-0.00046317632115859845,-0.2192078107407653,0.26967637284504486,-0.012343751878629336,-0.008950897524654385,-0.025615988690087618,0.00714622090294203,0.004750385123253524,0.0003027644033297139,6.896738096451305e-05,0.0011009508216373587,0.9952496148767466,0.9996972355966702,0.9988990491783627,0.9999310326190355,-0.933266868201367,-0.7613578670653124,-1.2326066974699794,-0.41061534257733084,0.3966715716226599,0.40114423312059555,0.3280264064691869,0.4748386095783567,0.5280172413793104,0.9965670573804006,21.700431034482758,8
464,0.015746904294897775,0.023148120713710783,-0.22427583795397762,0.24872182288271544,0.015736778490194673,0.02608961278056995,-0.22756209842706301,0.24822626100849188,-0.010330970478727391,-0.007606775955829028,-0.02546407008983912,0.012473305683057335,0.0029170902612157554,0.00040203497142549116,9.3624478609583e-05,0.001269343409848217,0.9970829097387842,0.9995979650285745,0.9987306565901518,0.9999063755213904,-0.9645598716745662,-0.8459314702751264,-1.2796972132893814,-0.4782777119074519,0.392279506413646,0.39889673231624734,0.32309364137859997,0.4599488436248674,0.5862068965517241,0.9958770614692654,21.724137931034484,9
464,0.023164257073313904,0.03751922489217828,-0.22678003912616895,0.3040143912701606,0.022671943620563618,0.039224026230866904,-0.23037629916423266,0.2991455464284165,-0.013732375721338081,-0.009066009925047918,-0.027939883814583833,0.00784162286176813,0.004257865321595273,0.000350250883961456,7.540265030808735e-05,0.0011144617400277446,0.9957421346784046,0.9996497491160385,0.9988855382599723,0.999924597349692,-0.8885691364075015,-0.7458459461696826,-1.1293125331777931,-0.4191766997251242,0.3769510085034426,0.37760593200282533,0.30550560744129884,0.45733486108755844,0.6012931034482759,0.9969077961019489,21.676724137931036,10
464,0.014451497658030775,0.022694259925832738,-0.1930916455170232,0.2148843325519868,0.018044156341368803,0.02245492012992366,-0.1885430306741119,0.21490818783110557,-0.01076331111828512,-0.00898726435136004,-0.0307582066818513,0.009756828532555054,0.007478431919595059,0.00043244524959606956,8.622611567507543e-05,0.0015762722879513469,0.9925215680804048,0.9995675547504039,0.9984237277120487,0.9999137738843249,-1.0133007116557,-0.8735481911433908,-1.320369040988177,-0.5471483094025527,0.3864584707800215,0.393116191206216,0.32457800962078115,0.4496853834764051,0.6099137931034483,0.9977340875017037,21.704741379310345,11
464,0.04546618552944983,0.06677021535867975,-0.1668723359072954,0.25943605433206096,0.049358496283662456,0.0693355709796007,-0.16368712558363346,0.25755535032054133,-0.012329442445498752,-0.009140040799100833,-0.028037420586834262,0.01030974148123749,0.016303012807574888,0.00038913436878962315,8.926187871757807e-05,0.0013377478712773838,0.9836969871924252,0.9996108656312104,0.9986622521287226,0.9999107381212824,-0.9776594169510064,-0.8800966356437343,-1.3033010225032822,-0.4937776773347031,0.3856664972329498,0.3923327921430707,0.3204330647076403,0.45693884471819196,0.4504310344827586,0.9960133569578847,21.642241379310345,12
464,0.058109123699111635,0.047871609663720935,-0.16327914395749799,0.2690584865672035,0.05654584777162022,0.04731861704437289,-0.16845430160866465,0.26685401720889745,-0.009637699796019415,-0.00798231678024372,-0.028754156658314642,0.012268591026043631,0.004680116348167672,0.00044227887166925495,0.00010422073535054643,0.0014807902650669502,0.9953198836518323,0.9995577211283307,0.998519209734933,0.9998957792646495,-0.9865154936526863,-0.8415225894320776,-1.2722061564054847,-0.4967052706944221,0.3920170052050897,0.3995538676660054,0.33190167377564567,0.4578716085727088,0.603448275862069,0.9973677933760392,21.724137931034484,13
464,0.03431163820096487,0.051122007196727645,-0.17928776665817892,0.2373234026472948,0.03433930121565367,0.050286877707081734,-0.17957687755889495,0.2374094654318868,-0.00930035528959795,-0.009688027306223247,-0.029221795556332975,0.011044252404059863,0.0011797613944231095,0.00040787218325527563,0.0001145736223531757,0.0013971425191990905,0.9988202386055769,0.9995921278167448,0.9986028574808009,0.9998854263776469,-0.9980929232487807,-0.8660242562052092,-1.370565509237692,-0.54874718464929,0.39225775867015583,0.3947052996960589,0.3187638810038608,0.467314082579223,0.5689655172413793,0.9969077961019489,21.74353448275862,14
464,0.03620009455427769,0.05592564990045305,-0.17768088709253282,0.25402441275144333,0.03777905467931963,0.05589868499584294,-0.17603449991556458,0.25333888310572694,-0.010969776363126689,-0.007957113581993363,-0.027842739832151447,0.010102849377793818,0.0025564961713970356,0.0003637788991230906,7.566164129621522e-05,0.0012878355289048793,0.9974435038286031,0.9996362211008769,0.9987121644710951,0.9999243383587038,-0.9873819359592727,-0.8693807814593297,-1.340850234350706,-0.5421153832532619,0.3893089430759323,0.39126345550451447,0.32709493069181006,0.4596564593959712,0.5344827586206896,0.9960048384898459,21.683189655172413,15
464,0.016261467517963937,0.027996923857756376,-0.2601753660262809,0.30130498805661393,0.017397493321993324,0.035272132562950136,-0.2567748431926193,0.30119771730667555,-0.010185150042199857,-0.00529935105582948,-0.030951870120508054,0.01178292180074182,0.009454757490723801,0.0004154695292912236,7.964584458089452e-05,0.0014779659930771183,0.9905452425092762,0.9995845304707087,0.9985220340069229,0.9999203541554191,-0.8917546990737177,-0.75340238042356,-1.1836389139844532,-0.43423282278625014,0.37947842512611085,0.3825473552410229,0.30589322102693095,0.4488141663697406,0.5560344827586207,0.997401867248194,21.73491379310345,16
464,0.020333883568782456,0.05658457808275393,-0.25363383175601695,0.2997429666294779,0.02539869731682587,0.06221483369678338,-0.24768288710853187,0.3091832236647332,-0.016428483976570922,-0.010121615565273422,-0.025976396217069327,0.0045106257064022205,0.004609021210791581,0.0003018214246646167,5.449169382640284e-05,0.0009866530079188363,0.9953909787892085,0.9996981785753354,0.9990133469920812,0.9999455083061736,-0.9368857521017593,-0.6856123704835837,-1.3713304188525643,-0.361937705105814,0.3942183624379439,0.3936991355618583,0.3229349670834038,0.4583526438864364,0.6293103448275862,0.9974955703966198,21.78448275862069,17
464,0.03804412089018042,0.05374353101385432,-0.23407046903930004,0.32418134545160204,0.03840901513746749,0.054571592447686716,-0.23201472477546536,0.3231550546664167,-0.00546198806249989,-0.008100086018517284,-0.026096188593197803,0.006833987290008374,0.004142105544207929,0.00026339600716707157,5.2064073272461986e-05,0.0010842416895795737,0.9958578944557921,0.9997366039928329,0.9989157583104205,0.9999479359267276,-0.83670686054909,-0.6836388430753595,-1.1345508994991085,-0.3439671535893225,0.39034271031813583,0.38737830048777255,0.3166090699074246,0.4646774925013121,0.5258620689655172,0.9959537276816137,21.728448275862068,18
464,0.03557528896499497,0.052218849803943174,-0.168853301698698,0.2668789823818414,0.035996582970025295,0.05227307845970701,-0.16859216198936508,0.2669333433392374,-0.010166369656680137,-0.01082133637115855,-0.027971803984094455,0.009364024894803187,0.0015736578524563533,0.0004588173414682428,9.566868563645747e-05,0.001338804857765663,0.9984263421475437,0.9995411826585318,0.9986611951422344,0.9999043313143635,-0.9760218598948713,-0.8235849125244808,-1.311786499060494,-0.5085310175099298,0.39985711104963856,0.4033907598686447,0.3365251902517886,0.4688236157489004,0.5495689655172413,0.9963455772113943,21.704741379310345,19
464,-0.0430950263025988,-0.052391444276982314,-0.26652279346248675,0.18644889752394916,-0.03709981401046048,-0.0468324872093443,-0.25081399898154977,0.18643245913733222,-0.00511405424488587,-0.007585885515087208,-0.02890467034686578,0.009592820108435159,0.006345195205441415,0.00038492443660476106,7.28720167814112e-05,0.0012667782477792655,0.9936548047945585,0.9996150755633952,0.9987332217522207,0.9999271279832186,-0.9975803396435291,-0.8540888094334212,-1.3361797238166395,-0.5205036142399294,0.38853874078718365,0.3915568705661002,0.3147050814757147,0.46377899460413136,0.5258620689655172,0.9959537276816137,21.73060344827586,20
464,-0.015690659080019712,-0.00774591939690439,-0.24846559018405318,0.21954416567915208,-0.015094741897603533,-0.009038963063882516,-0.2504900283274332,0.21648385527354072,-0.013971998588708859,-0.013444478766821782,-0.03186981401698227,0.00690658740041262,0.009197361200447613,0.00043011374568635574,9.802694251842548e-05,0.0014106177320517,0.9908026387995522,0.9995698862543136,0.9985893822679484,0.9999019730574816,-0.9627048510682031,-0.8179294654944833,-1.2823830161904817,-0.471040125686961,0.3923274267860465,0.40053889047349234,0.3130195483303728,0.47409027659776637,0.5603448275862069,0.9968481668256781,21.704741379310345,21
464,0.023205075344295896,0.034538743207883235,-0.19563391978801475,0.2618750039637894,0.028993506238490546,0.03672489739182697,-0.18987125787077144,0.26193382519082226,-0.0019997191966684698,-0.008205977601768324,-0.026358795661081853,0.006882560423967949,0.009448243643398916,0.000356352935783677,6.46004292014224e-05,0.0010715583389225014,0.9905517563566011,0.9996436470642163,0.9989284416610775,0.9999353995707986,-0.8590925538896192,-0.6999808019173271,-1.1494209729085658,-0.3941786002958311,0.3928562966930177,0.3997829649890958,0.3211540266526731,0.4679221117105692,0.5926724137931034,0.9963285402753168,21.65948275862069,22
464,0.043330480615263595,0.065962146905059,-0.19162718578061488,0.28433464513268086,0.04157678340184408,0.06646112678625671,-0.1930928781723245,0.28476037523696707,-0.009602877840539465,-0.008070635887014455,-0.026017519699069996,0.010453341400720467,0.0024875973423163452,0.0004190791502106661,8.686979968705599e-05,0.0013058471873112765,0.9975124026576836,0.9995809208497893,0.9986941528126887,0.9999131302003129,-0.9306178996150194,-0.7958570863482282,-1.263029457455394,-0.45094350311034054,0.3868508476625236,0.3933801018306881,0.31779178116902207,0.4543638691782524,0.521551724137931,0.9966522420607877,21.745689655172413,23
464,-0.0016454872879559537,0.014203015989213408,-0.20230338088348238,0.2382764854627069,-0.001501866519129711,0.013108034261264351,-0.20189214353163465,0.23731986221393123,-0.009241752935500624,-0.008638351579874788,-0.029252633020229082,0.012657248104039266,0.002679740880892051,0.00041160968632214523,0.00011772051067565625,0.0012184234741177136,0.9973202591191079,0.9995883903136779,0.9987815765258823,0.9998822794893243,-0.9406229638134674,-0.7891493881660011,-1.2380600774431776,-0.4215199078473094,0.402889251559575,0.40976480366060586,0.3471604883981144,0.459646422983485,0.6206896551724138,0.9972740902276134,21.674568965517242,24
464,0.04211761753534378,0.06115804579147928,-0.19157591551378086,0.2876209847018668,0.04454188286789558,0.06385584537302674,-0.18811751084253703,0.2897657274918253,-0.005154084779610068,-0.008267025177793203,-0.024095648465227246,0.008979717251665773,0.0026094248742857327,0.00032135696946317127,7.917627459563814e-05,0.0011050346292371116,0.9973905751257143,0.9996786430305369,0.9988949653707628,0.9999208237254044,-0.9384020497475918,-0.7432655690142265,-1.2453622004122555,-0.43217353716891843,0.39037386791555045,0.39212937184372365,0.32131939207937243,0.46225609064848017,0.6810344827586207,0.9968311298896007,21.67241379310345,25
464,0.00864160119179979,0.012398914507607897,-0.19602976521659782,0.22551770008569283,0.009430016590912626,0.010815721486655328,-0.20086906802098928,0.22951695586598705,-0.00963416640920645,-0.011304553127359066,-0.03067713752412668,0.012123567198679944,0.0038752291768622367,0.0005621954918874628,0.0001310242906309711,0.0014861316107794287,0.9961247708231378,0.9994378045081125,0.9985138683892205,0.9998689757093691,-0.9559421663364999,-0.8386279195506237,-1.253544194642425,-0.48757604427794415,0.3874633498685737,0.3913017848758341,0.31810535428411946,0.4494462628652387,0.5323275862068966,0.9959963200218072,21.709051724137932,26
464,0.01893941377846662,0.03452097560917833,-0.2268871231465533,0.2763186334152891,0.021036820847466133,0.03662695072404361,-0.22332475751443948,0.2763951660075592,-0.005345324410993457,-0.006089837991689119,-0.023283448089234146,0.01050054081966765,0.0055048607835838995,0.00033972827000450234,6.520399543974431e-05,0.0009511151499324022,0.9944951392164161,0.9996602717299955,0.9990488848500676,0.9999347960045603,-0.9696052030305194,-0.812032948151632,-1.2477655841149236,-0.44059195421366315,0.3958834394174921,0.4034149118615967,0.33896056860876433,0.45672522119784265,0.6056034482758621,0.9968652037617554,21.69396551724138,27
464,0.031071229650649367,0.02964904955206591,-0.19050980669435966,0.26340583300413595,0.029379222981543763,0.03136257896726778,-0.19022276384459827,0.26153436920339546,-0.004974255113540372,-0.009822969516151267,-0.027363287237862896,0.010553656521011041,0.004280632093898579,0.0004024146879167412,0.00010151655898257839,0.0011117413858807434,0.9957193679061015,0.9995975853120833,0.9988882586141192,0.9998984834410174,-1.0022291123274152,-0.8183044735845707,-1.3749130647163534,-0.4138141010507476,0.39042695527786303,0.3944973584002631,0.32828427806174865,0.46222740691731756,0.5517241379310345,0.9967544636772522,21.65301724137931,28
464,0.06810072316765081,0.09173579221651176,-0.14352446476067887,0.28318432541011024,0.06701790629686746,0.0907580478228926,-0.14135785059378395,0.2825557578272355,-0.012412422680640566,-0.010739331114297259,-0.029969823810094234,0.007777756172174079,0.0035776699795833766,0.00043209043634301336,8.870228791157952e-05,0.0014470963692726768,0.9964223300204166,0.9995679095636569,0.9985529036307274,0.9999112977120884,-0.9983754389916789,-0.814298925132563,-1.2837780777489036,-0.47050921201911566,0.3781717012136414,0.39235258299080167,0.3134494877876974,0.45269396114061944,0.5021551724137931,0.9959281722774975,21.69612068965517,29
464,0.0013347247234750746,-0.014114829724940645,-0.22088191787493572,0.25219922498794456,0.0009081938058448541,-0.013507660388103655,-0.2153790708274111,0.2505518620573065,-0.00726611686334004,-0.008086442285519364,-0.02419489368015338,0.005644208239952575,0.010517888311354836,0.00030102232885170777,5.3415943620349626e-05,0.0011386001769725929,0.9894821116886451,0.9996989776711482,0.9988613998230274,0.9999465840563797,-0.902074472106039,-0.7611133653482139,-1.2092028922520202,-0.39172770577478583,0.37973411794114853,0.38835125801073034,0.30408421428913013,0.4490751372163638,0.5538793103448276,0.9966437235927489,21.737068965517242,30
464,0.04920333227109653,0.04806913123127228,-0.15653927488283753,0.27327395351714,0.04849063440217659,0.04878355393308822,-0.1567440341541897,0.2730952391349014,-0.008619253147031153,-0.007520207749701315,-0.026471484293500634,0.010449819088492901,0.003379264021437751,0.00037298560966825267,7.927419973080552e-05,0.0013949381205123623,0.9966207359785623,0.9996270143903317,0.9986050618794876,0.9999207258002691,-1.0204072847114778,-0.870980270340085,-1.3750143468761533,-0.4898911856179341,0.38835182308373095,0.39280231574278207,0.3183065621574025,0.4575608816787614,0.6293103448275862,0.9975466812048521,21.72198275862069,31
464,0.05723541951053051,0.06504257422446051,-0.20496643725096844,0.32292159418016164,0.059749190661061304,0.0674216568736411,-0.1883964597212087,0.3233071762122659,-0.006022401628292099,-0.009589982475691415,-0.029205794854954305,0.008067495048336027,0.012706583983025934,0.00037195469105627543,7.662800934243874e-05,0.0012483353248658458,0.9872934160169741,0.9996280453089437,0.9987516646751342,0.9999233719906575,-0.9136065805152591,-0.7496516647473939,-1.1888816215248996,-0.3453745542993934,0.38736285540059023,0.39499145135968305,0.31529059126212994,0.46366852453313173,0.6163793103448276,0.9971122393348779,21.726293103448278,32
464,0.0262067809587368,0.042711102300852594,-0.1727154504794984,0.23335255741725294,0.025797652618132258,0.041643820383144674,-0.17273737312334086,0.2347810053393222,-0.010398769507344276,-0.011221028832736304,-0.02871482695428393,0.008309811784793486,0.0035301155131911596,0.000453827217585967,0.00010269593130635135,0.0014277520072549232,0.996469884486809,0.999546172782414,0.998572247992745,0.9998973040686936,-0.9209950945468244,-0.7612019741536528,-1.2280007100825339,-0.4617984847267474,0.3853332631962121,0.38643737133410916,0.31910616381634793,0.4477147688624857,0.5625,0.9967118713370587,21.80603448275862,33
464,0.027957821908422473,0.029223215041824083,-0.20700971128101248,0.27607612324227143,0.02747795864800205,0.029310931167780448,-0.2066192753642334,0.27866424999491096,-0.006641019589473494,-0.008998168485599168,-0.024772045595521066,0.00851545160373395,0.002588197403713007,0.0003257249547390373,7.87735664750655e-05,0.0011282180819827958,0.997411802596287,0.999674275045261,0.9988717819180172,0.9999212264335249,-0.9485487899065096,-0.7430424289422661,-1.2104549884723736,-0.3839323971674715,0.3896349313009781,0.39485201003637094,0.33533455092075326,0.4515421993187171,0.5474137931034483,0.996294466403162,21.700431034482758,34
464,0.0023906838775615566,0.022961148339772502,-0.21162208670595478,0.21735172421387264,0.0034421374433882936,0.022897258728587798,-0.21068259090223998,0.21642858448303617,-0.005250926076009458,-0.004974549119952306,-0.026489949022524596,0.01152529785665518,0.002551860908004225,0.0003928279092346165,6.84019456464735e-05,0.0012197100567402086,0.9974481390919958,0.9996071720907653,0.9987802899432598,0.9999315980543535,-1.0324452137732736,-0.8037365786495608,-1.374641435355223,-0.5060552080015378,0.38549470544432546,0.3939880012895097,0.3141028233901406,0.4563956621169693,0.4849137931034483,0.9966437235927491,21.73491379310345,35
464,0.004219866072254518,0.024008540894007148,-0.24400857118019637,0.24809461427462048,0.0038106954808745596,0.02364780288282591,-0.24401143490972188,0.24791109369123818,-0.011007098678384812,-0.011513612837877447,-0.028215853503780697,0.006337905977010179,0.001260992702843715,0.0004222452294250223,9.161294850409951e-05,0.001179096871192109,0.9987390072971563,0.999577754770575,0.9988209031288079,0.9999083870514959,-0.9233119428421832,-0.8136164155023098,-1.2366362911451594,-0.5075308710251378,0.39017323411210664,0.39195116173915606,0.3230461425507306,0.4543259505084714,0.5797413793103449,0.9972314978874198,21.67241379310345,36
464,0.012166593409818582,0.009454997185297225,-0.2025566205330313,0.24829149206980733,0.015013542164747614,0.010522216845643955,-0.1975365804511563,0.24905216216541032,-0.010238107612119766,-0.011032865195147212,-0.029207218129629352,0.008108019038437478,0.005532997824116522,0.00041075990807948326,9.35052376297707e-05,0.0012640560374659049,0.9944670021758835,0.9995892400919205,0.9987359439625341,0.9999064947623703,-0.9008905923492766,-0.7582930644262095,-1.2237799566541956,-0.4584396928217942,0.4013644610545388,0.4102837106236202,0.34008868980513624,0.46694751157039716,0.5883620689655172,0.9968140929535233,21.745689655172413,37
464,0.020532205653413186,0.009505059689653747,-0.2092200632759366,0.2571997067444416,0.01981247896925711,0.003984242332726246,-0.2109094818283241,0.25838523194228946,-0.013168041183487068,-0.006120278165785661,-0.023826704048010072,0.008873927128027533,0.005598960512610765,0.0003030531437990258,6.065156764376023e-05,0.0010678706360632007,0.9944010394873892,0.9996969468562009,0.9989321293639368,0.9999393484323562,-0.9693847542313262,-0.8108230044543218,-1.2810539300574377,-0.4478794860121741,0.3850068130535532,0.3947447259025577,0.3211771875635346,0.4601758723485511,0.6551724137931034,0.997052610058607,21.760775862068964,38
464,0.03153174734615574,0.02618816977490919,-0.2108539050676897,0.27274138605613213,0.03198509506481959,0.023537964749822452,-0.2063535118457549,0.2654325209595797,-0.01546443755546702,-0.009861606143175024,-0.030225975020280484,0.007950743418712065,0.00716132235208007,0.000397733050393978,8.425873601236589e-05,0.001340680868791383,0.9928386776479199,0.9996022669496061,0.9986593191312086,0.9999157412639876,-0.9485457622269128,-0.7156244276931125,-1.3597351170452785,-0.40522101812012373,0.38631199545669537,0.3909483993443609,0.32407788682159183,0.45089661179495283,0.5732758620689655,0.9968822406978327,21.762931034482758,39
464,0.039166765983048586,0.06268906769548803,-0.14779679662819914,0.25785625940106205,0.03805722945877138,0.05540836001553759,-0.1503279650821279,0.2572007511086183,-0.00957599464856815,-0.011612922989426101,-0.030616709883704237,0.006767778682347701,0.00275829372732802,0.0004391413537264688,7.979485157397215e-05,0.0012834957885297371,0.997241706272672,0.9995608586462735,0.9987165042114703,0.9999202051484261,-0.9772684951528272,-0.8079058882163549,-1.3649175722357199,-0.4633789579018824,0.40461668750440904,0.4126297659380693,0.3349356727890406,0.47345483108259395,0.6142241379310345,0.9971803870791877,21.75646551724138,40
464,0.029770137387822488,0.0359104643064853,-0.2072572779306852,0.28951624963040873,0.028805253841772994,0.0357177040417368,-0.20686489003298822,0.2901566213935123,-0.010591535321282309,-0.009273381783628111,-0.028551521344460696,0.00831418003480807,0.0032165717766968367,0.0004088362728600359,7.777471402828362e-05,0.0012138972123037495,0.9967834282233031,0.99959116372714,0.9987861027876963,0.9999222252859717,-0.9492485216924464,-0.8092731527658714,-1.2786904626897706,-0.4791858901606117,0.38942395234647337,0.39391430324752136,0.3204279970704663,0.4611313946028037,0.6422413793103449,0.9977170505656263,21.732758620689655,41
464,0.02317314229556923,0.011039607396662812,-0.16967960305551277,0.2079879239697982,0.02402698163233115,0.010522265545568624,-0.17035840896747426,0.210231849722942,-0.008163131432178712,-0.007785916912364199,-0.0290010565670787,0.010233116982993748,0.0022517047819015567,0.0004071872445888247,8.511524571747087e-05,0.0013151908508031718,0.9977482952180984,0.9995928127554112,0.9986848091491969,0.9999148847542825,-1.008560552648886,-0.9069532624080204,-1.3367434664908686,-0.5738120639239038,0.40290178399976956,0.4073698701818247,0.3409090867402789,0.4684164817624832,0.5689655172413793,0.9960729862341557,21.73060344827586,42
464,0.033184317614721084,0.025686717346846126,-0.19358402377982892,0.2730579182087379,0.03136339427960892,0.02660216641774155,-0.19323405648931782,0.27012028743229277,-0.00815973140840567,-0.008044850580915038,-0.024818167801710263,0.012150803573766897,0.003872519393918272,0.0003658528491164992,8.892777265542828e-05,0.0011481626381410481,0.9961274806060818,0.9996341471508835,0.9988518373618589,0.9999110722273445,-0.9977414363745895,-0.850315564681629,-1.321397856222422,-0.4786940476773937,0.3926803014707208,0.39676706604014955,0.328414563738466,0.455570604327307,0.5387931034482759,0.9964392803598201,21.637931034482758,43
464,-0.01074446734434649,-0.022106251472049893,-0.23599849273024961,0.21080862600951686,-0.010771462279085856,-0.021228761004209964,-0.2355767554659647,0.2095238510728669,-0.009437462455725248,-0.008287752867009352,-0.03009338414245826,0.01031221641017055,0.0010300206306493116,0.0004012849438413957,7.901010618555082e-05,0.0012158605471933037,0.9989699793693506,0.9995987150561586,0.9987841394528068,0.9999209898938144,-0.9131792858664767,-0.75509926576882,-1.2116258199298964,-0.45240281431935464,0.393952503819405,0.4009062789278191,0.3246811332796663,0.4658152044382762,0.5517241379310345,0.9971633501431102,21.724137931034484,44
464,0.000595139368510526,0.007833384601389335,-0.22856015000461788,0.24087277308318178,0.001987971875203031,0.014273144908991463,-0.2273703273842977,0.24122230061405692,-0.010302761359639017,-0.007897193258637443,-0.030958327381067626,0.00844838166048168,0.006201685438792877,0.00047181544905500195,6.601626188010301e-05,0.0015426214889802115,0.9937983145612072,0.9995281845509449,0.9984573785110198,0.9999339837381199,-1.0161558377071218,-0.8507393158822408,-1.2944297960386304,-0.46432061714888195,0.39571088996258924,0.39835340937214203,0.33766403342388107,0.46081175052342294,0.6056034482758621,0.9974359411203488,21.6875,45
464,-0.008784714416355513,-0.018346524029270117,-0.21646800238133337,0.20422924134138976,-0.013325212897541702,-0.018455530999526785,-0.21558526634577999,0.1992772196121138,-0.009418819408838737,-0.006789195162511464,-0.02836190316218662,0.010201272552670953,0.008289934642834762,0.0004151520897135441,7.14745006729911e-05,0.0014174259175057102,0.9917100653571653,0.9995848479102865,0.9985825740824943,0.999928525499327,-0.950120194175869,-0.7604940699151156,-1.2627364281274334,-0.44928656590532995,0.3934645483780721,0.39838768601683583,0.33012063406736514,0.467235393156522,0.5387931034482759,0.995970764617691,21.691810344827587,46
464,0.04650453162238837,0.046470656199213325,-0.17564184458301932,0.26755939134157675,0.04741468951034757,0.04665620139234562,-0.17516597450622323,0.26769761441763357,-0.011654765653697205,-0.009007473679751975,-0.02881718769541293,0.010177910526485723,0.005397261498878796,0.00040156380506117806,9.646323990017414e-05,0.0013497679101242832,0.9946027385011211,0.9995984361949388,0.9986502320898757,0.9999035367600998,-0.972567943751594,-0.8622717137252768,-1.3724151205897477,-0.5010830101355567,0.3949242759936834,0.4016700115809275,0.33134338488288595,0.4613783169970148,0.5301724137931034,0.9962178001908136,21.622844827586206,47
464,0.007778739060910298,0.004953228450998472,-0.2381664698923499,0.29577665190259156,0.010578007846136599,0.003041062389903411,-0.23322459878845603,0.2946247966632761,-0.017900201935486325,-0.01048272808339196,-0.02868456771282376,0.008894355512748456,0.010308351998815128,0.0003793569011270592,9.850361654348272e-05,0.0011837622227487687,0.9896916480011849,0.999620643098873,0.9988162377772513,0.9999014963834565,-0.8877342422950347,-0.7453324025704972,-1.17867320350242,-0.40343202754897983,0.3825998718093086,0.38692135033466873,0.31017150945701844,0.4559740758396782,0.584051724137931,0.9964903911680523,21.70258620689655,48
464,0.0205568972476978,0.020817421418447824,-0.19816965300763026,0.2510407136716474,0.021292889601867815,0.022923763856327224,-0.19821764568953762,0.25320387320853927,-0.007927900406182619,-0.008701887128705,-0.028466892335603053,0.011909296784408633,0.004580374807429135,0.00042567482570143866,0.00010634851584806482,0.0013773010576100808,0.9954196251925708,0.9995743251742986,0.9986226989423899,0.9998936514841519,-0.9710818672195425,-0.8225749248982476,-1.2669456586956616,-0.5334396763407907,0.3928040510324682,0.39885227503554754,0.3257099575146295,0.46286158871392247,0.5797413793103449,0.9960389123620008,21.70689655172414,49
464,0.06125115745309753,0.07993986421086323,-0.14933075838240006,0.2855627922603321,0.06079015685240799,0.07922206010952997,-0.14582297971169955,0.28168922661316625,-0.008473489133949115,-0.006656373713151002,-0.02823875705962074,0.011361345940907076,0.012898877957465265,0.00037472808112337663,8.63750433785504e-05,0.0014284350195158946,0.9871011220425348,0.9996252719188766,0.998571564980484,0.9999136249566214,-0.9983753589921955,-0.8139251749111875,-1.2893656214229758,-0.516314913916494,0.3948214599659444,0.3959343199656352,0.3345821530756953,0.45909074825977225,0.5452586206896551,0.9970952023988006,21.700431034482758,50
464,-0.03059202381532252,-0.031453373362702194,-0.21933891737655906,0.1678319869906817,-0.030471715110829307,-0.03112951545196433,-0.2193884735723266,0.16758241350916528,-0.014680779322577678,-0.012937510700834248,-0.031877312843986705,0.005225834774235555,0.0026544805032028655,0.0004762925754248082,9.373261321946047e-05,0.0012782309612656695,0.9973455194967971,0.9995237074245752,0.9987217690387343,0.9999062673867806,-0.9346556736454681,-0.8309451944008427,-1.25170101627431,-0.4746315948803389,0.3948475162033001,0.3964475082103785,0.3373792855448319,0.45828753708050685,0.5862068965517241,0.9974529780564262,21.717672413793103,51
464,-0.03574842380586494,-0.01642886831852312,-0.2663238625305439,0.2047593560912661,-0.031361447166864224,-0.012021567807796767,-0.2604931747737995,0.2048416735953326,-0.009809114555307783,-0.011727498483060664,-0.031072973817687654,0.007481276502294057,0.0056749275087477685,0.0003340557329884475,8.860579331618212e-05,0.001320305416045886,0.9943250724912522,0.9996659442670115,0.9986796945839541,0.9999113942066838,-0.9157477495701447,-0.7207922205547238,-1.2546157849252793,-0.3766514843210894,0.39404184048042373,0.40466727002553793,0.32407002406159546,0.4607476618422258,0.5172413793103449,0.9966266866566716,21.717672413793103,52
464,0.02386413946612935,-0.0004766949365583613,-0.21209115222084576,0.25454328732079445,0.02494897661176942,0.003940435801573262,-0.20981878041952332,0.25476896751154327,-0.017085916210373864,-0.01374929922873655,-0.03298821092920697,0.004513548777200782,0.008712804397693539,0.0004554168540411574,0.00010329522483598641,0.001433466251250154,0.9912871956023064,0.9995445831459588,0.9985665337487498,0.999896704775164,-0.9906909745531681,-0.7603967724239283,-1.3355734779219364,-0.48843847953975605,0.3882754617529242,0.3973177160923303,0.31297881303546726,0.4583876952649288,0.5280172413793104,0.9966096497205943,21.773706896551722,53
464,0.01722701217602212,0.02035007451813096,-0.21021671122235153,0.25160048240343885,0.018545541533046602,0.02177773869702828,-0.2091683957448636,0.2565528322533678,-0.010772182059819052,-0.008632724364496542,-0.028783632638767064,0.0102015671413597,0.0018369686422359814,0.0004081602643857818,8.959366629496257e-05,0.0012773535909725853,0.998163031357764,0.9995918397356143,0.9987226464090274,0.999910406333705,-0.9301565719718446,-0.8374423522515257,-1.2169468196294733,-0.4795533610128702,0.39468084719537583,0.39899605140032574,0.3320504078370301,0.4647581383916783,0.5775862068965517,0.9970270546544909,21.726293103448278,54
464,0.010891555727981424,0.03433479631699074,-0.2195347002646428,0.2571053122782092,0.012135026812690526,0.034089940861780924,-0.21754074864627004,0.25686885158169664,-0.008327762113443786,-0.009046752769121848,-0.028161935008873054,0.009673829006116269,0.0026891030481092084,0.00037297521321116855,8.96122494633278e-05,0.0013573369609166108,0.9973108969518908,0.9996270247867889,0.9986426630390834,0.9999103877505366,-1.025428465691384,-0.8658804645224807,-1.3167736071945595,-0.4918802029531315,0.3890197589357805,0.39342034868921527,0.3228561561139604,0.4593595032267521,0.5538793103448276,0.9956300258961429,21.683189655172413,55
464,0.00854739313019505,0.02449169006295852,-0.21135169464404308,0.2406160582143848,0.007090518607379158,0.020318991289553293,-0.21130116443160493,0.23815143892790083,-0.015093215249641165,-0.010992743281022658,-0.029642674576535476,0.006938324018972493,0.006766377293568162,0.0003952542660445313,8.480483183703758e-05,0.0012808982703184646,0.9932336227064318,0.9996047457339554,0.9987191017296815,0.999915195168163,-0.984021279809394,-0.8196164319871944,-1.2543378519555106,-0.5372554569045255,0.4021087440560061,0.40488139653496696,0.33654029797931956,0.4647417865939768,0.5237068965517241,0.9962774294670846,21.6875,56
464,-0.010726507665016195,-0.01811341878219217,-0.22799723962950932,0.21935969543789197,-0.01064845779524574,-0.01940570711433709,-0.22854281046731661,0.21945744139937656,-0.009560869816127946,-0.008048738041974257,-0.029329171238539002,0.012916095723744261,0.002891333019915895,0.0004331387938523723,0.00011616641851577847,0.0014550620885325494,0.9971086669800842,0.9995668612061477,0.9985449379114675,0.9998838335814842,-1.027768844806252,-0.866838286051634,-1.3874204128633227,-0.5287070293914546,0.3994025683657802,0.3997144017168498,0.33470190225337504,0.4700935778533096,0.5797413793103449,0.9972229794193812,21.674568965517242,57
464,0.018166425908064988,0.02672154740024365,-0.17461527307340918,0.22003779642221039,0.018205318407480218,0.02601770733638751,-0.17540492008554306,0.21985004284749488,-0.008854714625773506,-0.00741143763565855,-0.027400087527938172,0.010516021894945287,0.0009730867720059966,0.00038016663387019367,8.803851243852079e-05,0.001240625188896588,0.9990269132279941,0.9996198333661298,0.9987593748111034,0.9999119614875615,-0.9766222864431882,-0.8301856829425072,-1.263515701815958,-0.49169673917770335,0.3872328875508721,0.39526209461773554,0.3196280458261892,0.4598428417113083,0.5625,0.9962859479351234,21.767241379310345,58
464,0.03754119265309308,0.049343203598192706,-0.19351163750204478,0.2830784041744948,0.03695903055269744,0.046616567533296516,-0.19246474276914616,0.28250396748049456,-0.006821427142585157,-0.006291557878978166,-0.029269023600560697,0.011109657469134641,0.0034166560314436672,0.000342525203238464,7.170165358311165e-05,0.0013526328955536515,0.9965833439685564,0.9996574747967615,0.9986473671044463,0.9999282983464168,-0.9893138621689674,-0.836860711460179,-1.3959407553695378,-0.42860748882901806,0.39938286392540145,0.4038392916485518,0.33502001798336534,0.4688583982925074,0.5021551724137931,0.9966266866566716,21.713362068965516,59
464,0.0035120906514362854,-0.0007287351421048571,-0.27914595627996797,0.25830587871750693,0.003585437226774056,0.003547344056090737,-0.275611072289192,0.2554314448247199,-0.005006095523106999,-0.009151734959640632,-0.02761371366624224,0.012276175269347043,0.009615283214642294,0.00043416275252688985,9.803217809545295e-05,0.001476465525941828,0.9903847167853578,0.9995658372474732,0.9985235344740582,0.9999019678219045,-0.8904371541432236,-0.7944034597690034,-1.3067193785824789,-0.40021074793005457,0.38666345425048276,0.39251515593954384,0.3237906091398342,0.45716662555358034,0.5862068965517241,0.9969929807823361,21.674568965517242,60
464,0.0577170218133732,0.09949098387426562,-0.14775905819034182,0.29229707191272214,0.0586637188880045,0.09806844573355321,-0.14709976507310019,0.290253114212801,-0.0053520968656189305,-0.008333255798437638,-0.02913620696363518,0.007828536773856962,0.008634670580321952,0.00043599245112141416,6.7524095935384e-05,0.0013391064398236563,0.991365329419678,0.9995640075488785,0.9986608935601764,0.9999324759040646,-0.9973148323052068,-0.8120492896603141,-1.3306457252766044,-0.4688784665610877,0.38550531916294045,0.38899582355848306,0.32494293123958085,0.45152432635559797,0.540948275862069,0.9964903911680523,21.782327586206897,61
464,0.06368275054101401,0.06801457265429303,-0.14581569712264866,0.3099586058913175,0.06489213512776439,0.06609645458996807,-0.14582503117926723,0.30967991386762594,-0.008585094513920076,-0.006402273567493396,-0.028668227895728378,0.010874452730545386,0.005829379860113973,0.00035655545762069973,7.315949865571714e-05,0.001355554033700912,0.9941706201398859,0.9996434445423793,0.9986444459662991,0.9999268405013443,-0.973050467054183,-0.7740926964843534,-1.4763529277079894,-0.4129859852966299,0.38060386831881243,0.39172121455214803,0.3155693819011364,0.4532151516101335,0.5021551724137931,0.9966692789968652,21.646551724137932,62
464,0.019304130624374922,0.02379711280049646,-0.24643308181652065,0.278867265414287,0.023533614663454987,0.026745289381676314,-0.24069565003536675,0.28301658082469705,-0.008472207608856417,-0.00767274153564485,-0.027650074349953386,0.009665727418550252,0.006476703096698398,0.00040276660532390096,7.562021609602843e-05,0.0012829907410256414,0.9935232969033015,0.9995972333946761,0.9987170092589743,0.9999243797839039,-0.9259714794264446,-0.7347997372237937,-1.2416629131145966,-0.41649163854996324,0.3951836508912974,0.4034134980979308,0.33435642135854554,0.4642966114357572,0.5495689655172413,0.9967970560174457,21.737068965517242,63
464,0.0598259123626751,0.08811879524197315,-0.18107636017312828,0.3167753767140249,0.06191665965941352,0.0907625383613695,-0.1774137099007099,0.32226699716568,-0.006700355963708125,-0.009004623136285689,-0.029938283336935073,0.009103319640916131,0.003509660309877474,0.0004375234850320653,8.175197019941183e-05,0.0014434556643906082,0.9964903396901225,0.999562476514968,0.9985565443356094,0.9999182480298006,-0.9303684679469332,-0.8131660962379136,-1.3166642324265405,-0.4514484312019208,0.3865609656248863,0.3971934331889725,0.3147348410955825,0.45307408860687415,0.5797413793103449,0.9969077961019491,21.700431034482758,64
464,0.02029437459347482,0.02874920608614811,-0.20636912401043983,0.2563053671445854,0.019857596091644197,0.028536270680494018,-0.2068835910060382,0.25462071747548637,-0.004958382275274505,-0.008808454548407162,-0.026100205473422747,0.013909963735538187,0.0015733361597032492,0.00044506570115387944,0.00012309341857597023,0.001513340462849122,0.9984266638402969,0.9995549342988461,0.9984866595371509,0.999876906581424,-0.9677863196200701,-0.8673170011806106,-1.3059857208229315,-0.5195367047889686,0.38717092112113494,0.3925634711303079,0.3188447439576186,0.4561936323079098,0.5280172413793104,0.9959366907455363,21.70258620689655,65
464,0.08747333748598053,0.08038739980013915,-0.14334980374372794,0.3119831456338154,0.08627878176545542,0.07992381293774058,-0.14441390117635805,0.3117087079138924,-0.01188492984908457,-0.010291561164150746,-0.031115315920030945,0.007522614896091245,0.003985067702045536,0.00045793358497520087,7.29165800760212e-05,0.0015264131997169417,0.9960149322979545,0.9995420664150247,0.9984735868002831,0.999927083419924,-1.0344983937247625,-0.9185877973004251,-1.4158546548761612,-0.47903558520785205,0.3867163157547301,0.39497949009054345,0.3208459849384726,0.45833042035613913,0.5517241379310345,0.9968311298896005,21.76508620689655,66
464,0.046257834824364644,0.06315473244488068,-0.1709453359052027,0.277195552761143,0.048519834306695424,0.06643511858458179,-0.15912457104465616,0.2781098975020114,-0.010878540344500344,-0.008535404079409325,-0.026803391434579424,0.008634797614318075,0.0037914682671503917,0.0003611025860179029,7.401262906545081e-05,0.00131025495498166,0.9962085317328496,0.999638897413982,0.9986897450450183,0.9999259873709345,-0.9796563364766273,-0.7962786673697186,-1.280684303830633,-0.4238478980505573,0.38153011106547996,0.3882927478155249,0.3060768651118663,0.4506223367802877,0.5775862068965517,0.9965585389123619,21.71551724137931,67
464,0.027056491216986077,0.05229358624343525,-0.2117923872870296,0.2760837282673585,0.02564179926781044,0.04886390736997538,-0.21362111238754067,0.2756251800385751,-0.011035563691674721,-0.011127693394579845,-0.027820206183297874,0.006348061949862712,0.007533409094340513,0.00034950249601778394,8.319376123866462e-05,0.0012690616839456659,0.9924665909056596,0.9996504975039822,0.9987309383160543,0.9999168062387613,-0.9018898259020067,-0.7748284961863832,-1.2004608569001542,-0.40481091768547134,0.3894067744468861,0.3957678193337998,0.32774883029383844,0.45507849495397024,0.6142241379310345,0.9962518740629684,21.75646551724138,68
464,0.008023376049318484,0.018702789476677365,-0.24703472074681204,0.25952981419569854,0.007767218609634318,0.01757341793315074,-0.24685987891995087,0.25869885359965833,-0.007116399116462287,-0.008020025165525697,-0.02718222942326471,0.008534614090363112,0.005283188957831403,0.0003319620820315672,7.103240680059186e-05,0.001090093085241689,0.9947168110421686,0.9996680379179684,0.9989099069147583,0.9999289675931994,-0.8977334756173659,-0.7620502690180215,-1.2230203072081571,-0.3866385558638339,0.3932953244111771,0.3961354346912541,0.32303680469945856,0.46265129509157105,0.5948275862068966,0.9970440915905683,21.65948275862069,69
464,0.03043332497157611,0.04565443459389069,-0.22260343977483985,0.3043289993175258,0.03077779450972415,0.0498889374438954,-0.2220598178879608,0.3046520242627295,-0.009770872272487498,-0.008766933879746468,-0.026621072331885008,0.008815780014408832,0.0009063144619147478,0.00036819317007941166,7.692273075474154e-05,0.0011073158086730706,0.9990936855380853,0.9996318068299206,0.9988926841913269,0.9999230772692452,-0.8652195318981403,-0.7213616314656243,-1.1350529990370422,-0.425981775469018,0.3967053819482333,0.4068230920487691,0.338576162846757,0.4619881504383111,0.5797413793103449,0.9967885375494071,21.657327586206897,70
464,0.015363529524837976,0.04599058608808623,-0.2385938051772441,0.2683845827389674,0.013921113204785465,0.04157250984857083,-0.23879550220887275,0.26893477116938014,-0.010045197424767349,-0.010702774109636326,-0.028991097562977956,0.007391258832750944,0.007364168512529781,0.00037276886378739826,9.071072765137744e-05,0.0013089139871990674,0.9926358314874703,0.9996272311362127,0.9986910860128009,0.9999092892723487,-0.9633808151922587,-0.7475798054007086,-1.3308520156622963,-0.3543158417368847,0.3976618637357213,0.39919421551485185,0.3350689054242636,0.4649236202647187,0.5625,0.9967629821452909,21.711206896551722,71
464,0.06014678790496641,0.056263232565049545,-0.17750183392535201,0.346636392963257,0.05885327637233455,0.05604940401436857,-0.17739048731736023,0.34055507505869687,-0.012362811991744787,-0.010667140702117352,-0.028705253887990393,0.007938601442572715,0.0022813814973730345,0.0003313053575009772,9.324499163423927e-05,0.0012789938876270612,0.9977186185026269,0.9996686946424991,0.9987210061123729,0.9999067550083658,-0.9461492361000317,-0.7618964689499907,-1.3147377417951722,-0.41590775164488886,0.3880049609410657,0.39190698711950184,0.3204456265753729,0.45392068217060844,0.6594827586206896,0.9960985416382717,21.66810344827586,72
464,-0.00508942524499517,0.04210333249151673,-0.2406257012862288,0.25829122064030524,-0.0025186306831921435,0.042378438762731035,-0.23664801872900704,0.2596201388260382,-0.011889188929906647,-0.009479146376976985,-0.027975175963821534,0.009025757630536507,0.006817617290043756,0.00036267708589704517,8.832057626229073e-05,0.001289409774739514,0.9931823827099562,0.9996373229141029,0.9987105902252604,0.9999116794237377,-0.9472983952583387,-0.8009837051949981,-1.365647211247024,-0.4180891259178872,0.3822311695758721,0.38468257810615636,0.3041698399753253,0.4536441538385651,0.5538793103448276,0.9961837263186587,21.711206896551722,73
464,-0.011983421895512207,0.02410328841008537,-0.2646607402972202,0.24209667359308817,-0.01524519352917042,0.023009392749280117,-0.2665708446306885,0.2382293696967748,-0.00984664429374074,-0.00815735173893338,-0.02643075684354137,0.010143379785300131,0.0035220590666575516,0.0003371470360756801,7.742978831157266e-05,0.001148943068061986,0.9964779409333425,0.9996628529639243,0.998851056931938,0.9999225702116884,-0.8500362292184866,-0.7304505742893272,-1.2204661928054685,-0.3494299548726256,0.39605803280074164,0.4016131348585362,0.3391988620458949,0.45807834868882324,0.6099137931034483,0.9965840943164781,21.691810344827587,74
464,0.02962527093550668,0.04924334012574173,-0.17804811489422656,0.2722134321070688,0.0283471531516117,0.045972693142300736,-0.17895048413448975,0.26827185047666124,-0.01021753894099609,-0.0077891008266064874,-0.029787493371143628,0.009063525430431374,0.0017468315576765394,0.0004337346470474346,7.025386478520801e-05,0.00127145140917595,0.9982531684423236,0.9995662653529526,0.998728548590824,0.9999297461352148,-0.9805644980972021,-0.864374050436198,-1.3121066979996718,-0.4840376693900012,0.39450652300371003,0.3982244287086017,0.33704904682913184,0.456871212595353,0.6163793103448276,0.9969418699741037,21.717672413793103,75
464,0.003432183729289335,0.02247439786513871,-0.24201219298451593,0.25139156241047217,0.004572791562480929,0.022862929970155817,-0.2423055479197694,0.2501547676060191,-0.010944207923393364,-0.009400650997115192,-0.0298347255623276,0.010855526463062383,0.003827415663256407,0.0003741895298042808,9.963158609738176e-05,0.0014427979164965132,0.9961725843367436,0.9996258104701957,0.9985572020835035,0.9999003684139026,-0.9336068539902022,-0.8386339242673532,-1.2435219914554319,-0.4960881592020203,0.3982597276791243,0.40210033619276625,0.3356590275485244,0.46228653389076985,0.6120689655172413,0.9966522420607877,21.68103448275862,76
464,0.03753265000849579,0.03321308613308564,-0.2126779210335407,0.30125331595060256,0.036217430726954755,0.03317912185495911,-0.2129780222757678,0.2979156732713818,-0.012459050016796787,-0.010702278359539106,-0.02760660153338518,0.006850216067249228,0.002303980809298442,0.0003506220479119193,8.088084894955494e-05,0.0010748477703412807,0.9976960191907015,0.9996493779520881,0.9989251522296587,0.9999191191510505,-0.9367342665650978,-0.725867311675314,-1.2391730703997075,-0.4067277304500797,0.3806905817563748,0.38576753793407037,0.32061500949439353,0.44468548139746833,0.6056034482758621,0.996149652446504,21.76939655172414,77
464,0.022026589076021657,0.020844100284332083,-0.1894368501145345,0.2443446045939523,0.02219183431024139,0.020555093772333603,-0.18997157557724395,0.2440388793886127,-0.012037083616518856,-0.01077224092331755,-0.03018231206268949,0.008555067667360151,0.001028305164891846,0.0003719738513872084,0.00010051785878129049,0.0012775762314093109,0.9989716948351082,0.9996280261486128,0.9987224237685907,0.9998994821412187,-0.9999862544755183,-0.8697336802278441,-1.3293542770018512,-0.5167055288776438,0.3862135485986135,0.3969428640832313,0.31419314393219,0.46049225347004663,0.6163793103448276,0.9966692789968652,21.709051724137932,78
464,0.03481446496772259,0.032748654622099804,-0.18345862054372342,0.2374946810744818,0.031791339784081815,0.030631528145213076,-0.18888405805932837,0.2328241744836744,-0.007321535299769367,-0.00774001914545564,-0.030134668713211375,0.01102121116452338,0.006901916079473872,0.0004721235783108346,8.282468000014864e-05,0.0016894899213723558,0.9930980839205261,0.9995278764216892,0.9983105100786276,0.9999171753199998,-0.9803630858005888,-0.8249126362501329,-1.2914390684591464,-0.4890542784132639,0.3868850222739541,0.3912331546960456,0.32656819392667114,0.4518994685666974,0.5387931034482759,0.9957748398528008,21.700431034482758,79
464,0.005029745762698734,0.013572020419785603,-0.233324332749458,0.2347590227757526,0.0037488821309800556,0.012183974874504299,-0.2332691198790184,0.23266692609876846,-0.009304980387903092,-0.01132492509682087,-0.03117028898404607,0.008858074646534148,0.005869983896517865,0.0003923258367530269,0.00010859960293252424,0.001364281700234199,0.9941300161034821,0.9996076741632469,0.9986357182997658,0.9998914003970675,-1.0286716827483526,-0.8889780182453774,-1.3724111897356281,-0.5540924490873369,0.396069274883494,0.4012207237715768,0.3326186237196939,0.46135590830776224,0.5560344827586207,0.9962774294670846,21.655172413793103,80
464,0.01888139370392661,0.02372375984107527,-0.17659097550182706,0.22102976783971656,0.01936211758580881,0.023162489544144748,-0.175279826139397,0.21973899507006553,-0.007618258864263477,-0.009720417101446718,-0.030168884653513674,0.010515432456454966,0.0038016194603243706,0.0004791981233375764,0.0001024839456153781,0.0013325388413059358,0.9961983805396756,0.9995208018766624,0.9986674611586941,0.9998975160543846,-0.9794379720440397,-0.8309902290227179,-1.3232154590151617,-0.4692993035341344,0.38003766602007255,0.3824199685331375,0.31234032000428213,0.4534844850420198,0.5474137931034483,0.9959537276816137,21.63362068965517,81
464,0.079330789034531,0.07029855337058957,-0.14283013015917437,0.3154878986486687,0.0741916838566586,0.06461667262495788,-0.1503632350584893,0.31258235190092676,0.00042321456880096953,-0.006954023336690049,-0.025046436241980323,0.010858905316709825,0.0080757040244499,0.00038180886503691447,6.293561165676698e-05,0.0011927173862847362,0.99192429597555,0.9996181911349631,0.9988072826137153,0.9999370643883432,-0.8591211268242299,-0.7227343651857856,-1.215090192130504,-0.419645204802773,0.39570885281000323,0.4035590496464646,0.33191880650699807,0.46570393690851286,0.5969827586206896,0.9968396483576393,21.726293103448278,82
464,0.00018333792227814838,-0.01692397773152496,-0.25615665966924583,0.25702042465197256,-0.002876892362345099,-0.01746092241639497,-0.2594537327523323,0.2524074826152804,-0.006618134799520816,-0.011081047783392023,-0.0281134884050082,0.006069671062469492,0.004373861500371363,0.00032358445634977917,7.953311111510986e-05,0.0011281537909441364,0.9956261384996288,0.9996764155436502,0.9988718462090559,0.9999204668888849,-0.8010373942980834,-0.690679558278373,-1.0746112268797257,-0.3897281679291776,0.39447583430519667,0.39187991026549596,0.3338709509935174,0.46785057795666707,0.6120689655172413,0.9964477988278588,21.65301724137931,83
464,-0.019148072337035776,-0.038458645016760995,-0.2187976175757095,0.2035471742355325,-0.016825389837449422,-0.03481066433659826,-0.2168720246034385,0.1966830588508172,-0.017778228925861225,-0.009432948477165243,-0.030035235626631414,0.008029234393746988,0.01094777757307122,0.0004010035361945996,7.57282359086231e-05,0.00137888583285814,0.9890522224269288,0.9995989964638055,0.9986211141671418,0.9999242717640914,-0.9776654302909439,-0.8513427092326794,-1.365686118923473,-0.4475733009620689,0.3919359629168552,0.394848810185987,0.3244348746339287,0.45907784085063763,0.6012931034482759,0.9972229794193812,21.788793103448278,84
464,0.05301929172160732,0.07010521442288103,-0.17552051582561515,0.2871462644314725,0.05142187124541987,0.06941473206375574,-0.1755421199858267,0.2840468134208137,-0.005142524156482235,-0.0055638538991788795,-0.02242292661092143,0.011139220218016867,0.006291921685937658,0.00030259381910119343,5.316480022632408e-05,0.001127531919625585,0.9937080783140623,0.9996974061808988,0.9988724680803744,0.9999468351997737,-0.903424187868837,-0.7874548472311206,-1.2117828268568536,-0.4283201733997018,0.39290607765364943,0.39868017182898263,0.33472528454629996,0.4586944934218206,0.521551724137931,0.9953233610467493,21.663793103448278,85
464,0.021624026343006343,0.02271505624906269,-0.2246834225330753,0.28117695179874175,0.021678552637617757,0.02230594586883529,-0.2197540416918784,0.27745030791645303,-0.010264808227707834,-0.007235082697223723,-0.025420366012474552,0.008731876629400627,0.0044579727484110356,0.00037404190995132813,6.11707609886325e-05,0.001396307585039308,0.995542027251589,0.9996259580900486,0.9986036924149607,0.9999388292390113,-0.9614223369763136,-0.8106495220232371,-1.2922253687862058,-0.4482918777081362,0.39303833518419884,0.39856396506053327,0.32424913118322474,0.4602349028123961,0.5883620689655172,0.9970014992503748,21.700431034482758,86
464,0.037857782043499696,0.04157735890922083,-0.2180550085967526,0.2828980789397175,0.03717106781175159,0.041453854548701485,-0.2206319164438596,0.28589244874679587,-0.00841274525465782,-0.00660444199997875,-0.028089424128466628,0.009030296182690519,0.0021911400420691262,0.00033778092788272485,5.534181307623176e-05,0.0012478187450841727,0.9978088599579309,0.9996622190721173,0.9987521812549158,0.9999446581869238,-0.959242459655565,-0.7826246137585988,-1.321078212398608,-0.41127685953422,0.39381017674118185,0.4002244094302943,0.32640918537347735,0.4660200912215763,0.521551724137931,0.9964307618917814,21.657327586206897,87
464,0.03018202320912317,0.05573299673894136,-0.2077175151008432,0.2660421817127219,0.028049763968050114,0.054785581882281886,-0.19378656959370438,0.26414460845701804,-0.011611315439282503,-0.007705751279129048,-0.028486518167085452,0.009102967357633822,0.007927699060779109,0.00038230115517978724,6.840162592791632e-05,0.0012559298745198066,0.9920723009392208,0.9996176988448202,0.9987440701254802,0.9999315983740721,-0.9287736121255428,-0.8187331455834425,-1.281573216318506,-0.47276876421713865,0.39958358449448184,0.4109218384773631,0.3412505580231249,0.46490843562345596,0.6271551724137931,0.9974870519285811,21.728448275862068,88
464,-0.00035283866529992145,0.00893451156741071,-0.2573989878546884,0.2619558638992417,-0.0017526294751118482,0.0031652695734755917,-0.25876093344029716,0.26206860181847697,-0.009726769360445454,-0.008080885929708442,-0.026578744750872137,0.011951572205009163,0.0017323732733034356,0.00039299090341798903,9.699054260553508e-05,0.0011826138462094904,0.9982676267266966,0.9996070090965821,0.9988173861537906,0.9999030094573944,-0.8659223398970639,-0.7187702248497189,-1.1878101016609892,-0.4228203870916758,0.3953223287131987,0.3937342282312478,0.32905517672943274,0.46421649731438164,0.5560344827586207,0.9962859479351233,21.74353448275862,89
464,0.032364202061198145,0.030150731191508046,-0.16505903884140632,0.2518504695492627,0.0332195969086318,0.030831613994413726,-0.16412646988140972,0.2548741249664996,-0.011289691462577255,-0.01086803568567032,-0.028844246688417032,0.00766266478014755,0.0011200694966377212,0.00041147061892027326,8.235782549156911e-05,0.0013968509481482316,0.9988799305033623,0.9995885293810798,0.9986031490518518,0.9999176421745084,-1.0333889656978688,-0.8861611173934755,-1.386629959692531,-0.507959132435821,0.38637764550175924,0.39311276279232943,0.33236299908467104,0.45080430751188705,0.5969827586206896,0.9963029848712007,21.713362068965516,90
464,-0.04433776559694133,-0.044715290753862866,-0.31333731962119216,0.22554709676006313,-0.044324313493399214,-0.04458072757381965,-0.31336851724208364,0.2255078720344052,-0.008384817720505018,-0.00735291927652006,-0.026090275137932304,0.009592719130281898,0.0009549819764244326,0.00037791034027523374,7.178570982491195e-05,0.0010543802569250305,0.9990450180235755,0.9996220896597248,0.9989456197430749,0.9999282142901751,-0.8469279921737676,-0.7091215511897059,-1.165988161406021,-0.38311365449913976,0.38308460360428537,0.3878058484378375,0.3148373914406726,0.46041979265019456,0.5086206896551724,0.9968140929535232,21.713362068965516,91
464,0.024405314324931114,0.04833490381719885,-0.22008801539640888,0.31605319988789293,0.028342825448112275,0.05063022062035981,-0.20636787937637563,0.31455389663767763,-0.006018864077123063,-0.008327839618976558,-0.027751378913221297,0.00952492300526252,0.007529804554421593,0.0003642001119313898,7.334928017363462e-05,0.0013502222142623976,0.9924701954455784,0.9996357998880686,0.9986497777857376,0.9999266507198263,-0.9392693999990777,-0.7515603657652966,-1.298164257366446,-0.3969162936032835,0.39647160107897333,0.39760633763595155,0.33692547642951065,0.46259908362816854,0.5991379310344828,0.9971974240152651,21.74353448275862,92
464,0.04402215377286718,0.03212562718520243,-0.2145842581474996,0.3008038629983334,0.04512070488178426,0.033284416142215514,-0.21167147731375152,0.3033418910210607,-0.005232349358286651,-0.005284738694407523,-0.02032886522698235,0.010991095601501293,0.0013549256218745006,0.0002675343878019709,5.482646019910886e-05,0.0010227665268052744,0.9986450743781256,0.999732465612198,0.9989772334731948,0.9999451735398008,-0.9389758831672811,-0.7815184672388118,-1.2882750713104785,-0.42086631137991803,0.37945863971375116,0.3852627333930754,0.3144562879086722,0.44637517337825466,0.584051724137931,0.997257053291536,21.717672413793103,93
464,-0.02122176866350799,-0.027359402253283226,-0.2531926748654073,0.21763020584546983,-0.01863776015886321,-0.022831330629441957,-0.24853411883151302,0.22275678192074128,-0.009529504982249182,-0.008154574483317755,-0.026385688288174065,0.008521778142682785,0.004572323254461565,0.00040104702082133237,6.819968581117664e-05,0.001296612518218998,0.9954276767455383,0.9995989529791787,0.998703387481781,0.9999318003141888,-0.9649730096262973,-0.8404501416378507,-1.3167711450957968,-0.5029944779558546,0.382201951202176,0.3894154636363534,0.3159028606227546,0.4550075019299178,0.5926724137931034,0.9957066921084912,21.573275862068964,94
464,0.006723884015342934,0.006574732953169111,-0.22643689296081798,0.25312054730301514,0.0059328551830353455,0.006781052905778746,-0.2264730924900013,0.253209568158113,-0.010598762084034508,-0.010138201576264876,-0.02740729044168634,0.007602392893477649,0.003624831614937856,0.00040370706522729893,9.27515571366444e-05,0.0012844510044022761,0.9963751683850621,0.9995962929347727,0.9987155489955977,0.9999072484428634,-0.9770022848392599,-0.8005262671005157,-1.3597920273137463,-0.4535261707399092,0.38680521015124386,0.39209618434361493,0.3097670716502649,0.4628706456747336,0.6400862068965517,0.9965670573804006,21.665948275862068,95
464,0.004685133684343182,0.0030544402100721375,-0.2338286106537329,0.247349933777444,0.004590817548009155,0.0037873358889025594,-0.23337685573694925,0.24877568896188534,-0.01347646648523929,-0.009941194381156787,-0.0280283250003924,0.007257900327843892,0.0037477967429843106,0.0003642803466206712,8.222195548138189e-05,0.0012727869723270502,0.9962522032570157,0.9996357196533794,0.998727213027673,0.9999177780445186,-0.9182189987729055,-0.8143330921935632,-1.1861393362892922,-0.5006054837783889,0.38670292896569314,0.39314705482461076,0.3237761396408541,0.4524506172845076,0.5495689655172413,0.9964733542319749,21.737068965517242,96
464,0.05144264447533109,0.048143470256064955,-0.15388640503119852,0.28030663361644853,0.05153907362341431,0.04864185900415981,-0.15436413943879276,0.2811909509903136,-0.00918342675868962,-0.007437765801766019,-0.0277449090641813,0.006536387570104814,0.0010755887421004231,0.0003592407215842197,4.8410430318251985e-05,0.0012169345610323068,0.9989244112578995,0.9996407592784158,0.9987830654389677,0.9999515895696818,-0.9545064494650842,-0.82570523737662,-1.2438818499209732,-0.4659489157865217,0.3898447439846763,0.39352252403973365,0.3265523082609628,0.4543939732938973,0.603448275862069,0.9975381627368134,21.67887931034483,97
464,0.039154604728008885,0.04677697745803863,-0.17812964264454847,0.2893016920871293,0.039439278857018506,0.04650744708550015,-0.1769913070719122,0.28890986498048576,-0.013663166252685328,-0.012132254744835968,-0.03036284279047497,0.0025672289703592083,0.0016234713742462213,0.000386298772355409,7.388743983158252e-05,0.0012703419132868987,0.9983765286257538,0.9996137012276446,0.9987296580867131,0.9999261125601684,-1.0635984158340208,-0.8939559993626308,-1.4069848963340932,-0.46105358308843736,0.4004843442192538,0.40555897147811215,0.33404670169225104,0.47290484048514253,0.6012931034482759,0.9977170505656262,21.70689655172414,98
