mode,date,start,past_start,future_start,cosine,incoming_speed,outgoing_speed,static_loss,constant_velocity_loss,constant_velocity_skill
standardised,2001-02-14,42,0,84,-0.12577578529430172,0.6837379324719113,0.5664124663003792,0.09931858990810527,0.23356049714466062,-1.3516292102089142
standardised,2001-03-06,56,14,98,-0.12660426186363577,0.7819999990506825,0.664378474417756,0.13387954610408434,0.30492134519899877,-1.2775797653357621
standardised,2001-03-28,70,28,112,-0.1052271867160557,0.589421744066443,0.6111768751195941,0.11684124747378306,0.22544840440103675,-0.9295275365116507
standardised,2001-04-17,84,42,126,0.14720727111923756,0.5664124663003799,0.6163902018895194,0.1173922159538409,0.17688825898726432,-0.5068142086764722
standardised,2001-05-07,98,56,140,-0.1456450691901651,0.6643784744177561,0.5758929107232089,0.10352490693454186,0.22294427260485813,-1.1535327024811948
standardised,2001-05-25,112,70,154,0.04023290255843157,0.6111768751195938,0.7230617696002385,0.15751980125939088,0.2307046934659045,-0.4646075707396218
standardised,2001-06-14,126,84,168,0.030318212744665625,0.6163902018895195,0.6983733439607722,0.1454760667013475,0.23201380775144007,-0.5948589552379684
standardised,2001-07-04,140,98,182,0.21571537140823363,0.5758929107232086,0.6070150575254323,0.1149217035724767,0.15867488446120115,-0.3807216524695094
standardised,2001-07-24,154,112,196,0.18390127885131285,0.7230617696002388,0.7219367516108233,0.15266820290046437,0.22865762966916536,-0.49774232829768805
standardised,2001-08-13,168,126,210,-0.0490638334340674,0.6983733439607718,0.5433840942139344,0.091948918122491,0.22894208926689577,-1.4898834476976388
standardised,2001-08-31,182,140,224,0.20912113285616377,0.6070150575254327,0.5652664874924199,0.09881786403707056,0.16088742914803586,-0.6281208940893572
standardised,2001-09-20,196,154,238,-0.2153234733624956,0.721936751610823,0.8301968121723534,0.1899922794813335,0.3004590763294727,-0.581427819855135
standardised,2001-10-10,210,168,252,0.13619852807881536,0.5433840942139344,0.5900858278452361,0.10790098003102526,0.16347165435966074,-0.5150154735634189
standardised,2001-10-30,224,182,266,-0.133843089746061,0.5652664874924199,0.5810575009865144,0.10334609628831881,0.2018320407859493,-0.9529720815275955
standardised,2001-11-19,238,196,280,-0.42359892047489134,0.8301968121723526,0.42046476241346553,0.056864375905349984,0.2733953666767414,-3.8078495951807234
standardised,2001-12-07,252,210,294,-0.1411880589106981,0.5900858278452364,0.35945935951177405,0.04211034014761653,0.1618593053963601,-2.843695036158985
standardised,2001-12-27,266,224,308,0.1238329358679247,0.5810575009865142,0.39176128325609333,0.04944119868712097,0.12929543115144324,-1.6151354454341669
standardised,2002-01-16,280,238,322,-0.24622977033705967,0.42046476241346536,0.4448164602191008,0.06264183905597864,0.13733718501269246,-1.1924194289692518
standardised,2002-02-05,294,252,336,-0.09608484417121252,0.35945935951177355,0.5372106524126659,0.08965215833395683,0.13855877253876261,-0.5455151901934949
standardised,2002-02-25,308,266,350,0.44727797211629966,0.39176128325609355,0.49631820251041103,0.07728823439282673,0.07114336737606501,0.07950585318755876
standardised,2002-03-15,322,280,364,0.2736473049348329,0.4448164602191011,0.4410510545441645,0.061717531177510075,0.08706143444084151,-0.4106435040383918
standardised,2002-04-04,336,294,378,0.08776719631504519,0.537210652412666,0.4164987234445146,0.05536258789827405,0.12385595517573122,-1.2371778465867647
standardised,2002-04-24,350,308,392,0.2884200564823344,0.49631820251041076,0.30850046008603,0.031064436903150455,0.0784828935867381,-1.5264547312228478
standardised,2002-05-14,364,322,406,-0.20967310679062964,0.441051054544165,0.45329965385732485,0.06501238872489878,0.13941569342141294,-1.1444480991362003
standardised,2002-06-03,378,336,420,-0.39557116812639603,0.4164987234445142,0.4474741151094126,0.06359964681780994,0.15109955533489527,-1.3757923651327975
standardised,2002-06-21,392,350,434,0.020291231725011495,0.3085004600860298,0.48280529315578585,0.07345804985891287,0.10017457472212736,-0.36369771474368795
standardised,2002-07-11,406,364,448,0.06561302504693084,0.4532996538573249,0.4445484417084488,0.06352302269562804,0.11572652057932942,-0.821804373728177
standardised,2002-07-31,420,378,462,0.17238222235848275,0.44747411510941243,0.5487648920868686,0.09535600260762041,0.12649337051219867,-0.3265380998897902
standardised,2002-08-20,434,392,476,0.06641133460988068,0.4828052931557861,0.4390376076573112,0.06193764042883313,0.11919433128669905,-0.9244247998703525
standardised,2002-09-09,448,406,490,0.10710882204540037,0.4445484417084485,0.9615532017014934,0.2379019911459214,0.25861451362983195,-0.08706325821042071
standardised,2002-09-27,462,420,504,-0.0039044821601909693,0.5487648920868693,1.3550822766784996,0.3333123460934749,0.35229687921046243,-0.056957185473302196
standardised,2002-10-17,476,434,518,0.5152550770718991,0.43903760765731115,1.2022024850313042,0.31597185930124755,0.2729907878689957,0.13602816253099825
standardised,2002-11-06,490,448,532,-0.01035812499877589,0.9615532017014933,1.5152505189137593,0.3575190368571188,0.3980877334453716,-0.11347282915305557
standardised,2002-11-26,504,462,546,-0.059958248632753536,1.3550822766784993,1.442575844125601,0.3467662906953543,0.3564705948478322,-0.02798514276868813
standardised,2002-12-16,518,476,560,-0.1017356133573787,1.202202485031304,1.3577155461923371,0.3696153662502757,0.45362771489983666,-0.22729668818117843
standardised,2003-01-03,532,490,574,0.5610449456003564,1.5152505189137617,1.4638889784750237,0.38283779951208513,0.31714876633200156,0.17158450201051778
standardised,2003-01-23,546,504,588,-0.4327123452968536,1.4425758441256011,1.5809108512558376,0.3689974851165286,0.40468578602234023,-0.09671692178211289
standardised,2003-02-12,560,518,602,-0.4727480490500673,1.357715546192338,1.0738048313300845,0.2715323935066844,0.37892074220268035,-0.3954900087946682
standardised,2003-03-04,574,532,616,0.6222577664612537,1.463888978475023,1.3123521887262144,0.3380641701837597,0.271363435819673,0.19730199248216862
standardised,2003-03-24,588,546,630,-0.4841800174664727,1.580910851255836,0.5016453606438928,0.07979594646928782,0.3663462211346604,-3.591037983059217
standardised,2003-04-11,602,560,644,0.3814154224854156,1.0738048313300836,1.006582185817969,0.250486473200346,0.2697478181036934,-0.0768957487294799
standardised,2003-05-01,616,574,658,-0.7644024095513049,1.3123521887262137,1.4208242159383178,0.3420396058368191,0.22405390496731759,0.3449474822684433
standardised,2003-05-21,630,588,672,-0.04024494567982133,0.5016453606438931,0.5075199349008754,0.08181721839199192,0.1562764601529573,-0.9100681155429413
standardised,2003-06-10,644,602,686,-0.3332111393881389,1.0065821858179687,0.5011575686620109,0.07980315115796281,0.3276707500644451,-3.105987612141427
standardised,2003-06-30,658,616,700,0.2422597654707311,1.4208242159383178,0.4467643302533833,0.06439644379492353,0.3354314949960684,-4.2088512226588355
standardised,2003-07-18,672,630,714,-0.235005118231791,0.5075199349008751,0.5365273789037905,0.09111749500999489,0.19259922559438492,-1.1137458352345866
standardised,2003-08-07,686,644,728,0.18587388295829096,0.5011575686620112,0.47230126016110624,0.07111828452183329,0.11578871770293553,-0.6281146048649195
standardised,2003-08-27,700,658,742,-0.1315758303616331,0.4467643302533833,0.39891570952101774,0.05093476724311744,0.12346422486533075,-1.4239675873263926
standardised,2003-09-16,714,672,756,-0.11385783908470132,0.5365273789037901,0.4119722215511018,0.054815761737252146,0.15237131329283482,-1.7796989125718028
standardised,2003-10-06,728,686,770,-0.10899068820296634,0.47230126016110613,0.5553200670602085,0.0959813898079062,0.17278704868447248,-0.8002140730643976
standardised,2003-10-24,742,700,784,-0.022111041833052437,0.39891570952101785,0.4855114630994337,0.07532948064289524,0.1222894587785562,-0.6233944232043505
standardised,2003-11-13,756,714,798,-0.15943963224787747,0.41197222155110197,0.5380382054884587,0.09043802130553875,0.15650508441895492,-0.7305230937131302
standardised,2003-12-03,770,728,812,0.09065975871937533,0.5553200670602086,1.316030133946238,0.36236752143481393,0.35877636326771273,0.009910265006316865
standardised,2003-12-23,784,742,826,0.45293794035895635,0.4855114630994341,1.2198636170519328,0.3331675255026396,0.2733277550983262,0.17960865277621219
standardised,2004-01-12,798,756,840,0.2317739027448088,0.5380382054884583,1.1370983538211292,0.30388149106142315,0.2809520025420067,0.07545536399510999
standardised,2004-01-30,812,770,854,-0.04243542274985155,1.3160301339462386,0.7024273310301355,0.14654809842870917,0.380661948492195,-1.5975222645237839
standardised,2004-02-19,826,784,868,0.021758208379432785,1.2198636170519324,0.7408168902088549,0.16039122488256993,0.3642392375455498,-1.2709424272570193
standardised,2004-03-10,840,798,882,0.2737650409129186,1.1370983538211292,1.0503695391543313,0.2622761400433678,0.3750054240127376,-0.4298114344321593
standardised,2004-03-30,854,812,896,0.18653589156245762,0.7024273310301351,0.9662816570747406,0.23569178017902548,0.25632763432415634,-0.08755440741062914
standardised,2004-04-19,868,826,910,0.4304015883944236,0.7408168902088549,0.7394080638599771,0.15386326485172855,0.16151260020284205,-0.0497151503868376
standardised,2004-05-07,882,840,924,0.3591878350585567,1.0503695391543315,0.4349833603999722,0.06024174853514408,0.23784600613792062,-2.9481922739869515
standardised,2004-05-27,896,854,938,-0.14996033116945687,0.9662816570747413,0.7655131163525459,0.1640076999307515,0.3257933626425739,-0.9864516286743408
standardised,2004-06-16,910,868,952,0.14380815105162803,0.7394080638599768,0.533799376429154,0.08807501463884175,0.1853690234491734,-1.1046720708397615
standardised,2004-07-06,924,882,966,-0.21822427404423622,0.43498336039997243,0.6552647394996878,0.12792863403821908,0.20205528704195577,-0.57943754000837
standardised,2004-07-26,938,896,980,-0.26138289831023537,0.7655131163525453,0.5092349831682659,0.08236507137540776,0.2640292377122429,-2.2055971457711347
standardised,2004-08-13,952,910,994,-0.18285731734525398,0.533799376429154,0.6531328505807099,0.12847808562958107,0.21809763496472945,-0.697547359115648
standardised,2004-09-02,966,924,1008,-0.1857193921700385,0.6552647394996876,0.3803232209187895,0.04702116476456375,0.18146412719531732,-2.8592010237073695
standardised,2004-09-22,980,938,1022,0.07864894614518855,0.5092349831682658,0.39110905691472003,0.04968647814122518,0.11586772234582894,-1.3319769619511987
standardised,2004-10-12,994,952,1036,-0.3572815356010003,0.65313285058071,0.46293182155427126,0.06788813275210896,0.22402550255645304,-2.2999214070959058
standardised,2004-11-01,1008,966,1050,0.5541255645978709,0.3803232209187894,0.4232289589999372,0.057742206303641165,0.046043829340873664,0.2025966396443326
standardised,2004-11-19,1022,980,1064,0.35853584301958397,0.39110905691472064,0.593400508663299,0.10730804255362925,0.10192405628699437,0.05017318495903156
standardised,2004-12-09,1036,994,1078,0.5545908533681315,0.4629318215542717,0.5488113413815664,0.09429273013556945,0.07134343435165273,0.24338351165483652
standardised,2004-12-29,1050,1008,1092,-0.4746117079783213,0.4232289589999369,1.5590304300971083,0.3518172438948819,0.34289176297452745,0.02536965164510596
standardised,2005-01-18,1064,1022,1106,-0.6326431738856257,0.5934005086632996,1.3431131852003633,0.33236179800586313,0.3513580641231531,-0.05715538377534868
standardised,2005-02-07,1078,1036,1120,0.5760108312398994,0.548811341381566,1.5170651569786355,0.3507873388660531,0.3135364304980479,0.10619228301802919
standardised,2005-02-25,1092,1050,1134,0.16964844249514868,1.5590304300971076,0.4500662728474264,0.06516383262866492,0.35660659407976136,-4.472461942376509
standardised,2005-03-17,1106,1064,1148,0.4771434115717698,1.3431131852003626,0.5639124064309384,0.09794593104885345,0.2913457036627916,-1.9745564776700553
standardised,2005-04-06,1120,1078,1162,0.2449349406960511,1.517065156978636,0.32330791697870553,0.03421963443219811,0.35421289369839615,-9.351159490035592
standardised,2005-04-26,1134,1092,1176,-0.16228585795978354,0.4500662728474267,0.36230929031339065,0.04262068366846957,0.11821399059334237,-1.7736296187289011
standardised,2005-05-16,1148,1106,1190,-0.5187181868483962,0.5639124064309387,0.4214922441925785,0.056811562520801516,0.20300108867026845,-2.573235441217441
standardised,2005-06-03,1162,1120,1204,-0.044276216417901595,0.3233079169787054,0.36470871057133025,0.043163191793884025,0.07773828321141989,-0.801031850995666
standardised,2005-06-23,1176,1134,1218,-0.15247980509568518,0.36230929031339065,0.34234638945694873,0.03814685388774608,0.08908941422211984,-1.3354328114261094
standardised,2005-07-13,1190,1148,1232,-0.21760936784205684,0.4214922441925783,0.45723302333012295,0.0665213768858773,0.1385987241242422,-1.0835215777631801
standardised,2005-08-02,1204,1162,1246,-0.0007248336627739103,0.3647087105713305,0.4472808733025928,0.06401039056962003,0.10246801124551386,-0.600802781137008
standardised,2005-08-22,1218,1176,1260,0.1247522703667474,0.3423463894569488,0.42173428917904066,0.05709547493574796,0.08148971081131699,-0.4272534014827083
standardised,2005-09-09,1232,1190,1274,0.25697612131031555,0.457233023330123,0.45522803688401087,0.0664707230694314,0.09561903702041159,-0.43851356815441256
standardised,2005-09-29,1246,1204,1288,0.17387993718704103,0.44728087330259314,0.335410450673611,0.03680469925611366,0.08138473919159939,-1.2112594542687507
standardised,2005-10-19,1260,1218,1302,-0.18574704691781954,0.42173428917904066,0.386431312601944,0.048423155483580484,0.11713015162240792,-1.4188872132078396
standardised,2005-11-08,1274,1232,1316,-0.2555169821418577,0.4552280368840106,0.3696083736643372,0.04431353157778858,0.1293913533314693,-1.9199061488550955
standardised,2005-11-28,1288,1246,1330,0.17013826765484943,0.33541045067361114,0.4043974881078358,0.05271232047224528,0.07266301624853029,-0.3784825937759597
standardised,2005-12-16,1302,1260,1344,0.2800644108090347,0.386431312601944,0.4420752727341063,0.0624843429106147,0.07661464771351219,-0.22614152833632595
standardised,2006-01-05,1316,1274,1358,0.1948263928511407,0.3696083736643373,0.4864902940663127,0.07527015014427378,0.09430330565968144,-0.25286458813920154
standardised,2006-01-25,1330,1288,1372,0.3392420178444139,0.4043974881078356,0.3470821054569365,0.039248955838356935,0.05968914672636775,-0.5207830489094227
standardised,2006-02-14,1344,1302,1386,0.15050547056103075,0.442075272734106,0.4254426570965071,0.05832465906431835,0.09824364571929516,-0.6844272610484627
standardised,2006-03-06,1358,1316,1400,-0.08376871770110857,0.48649029406631317,0.3987997897581762,0.05117225507464518,0.12948879647514225,-1.5304492890973127
standardised,2006-03-24,1372,1330,1414,0.12428285650843034,0.34708210545693635,0.2883547219215149,0.027312059246323035,0.05717301954153209,-1.0933251142251081
standardised,2006-04-13,1386,1344,1428,-0.24235524463073616,0.42544265709650714,0.29784233193401227,0.029095314871004845,0.10237695428820952,-2.5186749049495263
standardised,2006-05-08,1400,1358,1442,-9.325922002026127e-05,0.39879978975817615,0.2889242609633604,0.027468432580176543,0.07607600921754809,-1.7695795526553173
standardised,2006-05-26,1414,1372,1456,0.15528674388687427,0.28835472192151507,0.3318847524616645,0.036055688846363974,0.05261926475947506,-0.45938869684863715
standardised,2006-06-15,1428,1386,1470,0.016523500528689016,0.29784233193401216,0.3258995380861073,0.03473714458302446,0.06148786004073855,-0.7700896483813693
standardised,2006-07-05,1442,1400,1484,-0.030393342281124676,0.28892426096336044,0.31527005131225333,0.03259347790199799,0.060480787873830565,-0.8556101332813908
standardised,2006-07-25,1456,1414,1498,-0.19014426626143893,0.33188475246166455,0.37054712901597286,0.04471723409609959,0.09172298603511193,-1.0511775356676716
standardised,2006-08-14,1470,1428,1512,-0.18842058488134206,0.3258995380861074,0.40653015469282194,0.05325237252233291,0.10005009280985681,-0.8787912739079922
standardised,2006-09-01,1484,1442,1526,-0.05365514355681813,0.31527005131225355,0.3784599089639102,0.04660077156005545,0.08079042841993751,-0.7336714761432885
standardised,2006-09-21,1498,1456,1540,-0.11063853580078234,0.37054712901597314,0.301968465766338,0.029891566610323217,0.07904232769641369,-1.6443019439842939
standardised,2006-10-11,1512,1470,1554,-0.052367821960972435,0.4065301546928219,0.29277932312932364,0.028130949105923175,0.08237936881463319,-1.9284247930791505
standardised,2006-10-31,1526,1484,1568,0.04438791536171265,0.37845990896390985,0.3435218472313648,0.03856651231398933,0.07903503684359015,-1.0493177137752632
standardised,2006-11-20,1540,1498,1582,0.04413332364948923,0.3019684657663378,0.40489401648260875,0.05242455790339188,0.07644695153732577,-0.4582278724830149
standardised,2006-12-08,1554,1512,1596,-0.09657789351096031,0.2927793231293237,0.3958795975601249,0.05028596174718706,0.08351231185660672,-0.660748028972088
standardised,2007-01-02,1568,1526,1610,0.015539090973021332,0.34352184723136514,0.3623706885155677,0.042721662183977514,0.07791060582261682,-0.8236791791269931
standardised,2007-01-22,1582,1540,1624,0.15941617674461148,0.4048940164826094,0.3302995501738225,0.0355812266235113,0.07220382869144644,-1.0292675532365072
standardised,2007-02-09,1596,1554,1638,0.11153868698210699,0.3958795975601248,0.42894469923143824,0.058576068954932094,0.09474741653526693,-0.6175106698977144
standardised,2007-03-01,1610,1568,1652,0.019660923040586257,0.36237068851556753,0.3918612785845149,0.049168119921974306,0.087437902825791,-0.7783454597114481
standardised,2007-03-21,1624,1582,1666,0.21668365887077987,0.33029955017382223,0.44620128219794347,0.06297310146517576,0.0763371961363067,-0.2122190960932948
standardised,2007-04-12,1638,1596,1680,0.268513266901338,0.428944699231438,0.4061702774282406,0.052830777509682715,0.07872487465266624,-0.4901328044668225
standardised,2007-05-03,1652,1610,1694,0.369960035226536,0.3918612785845146,0.5437732815644598,0.09029691441087451,0.08713504647743535,0.03501634528785591
standardised,2007-05-23,1666,1624,1708,0.3332160939851745,0.44620128219794336,0.3582985046205676,0.041491949969933696,0.06963639603704837,-0.6783109997845118
standardised,2007-06-13,1680,1638,1722,0.2912159230183961,0.4061702774282409,0.3774168377883058,0.045719423821865966,0.06854735607978062,-0.4993048982169559
standardised,2007-07-03,1694,1652,1736,-0.5370838178873572,0.5437732815644599,0.44952800083971467,0.06433474014901493,0.2007119512608145,-2.119806667376238
standardised,2007-07-23,1708,1666,1750,0.5563763563318886,0.3582985046205677,0.36489634090908757,0.04303193630757329,0.037138747232228354,0.13694919590006416
standardised,2007-08-10,1722,1680,1764,0.557442575959503,0.37741683778830604,0.5472797367381159,0.09128884491711335,0.06498442644293734,0.2881449370737398
standardised,2007-08-30,1736,1694,1778,-0.5790924441015708,0.4495280008397144,0.5743139412807561,0.09975972548350114,0.21376095922880514,-1.142758093938001
standardised,2007-09-19,1750,1708,1792,0.23069529963377916,0.3648963409090874,0.35266467846238375,0.040535399213590395,0.06314136217056054,-0.5576844781484476
standardised,2007-10-09,1764,1722,1806,-0.6092851091299825,0.5472797367381155,0.5502505121050018,0.09354503782153441,0.24056229506498075,-1.571620052406483
standardised,2007-10-29,1778,1736,1820,0.2956019052092423,0.5743139412807567,0.33197484279653156,0.03603314095245821,0.09924712029623188,-1.7543288670609538
standardised,2007-11-16,1792,1750,1834,-0.12231036724253413,0.3526646784623839,0.41477559849456724,0.05509519965632107,0.10224945678403181,-0.8558687040223973
standardised,2007-12-06,1806,1764,1848,-0.07614263885142808,0.5502505121050018,0.479410798758055,0.07277215037693703,0.1621806598693376,-1.2286088706914993
standardised,2008-01-02,1820,1778,1862,0.08693943462664355,0.33197484279653117,0.3792192043288525,0.046447349786989424,0.07330168245196352,-0.5781671675161191
standardised,2008-01-22,1834,1792,1876,-0.4213148957145462,0.4147755984945671,0.3851370304786012,0.047542295043931336,0.13479273841228098,-1.8352173214971237
standardised,2008-02-11,1848,1806,1890,-0.554482003690345,0.4794107987580554,1.514404022659805,0.3434343183285804,0.333629649426203,0.028548890949787964
standardised,2008-02-29,1862,1820,1904,0.11215007701154674,0.3792192043288524,0.4981353127075273,0.07719719437340962,0.10419551569468115,-0.3497318981656026
standardised,2008-03-20,1876,1834,1918,0.3433851374949496,0.38513703047860115,0.8719769612616511,0.19808861421007506,0.17769796255742878,0.10293702005013661
standardised,2008-04-11,1890,1848,1932,0.17631533649818212,1.5144040226598043,0.5832813643767302,0.10280784296631558,0.35759203666992234,-2.4782563893212446
standardised,2008-05-02,1904,1862,1946,0.7516070927490334,0.4981353127075277,1.2051181585589597,0.29550482542152884,0.19944671671310163,0.3250644336227104
standardised,2008-05-22,1918,1876,1960,0.7689101656609406,0.8719769612616507,0.6367141725046486,0.11994685516076438,0.08787639959550697,0.2673722084857788
standardised,2008-06-11,1932,1890,1974,0.4738833178688804,0.5832813643767305,0.3710055125178045,0.04439610645650882,0.08333453337291778,-0.8770685094773729
standardised,2008-07-01,1946,1904,1988,-0.5998353076059437,1.2051181585589608,0.44030780559167226,0.0612289919298122,0.34171189981059796,-4.580883974087111
standardised,2008-07-21,1960,1918,2002,-0.5414881532627974,0.636714172504649,0.43316458284283355,0.059480596267017294,0.22246248393201404,-2.7400849670932463
standardised,2008-08-08,1974,1932,2016,0.34746355067679263,0.37100551251780467,0.3553749577008456,0.04091623709086726,0.05496549403448311,-0.34336630009292146
standardised,2008-08-28,1988,1946,2030,0.4349447376758866,0.44030780559167226,0.2596292151426022,0.022229452512109837,0.05177091505351387,-1.3289334285363466
standardised,2008-09-17,2002,1960,2044,0.08332021537016171,0.43316458284283366,0.287758205441614,0.027181621814074724,0.07791282578344161,-1.866378846574126
standardised,2008-10-07,2016,1974,2058,0.2525077485668849,0.355374957700846,0.3176597658564051,0.033047789995370135,0.05442988699153961,-0.6470053519211125
standardised,2008-10-28,2030,1988,2072,0.13410454904327423,0.25962921514260207,0.4229261009378392,0.05673861648345765,0.06802466677861944,-0.1989130330390112
standardised,2008-11-17,2044,2002,2086,0.034879341787437186,0.2877582054416139,0.48637226893807717,0.07406085180398018,0.09425939191602788,-0.27272897381072503
standardised,2008-12-05,2058,2016,2100,0.3108731756326656,0.3176597658564052,0.4207271096977718,0.05639989025058852,0.06107258999356343,-0.08284944744065603
standardised,2008-12-30,2072,2030,2114,0.1595128323675889,0.4229261009378391,0.23973487411509015,0.01896656597693062,0.06443424431967844,-2.3972541153760245
standardised,2009-01-21,2086,2044,2128,0.001767885642418606,0.48637226893807733,0.31087631403070876,0.03153515302575238,0.10084580576643083,-2.1978854101033747
standardised,2009-02-10,2100,2058,2142,0.07351894683477175,0.4207271096977718,0.4675980948216225,0.06822569432911536,0.10729747526653188,-0.5726842551273621
standardised,2009-03-02,2114,2072,2156,-0.22474002485589134,0.23973487411509015,0.49489503471500873,0.0759163166436047,0.1069798510096384,-0.4091812635202521
standardised,2009-03-20,2128,2086,2170,0.6202103044593975,0.31087631403070864,0.515168372489555,0.08193513111079209,0.05178304691893576,0.3679994622951772
standardised,2009-04-09,2142,2100,2184,0.2090391794478473,0.4675980948216224,0.2426183480747395,0.019429758102824362,0.07222188701477943,-2.7170759734924883
standardised,2009-05-04,2156,2114,2198,0.10326126061675744,0.4948950347150087,0.2909055285458182,0.02780185936326059,0.09242995209304923,-2.3245960597582522
standardised,2009-05-22,2170,2128,2212,0.20899440221050117,0.5151683724895554,0.25807897925900675,0.021927588687100208,0.08554307362816142,-2.9011619037931697
standardised,2009-06-11,2184,2142,2226,0.42105413991682267,0.24261834807473928,0.3096189534496267,0.031351988812054664,0.029713032792339316,0.05227598253942911
standardised,2009-07-01,2198,2156,2240,0.39983220159023114,0.2909055285458183,1.3752679836844903,0.3311782382145096,0.3214272357886084,0.029443367047521152
standardised,2009-07-21,2212,2170,2254,0.3221142091305778,0.25807897925900675,1.3854388656696552,0.33018419216497624,0.3257114588434426,0.013546176430211498
standardised,2009-08-10,2226,2184,2268,0.6091108036744621,0.3096189534496267,1.128860654630715,0.274929839116879,0.22974340673654847,0.16435623184983117
standardised,2009-08-28,2240,2198,2282,-0.5240630280337174,1.3752679836844897,0.4314585589610461,0.05887259056418026,0.3486183038480229,-4.921572339643774
standardised,2009-09-17,2254,2212,2296,-0.5740750792455651,1.3854388656696546,0.535049940485341,0.08760489091388483,0.3411372059522168,-2.8940429283514884
standardised,2009-10-07,2268,2226,2310,-0.09277478523114364,1.1288606546307145,0.6153121112949076,0.11335053316987764,0.3132159514558886,-1.7632507999452818
standardised,2009-10-27,2282,2240,2324,0.2744509760253496,0.4314585589610466,0.7645191145026297,0.1625899656710573,0.1577386941061739,0.029837459801782762
standardised,2009-11-16,2296,2254,2338,0.481120858744379,0.5350499404853413,0.8528587460929894,0.19301108881256201,0.15137361972509641,0.21572578727795688
standardised,2009-12-04,2310,2268,2352,0.1879930715847685,0.6153121112949084,1.1865155599056452,0.29304949523749607,0.29515074061525687,-0.007170274687072542
standardised,2009-12-28,2324,2282,2366,-0.515206018856779,0.7645191145026288,0.6646280679717688,0.1303042089400511,0.3109314591048342,-1.3861965905328821
standardised,2010-01-19,2338,2296,2380,0.6976534238128999,0.8528587460929894,1.4746526735406997,0.3383271193215931,0.22530756026588294,0.33405409321704616
standardised,2010-02-08,2352,2310,2394,0.05371256996778515,1.1865155599056447,0.6468325781550156,0.12514369549861057,0.3109766662384539,-1.4849567131562496
standardised,2010-02-26,2366,2324,2408,-0.5365235448464135,0.6646280679717694,1.1150882984975445,0.27402863873018884,0.35155510804380374,-0.2829137482595321
standardised,2010-03-18,2380,2338,2422,-0.8405465845982044,1.4746526735407008,1.4169208790030032,0.33218798075203565,0.12741869407095643,0.6164259351512507
standardised,2010-04-09,2394,2352,2436,-0.4909507311879793,0.6468325781550156,0.6745787376763477,0.13266292645517996,0.28213155520089456,-1.1266797193427842
standardised,2010-04-29,2408,2366,2450,-0.3333247356739459,1.115088298497544,0.44134666052725163,0.061521190728904905,0.31880492928246307,-4.182034442201991
standardised,2010-05-19,2422,2380,2464,-0.09614530420683837,1.4169208790030026,0.4257906224280884,0.05773209061376446,0.3449409718467549,-4.974856759552618
standardised,2010-06-08,2436,2394,2478,0.157066964472849,0.6745787376763481,0.3980803397720415,0.050729129447448194,0.1479616239904941,-1.9166994506336228
standardised,2010-06-28,2450,2408,2492,0.37827853513670634,0.44134666052725186,0.26870022923371817,0.023743991687706394,0.055943739629109444,-1.3561219345471165
standardised,2010-07-16,2464,2422,2506,0.5028279387379767,0.42579062242808785,0.2531419933106733,0.021059422038531395,0.04375073513792612,-1.0774898312915493
standardised,2010-08-05,2478,2436,2520,0.35989183306604283,0.39808033977204166,0.21922081820448988,0.015877401762585563,0.04595224271197015,-1.8941915937565237
standardised,2010-08-25,2492,2450,2534,0.2986804301785108,0.26870022923371806,0.2869960247003891,0.02687797908215221,0.035025854000540146,-0.3031431378633067
standardised,2010-09-14,2506,2464,2548,0.21434649549517612,0.2531419933106732,0.23502361164564523,0.018231603232347737,0.030584521050470048,-0.6775552133673539
standardised,2010-10-04,2520,2478,2562,0.05061608317015809,0.21922081820448988,0.24754963215070208,0.02021641011014867,0.03385377403011761,-0.674569018221636
standardised,2010-10-22,2534,2492,2576,0.1900474625830595,0.2869960247003894,0.2900667233291392,0.02764281917988291,0.04342931274374099,-0.5710884067623145
standardised,2010-11-11,2548,2506,2590,0.4003949491479979,0.23502361164564528,0.33480145974851216,0.03639860276163794,0.03354505304820495,0.07839723222674
standardised,2010-12-01,2562,2520,2604,0.19280533680549006,0.24754963215070225,0.33464297603908844,0.03648917204266352,0.045456827736461015,-0.2457621039828588
standardised,2010-12-21,2576,2534,2618,0.055911395292139704,0.2900667233291394,0.27072348582740374,0.024106808921810014,0.04800228894208051,-0.9912336426515445
standardised,2011-01-12,2590,2548,2632,0.23240731323164568,0.3348014597485124,0.25598278213727427,0.02157527575612968,0.044308379751293835,-1.0536645858955258
standardised,2011-02-01,2604,2562,2646,0.22033473083986238,0.334642976039088,0.23773564104589687,0.01865608275028367,0.043151393900471145,-1.3129932729214024
standardised,2011-02-21,2618,2576,2660,0.2123913848185988,0.2707234858274035,0.2052722697704723,0.013931169438497815,0.030042154260090975,-1.1564703805174874
standardised,2011-03-11,2632,2590,2674,-0.014761819041421619,0.25598278213727393,0.18144530575275625,0.010921704242074318,0.03262222301743526,-1.9869169036607648
standardised,2011-03-31,2646,2604,2688,-0.2790234394419048,0.237735641045897,0.3411171418871684,0.03761555366263384,0.06864729640993472,-0.8249710485619379
standardised,2011-04-20,2660,2618,2702,-0.19988841518807318,0.20527226977047247,0.3900479163390055,0.04868096783868688,0.07099856146431449,-0.4584459721421512
standardised,2011-05-12,2674,2632,2716,0.03333061409413393,0.1814453057527564,0.4430823019021657,0.06197466710144465,0.07041570738845888,-0.13620146233617247
standardised,2011-06-01,2688,2646,2730,0.30204782817229986,0.34111714188716846,0.25190924919727314,0.020912648919605203,0.04110484608691589,-0.965549474145329
standardised,2011-06-21,2702,2660,2744,0.27071356900536875,0.39004791633900565,0.21008026864586668,0.014590551553943953,0.04866224091326258,-2.3351885796331495
standardised,2011-07-11,2716,2674,2758,-0.23490204909221743,0.44308230190216535,0.20413965965543734,0.013797528550497281,0.08687999927416505,-5.296779815036786
standardised,2011-07-29,2730,2688,2772,-0.14220983779882337,0.25190924919727314,0.1810999853871656,0.01086535255455153,0.03562275215711811,-2.2785638549938843
standardised,2011-08-18,2744,2702,2786,-0.06271716564005841,0.21008026864586654,0.18875511875775833,0.011803830157329553,0.027689381144767083,-1.3457963030392674
standardised,2011-09-07,2758,2716,2800,-0.11506481820640709,0.20413965965543737,0.21575982843754496,0.015368485838459437,0.03196517946999222,-1.079917293478566
standardised,2011-09-27,2772,2730,2814,0.05869115917766347,0.18109998538716554,0.18995573043707253,0.011954361356999232,0.021280519286783168,-0.7801468979623496
standardised,2011-10-18,2786,2744,2828,0.16807366243033253,0.18875511875775836,0.1763249119929869,0.01031401572240842,0.018286364831405038,-0.772962667845827
standardised,2011-11-07,2800,2758,2842,-0.11433693251987796,0.21575982843754515,0.19254689506983616,0.012286017853040399,0.030362878679512484,-1.471336037656712
standardised,2011-11-25,2814,2772,2856,-0.06550257699052958,0.1899557304370726,0.23451646197567463,0.01815013415705972,0.03161994247554804,-0.7421327138372178
standardised,2011-12-15,2828,2786,2870,-0.23695327902599048,0.1763249119929868,0.2918670619338979,0.027935700085911435,0.04547997108363718,-0.6280233158206654
standardised,2012-01-05,2842,2800,2884,0.2716281431313251,0.1925468950698362,0.21713129217240534,0.015580948350706633,0.020232992965859193,-0.2985726228237948
standardised,2012-01-25,2856,2814,2898,0.08277310828611024,0.23451646197567452,0.21181717582465115,0.014845945252383105,0.02998014076064474,-1.019416093147202
standardised,2012-02-14,2870,2828,2912,0.14012223482941444,0.2918670619338985,0.17961568848899886,0.01069586435069573,0.033483666582742856,-2.1305246107169316
standardised,2012-03-05,2884,2842,2926,0.28591121420431614,0.21713129217240518,0.18016567723271534,0.01075410425975587,0.018827009202306694,-0.7506812978149506
standardised,2012-03-23,2898,2856,2940,0.18309892144624204,0.2118171758246511,0.20685809527867427,0.014159969911968476,0.02348800525880786,-0.6587609581680691
standardised,2012-04-16,2912,2870,2954,-0.05176733868483788,0.1796156884889986,0.25570626694435866,0.02156638249759298,0.03343205058428481,-0.5501927867604202
standardised,2012-05-07,2926,2884,2968,0.08325670296408094,0.18016567723271523,0.28253302038158934,0.026222906535823192,0.03371757349599536,-0.2858061119172155
standardised,2012-05-25,2940,2898,2982,0.25600861626163884,0.2068580952786741,0.27475244955773587,0.024714615927263466,0.029114514255789814,-0.17802818953268384
standardised,2012-06-14,2954,2912,2996,-0.028511774144649286,0.25570626694435883,0.21288944296729434,0.014990911938001172,0.03698808683735363,-1.4673673616606857
standardised,2012-07-04,2968,2926,3010,-0.15204460336449366,0.2825330203815893,0.24189631178958593,0.019308463192958314,0.050723966792579546,-1.6270328345488565
standardised,2012-07-24,2982,2940,3024,-0.2893276681718059,0.2747524495577359,0.24839418956027187,0.02028024702331906,0.05604544034938671,-1.7635482094938668
standardised,2012-08-13,2996,2954,3038,0.3151003446948926,0.21288944296729415,0.233941160787403,0.018080327150816533,0.02248510834718065,-0.24362287029552943
standardised,2012-08-31,3010,2968,3052,0.25490350500159564,0.2418963117895861,0.23296514636886875,0.01793549884450707,0.027411311421522644,-0.528327238576787
standardised,2012-09-20,3024,2982,3066,0.16440331719317633,0.24839418956027218,0.252659191265725,0.021002457013533427,0.03407990180509035,-0.6226626143374638
standardised,2012-10-11,3038,2996,3080,0.1875637528490856,0.23394116078740324,0.2342598265825482,0.018106755683869952,0.02905474983658755,-0.6046358797711289
standardised,2012-10-31,3052,3010,3094,0.3587159107459892,0.23296514636886895,0.2146654855179591,0.015210386208759807,0.021135655665238822,-0.3895541753612144
standardised,2012-11-20,3066,3024,3108,0.32006221863845424,0.2526591912657247,0.23493282114021866,0.018215396499694652,0.026473067622279373,-0.4533346898445578
standardised,2012-12-10,3080,3038,3122,0.10200559538112645,0.23425982658254807,0.19926418174711108,0.013151255183158739,0.02777423462748052,-1.111907513059872
standardised,2013-01-04,3094,3052,3136,0.10785783503979132,0.21466548551795864,0.15310703237824996,0.007786658175997256,0.02047078837764375,-1.6289568534992238
standardised,2013-01-24,3108,3066,3150,-0.1954052057664362,0.23493282114021877,0.1816879162152538,0.01093604867394804,0.034125872308736614,-2.120493820590941
standardised,2013-02-13,3122,3080,3164,0.04682158785548751,0.19926418174711114,0.180378822254687,0.010788509066888588,0.02262165685879669,-1.0968288313559147
standardised,2013-03-05,3136,3094,3178,-0.014575956401103162,0.15310703237825016,0.17937824077408374,0.010667064969964132,0.018604699688547388,-0.74412546852707
standardised,2013-03-25,3150,3108,3192,-0.008928123662120646,0.18168791621525385,0.15767271833087132,0.00825396090618217,0.019212097845351977,-1.327621618726377
standardised,2013-04-16,3164,3122,3206,-0.19420803586661,0.1803788222546868,0.21298195190721422,0.01499381021563225,0.030335159912965388,-1.0231788635912271
standardised,2013-05-07,3178,3136,3220,-0.05440013566344119,0.17937824077408376,0.2128397349545104,0.014959273756618282,0.02668310272399177,-0.7837164529585956
standardised,2013-05-27,3192,3150,3234,0.1948589172125239,0.15767271833087115,0.21123208200381807,0.01473914227200727,0.018581299283154735,-0.26067710998655125
standardised,2013-06-14,3206,3164,3248,0.05342454382803122,0.21298195190721425,0.21233338148377745,0.01488493950115973,0.02804092501358335,-0.8838454137753533
standardised,2013-07-04,3220,3178,3262,0.22928697585265845,0.21283973495451058,0.2335123472620969,0.01800825314460619,0.025255130916258306,-0.4024198079324919
standardised,2013-07-24,3234,3192,3276,0.23279823491414506,0.21123208200381824,0.2418638888207179,0.019296808678775996,0.02600632648800157,-0.3477009033418661
standardised,2013-08-13,3248,3206,3290,-0.08495972192396266,0.2123333814837775,0.28403159967690284,0.026461273439204607,0.044144388525536815,-0.6682639490861835
standardised,2013-09-02,3262,3220,3304,-0.025904025412208764,0.23351234726209683,0.29677014398136864,0.02884451235911249,0.04701330592413585,-0.6298873539210144
standardised,2013-09-20,3276,3234,3318,-0.23207951263761462,0.24186388882071794,0.2731284156801336,0.024513647010162416,0.05239517186942081,-1.1373878740972239
standardised,2013-10-11,3290,3248,3332,-0.2847101068129269,0.28403159967690284,0.2880814874102458,0.027257207961462953,0.06657328079568951,-1.4424101283525732
standardised,2013-10-31,3304,3262,3346,-0.2530175439393583,0.2967701439813687,0.2923174999271132,0.02801214503368617,0.06855558642638397,-1.447352258955608
standardised,2013-11-20,3318,3276,3360,0.06824149467701904,0.2731284156801337,0.29057669234217515,0.02767891767478033,0.047371699082995246,-0.7114722345577122
standardised,2013-12-10,3332,3290,3374,-0.01892523317125777,0.2880814874102455,0.3524397535920048,0.04010966857718105,0.06626897631293405,-0.6521945621519145
standardised,2014-01-06,3346,3304,3388,0.27651955252538984,0.2923174999271133,0.3206228256369291,0.03337107267060432,0.043726576220318204,-0.310313775404522
standardised,2014-01-24,3360,3318,3402,0.20758660220166897,0.29057669234217565,0.32104848972679656,0.03369527170834393,0.0476300093392504,-0.41355172178225286
standardised,2014-02-13,3374,3332,3416,0.023367659889158225,0.352439753592005,0.2962143495465278,0.028785594842390516,0.06503093036955739,-1.2591483943833919
standardised,2014-03-05,3388,3346,3430,-0.10557225505786295,0.32062282563692884,0.35519779116441075,0.04102228237606346,0.07845653215132427,-0.9125345448137165
standardised,2014-03-25,3402,3360,3444,0.09174594324681966,0.32104848972679645,0.36790120244636915,0.04376655552602641,0.06826242772976832,-0.5596938554868702
standardised,2014-04-14,3416,3374,3458,0.25248256576837647,0.2962143495465279,0.31479552370084213,0.03228997988068416,0.0449510912919564,-0.3921065128580681
standardised,2014-05-07,3430,3388,3472,0.2652084114984336,0.3551977911644108,0.26764597845001353,0.023605028925071398,0.047505572473755496,-1.012519138381518
standardised,2014-05-27,3444,3402,3486,0.22028044301900812,0.367901202446369,0.3016313232691636,0.029876935919693093,0.05623060053825476,-0.8820738742887921
standardised,2014-06-16,3458,3416,3500,0.009098033861116062,0.31479552370084213,0.3748915109413307,0.04537404974939537,0.0754524221704272,-0.6628981232038393
standardised,2014-07-04,3472,3430,3514,0.3125326310831628,0.2676459784500135,0.3787754838856023,0.04627042457018401,0.048959344721398214,-0.058113150596567076
standardised,2014-07-24,3486,3444,3528,0.464436853737702,0.30163132326916375,0.38935752072780666,0.0486122837112711,0.04315879144531776,0.11218342051864783
standardised,2014-08-13,3500,3458,3542,0.2231046758332386,0.37489151094133083,0.37044095924327947,0.04463451165297464,0.06770094791253574,-0.5167847794302876
standardised,2014-09-02,3514,3472,3556,-0.15879297682909205,0.37877548388560234,0.4777406707002265,0.07264169553940869,0.12832243020662362,-0.7665120459228225
standardised,2014-09-22,3528,3486,3570,-0.21860515532419408,0.38935752072780655,0.5517498793473548,0.09403539965838788,0.15580243567081542,-0.6568487637295639
standardised,2014-10-13,3542,3500,3584,0.10306706327293198,0.3704409592432795,0.4164489201494482,0.055132885124022334,0.08527965562300821,-0.5468019754665518
standardised,2014-10-31,3556,3514,3598,0.4049535985175043,0.4777406707002268,0.4577028643519688,0.06609340228252487,0.0810422490389957,-0.22617759474039545
standardised,2014-11-20,3570,3528,3612,0.6620562227437083,0.5517498793473549,0.7348452205441733,0.15229667963832125,0.09155980845916822,0.39880627288390513
standardised,2014-12-10,3584,3542,3626,0.4871643431479447,0.41644892014944834,0.6594850781706587,0.12616676000376956,0.10217309587081032,0.1901742117515134
standardised,2015-01-06,3598,3556,3640,0.3270197931241209,0.4577028643519693,0.5020687597007165,0.07865015588297508,0.09362638731114432,-0.19041578824653116
standardised,2015-01-26,3612,3570,3654,-0.5711826512235275,0.7348452205441728,0.6367564030967476,0.11957078477572096,0.3020139192355997,-1.5258169861650366
standardised,2015-02-13,3626,3584,3668,-0.24942748312870336,0.6594850781706588,0.35752635022622326,0.04143225931358282,0.18127467330430921,-3.375206090797988
standardised,2015-03-05,3640,3598,3682,-0.3123123644773267,0.5020687597007161,0.2898425499835802,0.027554368314298323,0.12665732009363065,-3.596633051025398
standardised,2015-03-25,3654,3612,3696,-0.4124977155768975,0.6367564030967476,0.29557877436562635,0.028663771710425223,0.17637505783519355,-5.153239692843516
standardised,2015-04-16,3668,3626,3710,0.1838272877504047,0.3575263502262231,0.20604785242044926,0.014050171925541921,0.04603890561864402,-2.276750338901514
standardised,2015-05-07,3682,3640,3724,-0.3602585107262454,0.28984254998358,0.2585680135075934,0.02197577942005872,0.06507420294577242,-1.9611783819769761
standardised,2015-05-28,3696,3654,3738,-0.0025096052048449473,0.29557877436562663,0.25682538720843,0.021717842310543894,0.049614669664248844,-1.2845119213413385
standardised,2015-06-17,3710,3668,3752,0.0725559907400952,0.2060478524204494,0.2749099158268552,0.024795107646155223,0.03570734674943946,-0.4400964601166517
standardised,2015-07-07,3724,3682,3766,-0.16397558029120282,0.2585680135075935,0.26423637544525785,0.022911031474324755,0.050474259571979374,-1.20305487461546
standardised,2015-07-27,3738,3696,3780,0.11941888167190898,0.25682538720842985,0.21597097540244262,0.015395856271824085,0.032434804420578146,-1.106722994026451
standardised,2015-08-14,3752,3710,3794,0.20686990796826507,0.2749099158268549,0.3285796055915657,0.035235745376274906,0.047046180939377624,-0.3351833610154016
standardised,2015-09-03,3766,3724,3808,0.3585771537742656,0.2642363754452578,0.33194446114424325,0.03599110461203899,0.037744102803777345,-0.048706429286751396
standardised,2015-09-23,3780,3738,3822,0.24925321804528777,0.21597097540244253,0.31930288055710704,0.033405630752548245,0.037128181990403984,-0.11143484358761224
standardised,2015-10-13,3794,3752,3836,0.0838432505687498,0.32857960559156596,0.28047687541670263,0.025877659451366625,0.05479376911232725,-1.11741595932601
standardised,2015-11-02,3808,3766,3850,0.34484858447676897,0.33194446114424336,0.2505242036679536,0.02067617341356239,0.0374793048158654,-0.8126809088997637
standardised,2015-11-20,3822,3780,3864,0.4808633872680027,0.3193028805571071,0.23224682027605847,0.017801108257335347,0.02761014099788935,-0.5510349467433844
standardised,2015-12-10,3836,3794,3878,0.3939080396164227,0.2804768754167026,0.22862762252214777,0.017240926795426176,0.02620470016243844,-0.5199125008401666
standardised,2016-01-04,3850,3808,3892,0.4409789699007621,0.25052420366795375,0.21067878499926132,0.014682102780991801,0.019823397039608448,-0.35017424515464013
standardised,2016-01-22,3864,3822,3906,0.4146959284267579,0.23224682027605864,0.2636197808125533,0.022899526113766555,0.023754553320956884,-0.037338205294838334
standardised,2016-02-11,3878,3836,3920,0.16025979185909855,0.22862762252214788,0.2412871240766697,0.01919653269129003,0.03023842442065572,-0.5752024027951508
standardised,2016-03-02,3892,3850,3934,0.1603052099468936,0.21067878499926118,0.25689563435730656,0.021721512322752396,0.030411530140005933,-0.40006504557010514
standardised,2016-03-22,3906,3864,3948,-0.07118635727873623,0.26361978081255305,0.2620969165329361,0.022553800598259954,0.047564982523003195,-1.1089564180448095
standardised,2016-04-13,3920,3878,3962,0.045966191212789456,0.24128712407666952,0.25827409135089446,0.021901693096995967,0.03834025698279101,-0.7505613293453444
standardised,2016-05-03,3934,3892,3976,0.1539715590397308,0.25689563435730656,0.24345192298802262,0.01943717234278249,0.03420099460877305,-0.7595663610747754
standardised,2016-05-24,3948,3906,3990,0.48283755945005524,0.262096916532936,0.41639611712810887,0.054728485309641105,0.04327429758583845,0.20929115174661805
standardised,2016-06-13,3962,3920,4004,0.39073087510421184,0.2582740913508946,0.38054424293876055,0.04637109625901722,0.04296919687152023,0.07336249651064608
standardised,2016-07-01,3976,3934,4018,0.31447408199535337,0.2434519229880228,0.3068662739164102,0.030706550024392747,0.034354739345579866,-0.11880817995799142
standardised,2016-07-21,3990,3948,4032,-0.5992652721231647,0.4163961171281087,0.4558632186946302,0.06530784782386585,0.165305608800329,-1.5311752616034044
standardised,2016-08-10,4004,3962,4046,0.29654955122698273,0.3805442429387605,0.2659949352215738,0.023241707822800883,0.04890619651798097,-1.1042428074068797
standardised,2016-08-30,4018,3976,4060,0.5780172551315252,0.30686627391641025,0.6857898976661727,0.13504211895335372,0.0951541805687371,0.29537405584101295
standardised,2016-09-19,4032,3990,4074,-0.6144077806807474,0.4558632186946303,1.1220956788161454,0.27316600510784045,0.32990470159739793,-0.2077077507033065
standardised,2016-10-10,4046,4004,4088,0.41345919621599286,0.2659949352215738,0.7915386752320783,0.1716786020326624,0.14535800631175158,0.15331319925300435
standardised,2016-10-28,4060,4018,4102,0.5265307488517529,0.6857898976661727,0.2957042218963868,0.02867954492540692,0.10311593747084687,-2.595452359479299
standardised,2016-11-17,4074,4032,4116,0.2699028086349639,1.1220956788161454,0.23247365431479872,0.017835672160286364,0.26143045055093433,-13.657729083686908
standardised,2016-12-07,4088,4046,4130,-0.034558913616657735,0.7915386752320782,0.19480220468886153,0.012567438564067649,0.1810850718501865,-13.409067601725795
standardised,2016-12-28,4102,4060,4144,0.30568998891593946,0.29570422189638673,0.29202577589577,0.02790723148023903,0.03884213972682401,-0.3918306355228369
standardised,2017-01-17,4116,4074,4158,0.372759727185178,0.23247365431479872,0.3392117644196471,0.037429538080756185,0.035614556074029004,0.048490633328449384
standardised,2017-02-06,4130,4088,4172,0.1467421771289316,0.19480220468886156,0.48316067393476114,0.07292793173545349,0.07516497546895466,-0.030674717906659765
standardised,2017-02-24,4144,4102,4186,0.3049792690798188,0.29202577589577006,0.3966696225114905,0.050376839593472354,0.05412754316466847,-0.07445293514764506
standardised,2017-03-16,4158,4116,4200,0.5557215888809586,0.3392117644196472,0.3266282696501122,0.034597334171118245,0.0317685489722724,0.0817630972621961
standardised,2017-04-05,4172,4130,4214,-0.16630874193107378,0.48316067393476053,0.7483510129101628,0.15551731622543322,0.21976935293557487,-0.4131503698083616
standardised,2017-04-27,4186,4144,4228,0.369491037459222,0.39666962251148985,0.7000586763803104,0.13946803894460733,0.12429176068082033,0.10881545606169007
standardised,2017-05-18,4200,4158,4242,0.6573302072032104,0.3266282696501119,0.361541324059564,0.042171140187707255,0.02650671382950313,0.3714489645876412
standardised,2017-06-07,4214,4172,4256,-0.42523782824181283,0.7483510129101636,0.37280564353187007,0.044746707757972036,0.22821198250685892,-4.100084317738457
standardised,2017-06-27,4228,4186,4270,0.2431927459745796,0.7000586763803108,0.285601010172428,0.026680031876278765,0.13431981918092983,-4.034469966295418
standardised,2017-07-17,4242,4200,4284,0.5535411169385398,0.3615413240595644,0.4393507509538933,0.06089506106447266,0.046470533883906796,0.23687515749912602
standardised,2017-08-04,4256,4214,4298,-0.12920603714157006,0.3728056435318702,0.4129958485573379,0.05410498471580253,0.10383270564510294,-0.9190968482942081
standardised,2017-08-24,4270,4228,4312,0.1706967297722779,0.285601010172428,0.26235485080883203,0.022612105001471594,0.04024540024032275,-0.7798166175906038
standardised,2017-09-13,4284,4242,4326,0.4243551040830235,0.4393507509538933,0.2567928979735011,0.02165717850557991,0.05198361532035012,-1.4002949094664703
standardised,2017-10-03,4298,4256,4340,0.40832034243250653,0.41299584855733806,0.2676099004839539,0.02342352362340498,0.04831630179791446,-1.062725599048489
standardised,2017-10-23,4312,4270,4354,0.2995025311722559,0.26235485080883225,0.3031238487957072,0.02999069512998916,0.03643712469246063,-0.2149476540817279
standardised,2017-11-10,4326,4284,4368,0.14514133802222207,0.25679289797350113,0.20477981609078139,0.013866831560371237,0.030066005601119272,-1.1681957749484884
standardised,2017-11-30,4340,4298,4382,0.07805990117428155,0.2676099004839536,0.2510481509912922,0.020791986179147976,0.03984653270683033,-0.9164370524058889
standardised,2017-12-20,4354,4312,4396,-0.10482538200796172,0.3031238487957068,0.20489632413772552,0.01390140819441917,0.047109280122835585,-2.388813526225924
standardised,2018-01-12,4368,4326,4410,0.039012577141285844,0.20477981609078127,0.2444348198921428,0.01972713374458257,0.031888368848303816,-0.6164724820736283
standardised,2018-02-01,4382,4340,4424,0.06372750640496386,0.2510481509912922,0.22152571294630818,0.016237183856840698,0.03428381770063312,-1.111438658507855
standardised,2018-02-21,4396,4354,4438,0.22668414706447346,0.2048963241377255,0.18023985074627927,0.010772064247623744,0.01898022469457968,-0.7619858421069674
standardised,2018-03-13,4410,4368,4452,0.04687037720729215,0.24443481989214283,0.23166378366522763,0.01770778918316222,0.034990245736580494,-0.9759804781192911
standardised,2018-04-04,4424,4382,4466,-0.02511340820905905,0.22152571294630785,0.22546129746642718,0.016774545612856368,0.033441088541631935,-0.9935615135829357
standardised,2018-04-24,4438,4396,4480,0.3997417514724124,0.18023985074627918,0.2597027775833451,0.022231009782555173,0.02053880298879947,0.07611920512416792
standardised,2018-05-15,4452,4410,4494,0.10992467760153757,0.23166378366522758,0.2977949567018932,0.029023019783988985,0.04091424312780504,-0.40971695682666476
standardised,2018-06-04,4466,4424,4508,0.19424402574335992,0.2254612974664276,0.3044959607629296,0.03026399305032257,0.03780497773951833,-0.24917348734044165
standardised,2018-06-22,4480,4438,4522,0.3202529468725116,0.2597027775833454,0.2528193798588756,0.02103859757085565,0.029130020967879162,-0.3845989909628007
standardised,2018-07-12,4494,4452,4536,0.45785571302173994,0.2977949567018934,0.28699133987609493,0.02697895994322641,0.0300661072622536,-0.11442795888068602
standardised,2018-08-01,4508,4466,4550,0.6610971664921472,0.30449596076292945,0.39814359363571095,0.050709045543956645,0.029298095275028285,0.4222313798110928
standardised,2018-08-21,4522,4480,4564,0.27497680895784204,0.2528193798588753,0.37540392459123184,0.04529456324961334,0.048575726513644835,-0.0724405541996147
standardised,2018-09-10,4536,4494,4578,0.345215806763065,0.2869913398760952,0.35989946140760737,0.04177281529526248,0.044645444667629874,-0.06876791406235871
standardised,2018-09-28,4550,4508,4592,-0.18281080684796622,0.39814359363571095,0.3363744112247829,0.03664560536496797,0.09692258391490105,-1.6448624043622964
standardised,2018-10-19,4564,4522,4606,-0.020416368792590265,0.37540392459123173,0.2416170017504068,0.019219335002595983,0.06447734115233465,-2.3548164462311316
standardised,2018-11-08,4578,4536,4620,-0.11925617333177319,0.3598994614076072,0.518661059736078,0.08280914344032657,0.12823963970737542,-0.5486169084671997
standardised,2018-11-28,4592,4550,4634,0.3121784962339845,0.33637441122478284,0.25776227169938853,0.021879092842255272,0.04046518423266132,-0.8494909512203623
standardised,2018-12-18,4606,4564,4648,-0.19702441439973303,0.241617001750407,0.4227230694733245,0.05680740386515678,0.08506614325075838,-0.4974481751125104
standardised,2019-01-14,4620,4578,4662,-0.772145094217632,0.5186610597360777,0.5258978202701488,0.08489616066950223,0.23311996658865178,-1.7459423930391815
standardised,2019-02-01,4634,4592,4676,-0.4422247711368217,0.2577622716993887,0.4917320134562071,0.07547879223638339,0.12428448100308076,-0.6466145962411325
standardised,2019-02-21,4648,4606,4690,0.6961233417875808,0.4227230694733242,0.42999823774131274,0.058574408003842095,0.03483521166932446,0.4052827359853214
standardised,2019-03-13,4662,4620,4704,0.8879884001310714,0.5258978202701481,0.6967413933842125,0.13818496969894278,0.03424669682997742,0.7521677147334539
standardised,2019-04-02,4676,4634,4718,0.7972118662154857,0.4917320134562069,0.5739949587359181,0.09958417399305446,0.03829358227058899,0.6154651815130807
standardised,2019-04-24,4690,4648,4732,0.2271868064780274,0.4299982377413122,0.4479370321672165,0.06356902532777076,0.08930721286042775,-0.4048856719124969
standardised,2019-05-15,4704,4662,4746,0.33880524279932367,0.6967413933842138,0.6160101252676432,0.11302591692080736,0.1484923885764847,-0.3137906121171061
standardised,2019-06-04,4718,4676,4760,0.47343996489710494,0.5739949587359184,0.5933411585614924,0.1053844306838645,0.10068580650921473,0.04458556301115146
standardised,2019-06-25,4732,4690,4774,0.645841818448332,0.4479370321672169,0.48660790552254596,0.0736894917362599,0.04830204416735236,0.3445192383707988
standardised,2019-07-15,4746,4704,4788,0.16794584419043063,0.6160101252676425,0.24972871769292154,0.020463029030808617,0.1142411238002173,-4.582806124558528
standardised,2019-08-02,4760,4718,4802,0.4448331524980686,0.5933411585614916,0.29384942284739624,0.028109166053949124,0.0849597905960781,-2.022494172648779
standardised,2019-08-22,4774,4732,4816,0.289403493731247,0.4866079055225463,0.2548206104304667,0.02137527667345518,0.07135978444216384,-2.3384262357072445
standardised,2019-09-11,4788,4746,4830,0.3815974867338327,0.2497287176929215,0.2418406852872439,0.01923134010448191,0.02430053486767081,-0.26359030289353114
standardised,2019-10-01,4802,4760,4844,-0.4023398123246552,0.29384942284739624,0.3138872668722671,0.031976450951543146,0.07941348399704529,-1.4834990011051516
standardised,2019-10-22,4816,4774,4858,0.18644049917995964,0.25482061043046667,0.21249279483918534,0.014898719562715712,0.029175035610892113,-0.9582243620386757
standardised,2019-11-11,4830,4788,4872,-0.04944902792990137,0.24184068528724387,0.34077496824217196,0.03753943286260952,0.057437821337303685,-0.5300663051442525
standardised,2019-11-29,4844,4802,4886,0.14787125440767998,0.3138872668722673,0.26085656866839246,0.02241515750498868,0.045447599814411856,-1.0275387225941692
standardised,2019-12-19,4858,4816,4900,-0.073479954202247,0.2124927948391855,0.34056270783768766,0.03760629585787253,0.054396280220637326,-0.44646737945742054
standardised,2020-01-15,4872,4830,4914,-0.4774120827202322,0.3407749682421719,0.4164429398244972,0.05508626892962439,0.1242929587915819,-1.2563328612865887
standardised,2020-02-04,4886,4844,4928,-0.07741268493505887,0.2608565686683924,0.4047024524605366,0.0520633987429299,0.0770612176506053,-0.48014189452182165
standardised,2020-02-24,4900,4858,4942,0.25136423348076975,0.3405627078376871,0.2117525755858007,0.014830059810353458,0.04030778257831802,-1.7179784231333675
standardised,2020-03-13,4914,4872,4956,-0.3621851797072878,0.41644293982449704,0.2992694171517218,0.029137855936540575,0.10497621663133054,-2.602743347347127
standardised,2020-04-02,4928,4886,4970,-0.5445517041629502,0.40470245246053654,0.27565973163392593,0.024811234348335248,0.10683311068887462,-3.305836186503263
standardised,2020-04-24,4942,4900,4984,0.0256884353428666,0.21175257558580063,0.2879880373754602,0.0271163848174741,0.040111983331432434,-0.4792526216689412
standardised,2020-05-15,4956,4914,4998,-0.258219146802898,0.29926941715172145,0.4018441934835397,0.05148972132785431,0.09398890747164741,-0.8253916519218447
standardised,2020-06-05,4970,4928,5012,0.07722773471133687,0.275659731633926,0.36096581925143223,0.04194147456097393,0.0598428259434541,-0.4268174061561767
standardised,2020-06-25,4984,4942,5026,-0.3670441392064247,0.2879880373754599,0.557379694250605,0.09415553247296105,0.1446671086730844,-0.5364695506833752
standardised,2020-07-15,4998,4956,5040,-0.17570053201447192,0.4018441934835402,1.0164939060076972,0.2475146050300756,0.29238710960079084,-0.18129235066861105
standardised,2020-08-04,5012,4970,5054,0.16936252233176372,0.36096581925143206,0.9901794846911963,0.23764488188146116,0.23615200531552802,0.006281963887098563
standardised,2020-08-24,5026,4984,5068,0.677972805913106,0.5573796942506062,0.8804577050624206,0.20152573752771685,0.11429901511037377,0.43283167444230963
standardised,2020-09-11,5040,4998,5082,0.6964698676532344,1.0164939060076965,0.5846686312663162,0.10260077770286946,0.1418962461887756,-0.38299386579412986
standardised,2020-10-01,5054,5012,5096,0.8852240724998822,0.990179484691196,0.7984897948211884,0.17281800079142004,0.05772874622144197,0.6659564052525015
standardised,2020-10-21,5068,5026,5110,0.7103270549527064,0.8804577050624192,0.5955916175592555,0.10577305463086913,0.1052444904706921,0.004997153216588335
standardised,2020-11-10,5082,5040,5124,0.441270764858563,0.5846686312663159,0.2786361220041162,0.025366055644697145,0.08314405376347549,-2.277768326620265
standardised,2020-11-30,5096,5054,5138,-0.5072794927709158,0.7984897948211884,0.6912766294951275,0.13641191366370128,0.3108602932286848,-1.2788353662060206
standardised,2020-12-18,5110,5068,5152,0.49413267727201154,0.595591617559256,0.9870709674206346,0.23398188726958255,0.17943441859785927,0.23312688562459682
standardised,2021-01-13,5124,5082,5166,-0.09968920310322359,0.2786361220041162,0.8548764223225466,0.19145598957347287,0.21221676894092342,-0.10843630128104942
standardised,2021-02-02,5138,5096,5180,-0.879370110817137,0.6912766294951268,1.0057492180024425,0.24034310839556414,0.34196255512374774,-0.42280990458413803
standardised,2021-02-22,5152,5110,5194,-0.8840309055887664,0.9870709674206347,0.5162566889928327,0.08207862633419467,0.3369560849629281,-3.105284164856317
standardised,2021-03-12,5166,5124,5208,-0.7834721371390783,0.8548764223225457,0.3535503609577401,0.040411875498537864,0.28433942375313254,-6.036036319656092
standardised,2021-04-01,5180,5138,5222,-0.6984793913421364,1.0057492180024425,0.2585086241398296,0.021922973776453986,0.2919654895154015,-12.317786742462024
standardised,2021-04-23,5194,5152,5236,0.6735760161724896,0.5162566889928335,0.262820667488382,0.02257444338065436,0.04804984589521114,-1.1285063416619372
standardised,2021-05-13,5208,5166,5250,0.39920395726845453,0.3535503609577407,0.20605643327259687,0.014013002398273708,0.03527679743421993,-1.5174331975113167
standardised,2021-06-03,5222,5180,5264,-0.023049943194718234,0.25850862413982995,0.21898842392481022,0.01581355280206938,0.0378484442095964,-1.3934181447602025
standardised,2021-06-23,5236,5194,5278,-0.39499709584860226,0.26282066748838173,0.240477038988225,0.019037029462730892,0.056008874090726156,-1.942101560559942
standardised,2021-07-13,5250,5208,5292,0.026426947995391182,0.20605643327259668,0.26728380834896065,0.023459235280531548,0.03591117486483034,-0.5307905153512171
standardised,2021-08-02,5264,5222,5306,0.29383203112305056,0.21898842392481024,0.312930606187021,0.03180108021065312,0.034017683672241596,-0.06970214366636296
standardised,2021-08-20,5278,5236,5320,0.06303175793267893,0.24047703898822495,0.4806978479339793,0.07205427958016412,0.08345523872718792,-0.1582273698863319
standardised,2021-09-09,5292,5250,5334,-0.4340293485086327,0.2672838083489606,0.4521036977169727,0.06437304953415095,0.1132524644354378,-0.7593148880628302
standardised,2021-09-29,5306,5264,5348,0.38397462417245515,0.3129306061870209,0.3015525303967659,0.029694266209868037,0.03699418670085149,-0.2458360290633328
standardised,2021-10-19,5320,5278,5362,0.6758461179877066,0.4806978479339794,0.3243136022916772,0.03415825192480545,0.03952663801516865,-0.15716220204069398
standardised,2021-11-08,5334,5292,5376,-0.8273709934663288,0.4521036977169727,0.9025301179072991,0.2079881697569713,0.3144088445249511,-0.5116669611176903
standardised,2021-11-26,5348,5306,5390,0.11600507594781384,0.3015525303967657,0.5216591584692793,0.08366694607719438,0.09851801248135628,-0.1775021929264602
standardised,2021-12-16,5362,5320,5404,0.4875878530467046,0.32431360229167716,0.3703060838890903,0.044073860546843,0.040483058697376784,0.08147236944786829
standardised,2022-01-07,5376,5334,5418,0.897881072163469,0.9025301179073,0.39123998539656496,0.04885863830243423,0.09960168168357164,-1.038568514067845
standardised,2022-01-27,5390,5348,5432,0.6082367302554185,0.5216591584692797,0.33212334521579967,0.03591498833192608,0.05431265041269828,-0.5122558278661025
standardised,2022-02-16,5404,5362,5446,0.05359024009582302,0.3703060838890898,0.253345182934008,0.021154862470018188,0.06046231315810443,-1.8580811264452737
standardised,2022-03-08,5418,5376,5460,-0.3260922594855723,0.39123998539656485,0.3097415507810819,0.03133304180907137,0.09873793971520343,-2.1512401610052865
standardised,2022-03-28,5432,5390,5474,-0.2453344242696254,0.3321233452157998,0.343461020122384,0.03806340417574772,0.08674380917302482,-1.278929356200202
standardised,2022-04-19,5446,5404,5488,0.11505658084672117,0.25334518293400826,0.2513837666806269,0.02077348645681572,0.03645325210958017,-0.7547970190444351
standardised,2022-05-09,5460,5418,5502,0.15904077568901603,0.30974155078108184,0.25299491943836333,0.021007877842314837,0.04345160933128304,-1.0683483432944003
standardised,2022-05-27,5474,5432,5516,-0.06223699814170993,0.3434610201223835,0.2328728662809527,0.01787840570839272,0.05762169227969475,-2.2229771054275385
standardised,2022-06-16,5488,5446,5530,-0.0807343567351584,0.251383766680627,0.34473532592185174,0.03883154555872922,0.06239559765213117,-0.6068275613125789
standardised,2022-07-06,5502,5460,5544,0.47697139136749084,0.2529949194383634,0.3095290183812474,0.03140092241496273,0.027686482618485275,0.1182907860919239
standardised,2022-07-26,5516,5474,5558,0.2207216447064246,0.2328728662809525,0.2406785857819903,0.019120796478398372,0.028479953043997124,-0.48947524629385675
standardised,2022-08-15,5530,5488,5572,-0.04143679457518415,0.34473532592185163,0.31891532528478744,0.033315626119201504,0.07253924455599403,-1.1773339722463132
standardised,2022-09-02,5544,5502,5586,0.09801526528034335,0.30952901838124725,0.25476411862095827,0.02138061251003694,0.04667658659535023,-1.1831267263011442
standardised,2022-09-22,5558,5516,5600,0.32373344234761253,0.24067858578199056,0.24088401880624052,0.01910009898271096,0.025664803510206873,-0.34370002655159837
standardised,2022-10-12,5572,5530,5614,0.05678027989881482,0.3189153252847876,0.2638942509354537,0.02293833591263657,0.051963188050518326,-1.2653425361118793
standardised,2022-11-01,5586,5544,5628,0.017976059595156732,0.25476411862095827,0.38977231674642304,0.04863440970563756,0.06720691767509542,-0.3818799915917348
standardised,2022-11-21,5600,5558,5642,0.2730373899534186,0.24088401880624039,0.27908665362715174,0.02550300267837861,0.03236318669601671,-0.2689951494791689
standardised,2022-12-09,5614,5572,5656,-0.0027293652884449473,0.2638942509354539,0.39414876836536294,0.049567527478416494,0.07020451541631949,-0.416340878549754
standardised,2022-12-30,5628,5586,5670,0.18693793159986175,0.38977231674642315,0.4706802969236666,0.06985884844353969,0.09142450088116731,-0.308703233994146
standardised,2023-01-19,5642,5600,5684,0.5293189636757667,0.27908665362715174,0.6500373480291834,0.12468005533545264,0.09309258867968377,0.253348192465768
standardised,2023-02-08,5656,5614,5698,0.5587234114380889,0.39414876836536283,0.4458120681997536,0.06305355198038291,0.04947309734116597,0.21537969254201672
standardised,2023-02-28,5670,5628,5712,0.6130800215808403,0.47068029692366625,0.39190634485928527,0.04927484477611488,0.04721890880956536,0.04172384460855971
standardised,2023-03-20,5684,5642,5726,0.2736322299621786,0.6500373480291837,0.19782061163220202,0.012957387513779395,0.1159291913065948,-7.946957184332964
standardised,2023-04-11,5698,5656,5740,-0.04001480871368893,0.44581206819975344,0.23570546899458827,0.018301819691426562,0.08124436265877148,-3.4391412454374786
standardised,2023-05-02,5712,5670,5754,0.017062817782472883,0.3919063448592852,0.2901287477897899,0.027656186310696107,0.07348850875623054,-1.6572177353248687
standardised,2023-05-22,5726,5684,5768,0.2645789460743607,0.19782061163220202,0.2856379229548136,0.02683816213636625,0.02972903840444537,-0.10771513538782607
standardised,2023-06-09,5740,5698,5782,-0.3524927145516782,0.23570546899458814,0.43076159672532566,0.05881541627129024,0.0951637657310509,-0.6180071784598333
standardised,2023-06-29,5754,5712,5796,0.06550701082758667,0.29012874778979014,0.31652079470550565,0.03263940734533873,0.05464367027202174,-0.6741624531925043
standardised,2023-07-19,5768,5726,5810,0.05847586633086274,0.2856379229548134,0.3090917364363385,0.0311816396863643,0.053273431757187684,-0.7084871832600934
standardised,2023-08-08,5782,5740,5824,-0.06337281671821847,0.43076159672532616,0.5265122718286903,0.08552019590548039,0.14035513545133993,-0.6411928663781925
standardised,2023-08-28,5796,5754,5838,0.3039232488868045,0.31652079470550554,0.46674601246064634,0.06849405128005988,0.07068794908729965,-0.03203048682679488
standardised,2023-09-15,5810,5768,5852,0.44266941325838477,0.3090917364363388,0.5354108518300192,0.08773916704134728,0.07213537115772144,0.17784299087626987
standardised,2023-10-05,5824,5782,5866,0.8596454438496732,0.5265122718286899,0.7839166297242067,0.17009677362333772,0.05682631145964331,0.6659177581728888
standardised,2023-10-25,5838,5796,5880,0.6654266508957003,0.4667460124606465,1.2643143724396115,0.31157666793508776,0.24363652583693707,0.21805272695292122
standardised,2023-11-14,5852,5810,5894,0.712265389643608,0.5354108518300196,0.7358636333206694,0.15353130246654598,0.07780642706234427,0.4932210838288299
standardised,2023-12-04,5866,5824,5908,-0.0014895651699273925,0.7839166297242062,0.5633392406425354,0.09659421422702301,0.221187505422483,-1.2898628783565798
standardised,2023-12-22,5880,5838,5922,-0.4667429265943046,1.2643143724396124,0.5397463317181499,0.08932681438935708,0.34039589253596286,-2.8106798598262746
standardised,2024-01-16,5894,5852,5936,0.4010710341777214,0.7358636333206691,0.5848178138745952,0.10358695363760144,0.1486355118321625,-0.4348864081104584
standardised,2024-02-05,5908,5866,5950,0.3067189350592967,0.5633392406425354,0.5160477513968643,0.0830857621909118,0.11709785187361914,-0.4093612285165713
standardised,2024-02-23,5922,5880,5964,-0.8276811305233266,0.53974633171815,0.9205849036266117,0.21642088333940723,0.33804465461551564,-0.5619779819739901
standardised,2024-03-14,5936,5894,5978,0.5605715874368081,0.5848178138745944,0.7009700049356269,0.14119245526913402,0.10745355220616364,0.23895684085002256
standardised,2024-04-05,5950,5908,5992,0.513111937424402,0.5160477513968644,0.5738144816603584,0.09993077535982309,0.08749012420366735,0.12449269117907269
standardised,2024-04-25,5964,5922,6006,0.5803539262335332,0.9205849036266118,0.4381524581877414,0.061316084643898115,0.1554962824261462,-1.5359786641500834
standardised,2024-05-16,5978,5936,6020,0.07492730595708787,0.7009700049356287,0.3195406380899057,0.03346987482025643,0.15394398817858246,-3.599479054083986
standardised,2024-06-05,5992,5950,6034,0.42996469982463503,0.573814481660359,0.2992711822037148,0.029196790727705313,0.08229486644083324,-1.8186271295475738
standardised,2024-06-25,6006,5964,6048,-0.19095758270323437,0.43815245818774134,0.34744520749727864,0.03914323791026897,0.11203871566313077,-1.8622751117310647
standardised,2024-07-15,6020,5978,6062,-0.1189622958980825,0.3195406380899055,0.3605923479915578,0.041923060684495805,0.0808591323331133,-0.9287506926472338
standardised,2024-08-02,6034,5992,6076,0.4184275315887916,0.2992711822037145,0.4312171398685249,0.05881853146240997,0.05269211825721539,0.10415787427657686
standardised,2024-08-22,6048,6006,6090,0.132099352464401,0.3474452074972788,0.5977548577435732,0.10723694338364398,0.1234448856989087,-0.15114140522711694
standardised,2024-09-11,6062,6020,6104,0.7263304592736591,0.3605923479915574,0.7414613824878241,0.15402038367616924,0.08721078912940532,0.4337711214071013
standardised,2024-10-01,6076,6034,6118,0.45932893007989967,0.4312171398685252,0.2788681610863804,0.025568049188085123,0.0489231407974963,-0.9134483212858806
standardised,2024-10-21,6090,6048,6132,0.513300917662855,0.5977548577435734,0.3540966525345305,0.040710604579874264,0.08080398488516656,-0.9848387347485599
standardised,2024-11-08,6104,6062,6146,-0.06374405869963659,0.7414613824878242,0.36003325789869606,0.04213682050513053,0.18721592829930125,-3.443048290188531
standardised,2024-11-28,6118,6076,6160,-0.09052719051867596,0.2788681610863803,0.6402097419927335,0.12144111019453015,0.1491684560542117,-0.22831927191102386
standardised,2024-12-18,6132,6090,6174,0.36588132565990183,0.35409665253453065,0.3635284415908766,0.042632264665465325,0.05158919804424963,-0.21009752705067886
standardised,2025-01-14,6146,6104,6188,0.29643749983202855,0.3600332578986962,0.38933583052887194,0.048605186891563935,0.06191941841187306,-0.2739261459895752
standardised,2025-02-03,6160,6118,6202,0.5214190321684398,0.640209741992733,0.4584379362479551,0.06607281958964,0.09290788453760672,-0.4061437837015567
standardised,2025-02-21,6174,6132,6216,0.3670600819071952,0.3635284415908766,0.6376194428463682,0.11961027164178335,0.10796033719269404,0.09739911371474264
standardised,2025-03-13,6188,6146,6230,0.1076921334334363,0.38933583052887194,0.46996005696265064,0.06898593149393539,0.09845530456971503,-0.42717946163226506
standardised,2025-04-02,6202,6160,6244,0.4080105638210226,0.458437936247955,0.46105698074684387,0.06686197539143901,0.07545053670632,-0.12845210247827454
standardised,2025-04-24,6216,6174,6258,-0.5181772102290374,0.6376194428463676,0.8963603180070048,0.2075175745496757,0.3253050472914724,-0.5676023970374646
standardised,2025-05-15,6230,6188,6272,-0.6619593162302597,0.46996005696265036,1.1429731888396757,0.28016778912062046,0.33719100806490926,-0.20353238722863543
standardised,2025-06-04,6244,6202,6286,-0.5890728804077682,0.4610569807468444,1.2066257966876806,0.2953794630609023,0.342283139877359,-0.15879125898060797
standardised,2025-06-24,6258,6216,6300,0.44360534517977246,0.896360318007006,0.515269447064101,0.08180537061739823,0.1687419567470608,-1.0627246777752881
standardised,2025-07-14,6272,6230,6314,0.23993605811882623,1.142973188839676,0.38690780036610656,0.047843273684228325,0.2665190338907036,-4.57066883946452
standardised,2025-08-01,6286,6244,6328,0.7691776978669002,1.2066257966876792,0.5156576620904836,0.08154044881053357,0.1909727216529086,-1.3420612032274994
standardised,2025-08-21,6300,6258,6342,0.6819715791791943,0.5152694470641008,0.37593422803250215,0.0452046474870742,0.044323393527965806,0.01949476454518051
standardised,2025-09-10,6314,6272,6356,0.17196797146803244,0.38690780036610645,0.46363226904960103,0.06710494213723806,0.08984850022011208,-0.33892523200989566
standardised,2025-09-30,6328,6286,6370,0.7809547454531393,0.5156576620904836,0.3663979240564239,0.04314432601329976,0.033197539457092105,0.2305468059262633
standardised,2025-10-20,6342,6300,6384,0.6368262596454541,0.37593422803250226,0.32313804501381044,0.03390787450632127,0.02908292086328738,0.14229596261288502
standardised,2025-11-07,6356,6314,6398,0.1570225151196897,0.46363226904960086,0.2904039668006483,0.02763934269721154,0.07849797824525033,-1.8400812242604374
standardised,2025-11-27,6370,6328,6412,-0.29128952439297867,0.3663979240564241,0.30596486632422276,0.030531060727002696,0.08958022545114463,-1.9340685622467375
standardised,2025-12-17,6384,6342,6426,-0.003391031528512874,0.32313804501380994,0.2732507782618497,0.024507420400573743,0.05705046671695543,-1.3278854234540254
standardised,2026-01-13,6398,6356,6440,0.05744811713044903,0.2904039668006487,0.20301796646266235,0.013620334573446838,0.03852684933094341,-1.828627235490412
standardised,2026-02-02,6412,6370,6454,0.3911629079905027,0.3059648663242228,0.28468200830709595,0.02646293259671924,0.034247164868205594,-0.2941560706862627
standardised,2026-02-20,6426,6384,6468,0.3988432403237385,0.2732507782618498,0.254930265884678,0.021311808692988727,0.02742096782490992,-0.28665606096262564
standardised,2026-03-12,6440,6398,6482,0.17767161495368758,0.20301796646266226,0.20127359663062983,0.013436862052373636,0.022089218524553218,-0.6439268661429127
standardised,2026-04-01,6454,6412,6496,-0.25766515913728033,0.2846820083070959,0.3144640830096425,0.03226211802094703,0.0708689400153338,-1.1966611110070415
standardised,2026-04-23,6468,6426,6510,-0.5172994671214802,0.25493026588467826,0.47886538491990316,0.0717900905790283,0.12405327625841256,-0.727999996348405
standardised,2026-05-14,6482,6440,6524,0.25877697779335285,0.20127359663062994,0.41918918735186017,0.056260429664265775,0.05497205975768408,0.02290010784258223
standardised,2026-06-03,6496,6454,6538,0.5488380079412718,0.3144640830096428,0.5010474344711746,0.07892763284154351,0.05583518396411188,0.29257749214134465
