,raw,raw,raw,standardised,standardised,standardised,T,N,null_mode1,null_mode2,null_mode3
,mode1,mode2,mode3,mode1,mode2,mode3,,,,,
5,2.440853934360851,0.10918915335171198,0.03732228931755758,0.5757386237406851,0.05432758418961819,0.018970601407483138,132,132,75.92371497687229,0.9993354240980662,0.38593256526368147
10,6.411748595112947,0.24715121202084836,0.08283777069420081,1.4516440415873584,0.1215774678245361,0.040894783092288306,132,132,75.92371497687229,0.9993354240980662,0.38593256526368147
15,10.913114009116228,0.3918943942014133,0.13213473537082923,2.5890259520760983,0.19748683421302934,0.06749056759037471,132,132,75.92371497687229,0.9993354240980662,0.38593256526368147
20,16.012647803417714,0.528740024893511,0.18528767521459644,3.925467475453946,0.2734973424131079,0.09646051999098042,132,132,75.92371497687229,0.9993354240980662,0.38593256526368147
25,21.32724852659102,0.6625297279602351,0.23954388340563826,5.4140867478919095,0.35746142035240125,0.12666723013244519,132,132,75.92371497687229,0.9993354240980662,0.38593256526368147
30,26.978231418164512,0.8053983474679686,0.29531288758379703,7.064988293364737,0.44705995280202526,0.15724373245823925,132,132,75.92371497687229,0.9993354240980662,0.38593256526368147
35,32.7360475086062,0.9446490861923065,0.3508392503249358,8.788148684216422,0.5297181703991359,0.19067776766547415,132,132,75.92371497687229,0.9993354240980662,0.38593256526368147
40,38.68763389344524,1.1029948863458563,0.40743542403809024,10.673114624217714,0.6192663708615831,0.22516846694670994,132,132,75.92371497687229,0.9993354240980662,0.38593256526368147
45,44.62202709524772,1.2501209396951545,0.4637519463140933,12.618183848355251,0.7099658073952915,0.26218289949687545,132,132,75.92371497687229,0.9993354240980662,0.38593256526368147
50,50.28606884096401,1.3818588881975076,0.5216456443740113,14.64141691345448,0.8060956906935428,0.3000300457499972,132,132,75.92371497687229,0.9993354240980662,0.38593256526368147
55,55.681538098525685,1.4913238202171435,0.5786293901731336,16.757225960234027,0.8930903969162735,0.33791064430321993,132,132,75.92371497687229,0.9993354240980662,0.38593256526368147
60,61.02418464275053,1.5995954466874462,0.6363244493672624,18.951463212801947,0.9899872868349899,0.37586511523209254,132,132,75.92371497687229,0.9993354240980662,0.38593256526368147
65,66.4922178868522,1.7156254673874316,0.6972080991633176,21.238214989001385,1.097734592045172,0.4121023437703223,132,132,75.92371497687229,0.9993354240980662,0.38593256526368147
70,71.94338416204758,1.8344657903831885,0.7564637145453236,23.53173234479971,1.2099091917207874,0.4477328965579652,132,132,75.92371497687229,0.9993354240980662,0.38593256526368147
75,77.37553139021145,1.958034316673485,0.8124660960546285,25.85150645891494,1.3184874699382545,0.48374355169836863,132,132,75.92371497687229,0.9993354240980662,0.38593256526368147
80,82.76944187317791,2.0716850133198457,0.8598175400215723,28.114446946807963,1.4263160289499253,0.51766780193685,132,132,75.92371497687229,0.9993354240980662,0.38593256526368147
85,88.22139272184197,2.1785576972736846,0.9025746548917952,30.393311788620647,1.5374323003590524,0.5522905093046553,132,132,75.92371497687229,0.9993354240980662,0.38593256526368147
90,93.73855006295715,2.291939965760204,0.9389848524930453,32.68200443757298,1.6562324963182833,0.585078807628816,132,132,75.92371497687229,0.9993354240980662,0.38593256526368147
95,99.62639831568647,2.4147145879962455,0.9739848265743711,35.089405191600385,1.7780483652452512,0.616974192988567,132,132,75.92371497687229,0.9993354240980662,0.38593256526368147
100,105.77911994789929,2.5381160359463752,1.0072376694824998,37.55138407661763,1.8915011659974756,0.6484300596759276,132,132,75.92371497687229,0.9993354240980662,0.38593256526368147
105,112.32483044704561,2.657893512033082,1.0380621331415536,40.061887712521994,2.010927913290931,0.679635494421067,132,132,75.92371497687229,0.9993354240980662,0.38593256526368147
110,119.1931850559466,2.7908890571719245,1.0702205915199552,42.59189667645813,2.1372405420415936,0.7113671951376203,132,132,75.92371497687229,0.9993354240980662,0.38593256526368147
115,125.99298687840705,2.8875396129196496,1.0959981833253698,45.08519875919601,2.2559989592458223,0.7401887811300613,132,132,75.92371497687229,0.9993354240980662,0.38593256526368147
120,132.94705505383604,2.980609136088368,1.120612241860629,47.54318294783412,2.374640485855128,0.7678309742288861,132,132,75.92371497687229,0.9993354240980662,0.38593256526368147
125,140.10241556697594,3.085209032122641,1.1422066771678097,49.937735374700914,2.4997556412835698,0.7958917013244995,132,132,75.92371497687229,0.9993354240980662,0.38593256526368147
130,147.51662974053895,3.181398805606645,1.1648175326169672,52.33660324818895,2.6228651445624362,0.82239507583479,132,132,75.92371497687229,0.9993354240980662,0.38593256526368147
135,153.67001902997077,3.2379595357534114,1.1796334618732274,54.392598449892546,2.717413362905416,0.8444457182796424,132,132,75.92371497687229,0.9993354240980662,0.38593256526368147
140,158.52656236215546,3.263097442679522,1.1856736692992411,56.20317856544058,2.796910584167047,0.8643713504586498,132,132,75.92371497687229,0.9993354240980662,0.38593256526368147
145,162.8553066362157,3.2946960064649007,1.186212101970678,57.928504056981886,2.877401002301528,0.8818007363788127,132,132,75.92371497687229,0.9993354240980662,0.38593256526368147
150,166.40962150408484,3.3322211620985076,1.1814395487156724,59.52174444952183,2.9673152820166386,0.8965987473353484,132,132,75.92371497687229,0.9993354240980662,0.38593256526368147
155,169.52673643357622,3.387796978037993,1.1802341694520921,61.10607036590453,3.058082420263649,0.912800234139854,132,132,75.92371497687229,0.9993354240980662,0.38593256526368147
160,172.28458625393807,3.436128870660011,1.179101764373858,62.61877786841021,3.148009835528801,0.9293511605519857,132,132,75.92371497687229,0.9993354240980662,0.38593256526368147
165,175.13118617201184,3.484124614045928,1.1850305811730177,64.1434557841251,3.242889705125292,0.9479955935924771,132,132,75.92371497687229,0.9993354240980662,0.38593256526368147
170,177.80168552563418,3.519556069025125,1.1925142752988511,65.60167901181696,3.342550163067903,0.9653118931841357,132,132,75.92371497687229,0.9993354240980662,0.38593256526368147
175,180.11091387836626,3.532423717232508,1.199932174929745,66.95775008764093,3.438671601705406,0.981186367693408,132,132,75.92371497687229,0.9993354240980662,0.38593256526368147
180,182.60217180192026,3.5534368990262166,1.210791594008311,68.32511747956838,3.528326981425878,0.996264630831141,132,132,75.92371497687229,0.9993354240980662,0.38593256526368147
185,185.57527882447167,3.581586488840136,1.2295957166791094,69.64675966059131,3.628503706615995,1.009801730581019,132,132,75.92371497687229,0.9993354240980662,0.38593256526368147
190,188.74157545623447,3.6352885981106384,1.2480222848118554,71.02377565495998,3.732874031633388,1.024638035425053,132,132,75.92371497687229,0.9993354240980662,0.38593256526368147
195,191.85413852443835,3.685405011085665,1.2650311224998414,72.4346335796852,3.8353934218862595,1.040354190695222,132,132,75.92371497687229,0.9993354240980662,0.38593256526368147
200,195.15662848381453,3.74301325260472,1.2845035898702244,73.89615647350362,3.935971315741485,1.0558020676312143,132,132,75.92371497687229,0.9993354240980662,0.38593256526368147
205,198.4292685950589,3.798636025901657,1.3005479804700664,75.4291835724868,4.043527008178608,1.0697630852590156,132,132,75.92371497687229,0.9993354240980662,0.38593256526368147
210,201.8449056252376,3.862440983863376,1.3188668562937602,76.95520207230835,4.153799207144211,1.081816066462681,132,132,75.92371497687229,0.9993354240980662,0.38593256526368147
215,205.4053109043737,3.929240567724563,1.3402403837165378,78.50359766553677,4.271108592824539,1.0924688741159576,132,132,75.92371497687229,0.9993354240980662,0.38593256526368147
220,209.09494726039406,3.999767941050302,1.3622205517010246,79.99296410033654,4.38428894655667,1.102629453176261,132,132,75.92371497687229,0.9993354240980662,0.38593256526368147
225,212.96847667716222,4.069090453749573,1.3872076676488165,81.45349022265856,4.495958538668934,1.1129651485103116,132,132,75.92371497687229,0.9993354240980662,0.38593256526368147
230,216.5635899745742,4.1176881564251655,1.411450784248127,82.78384388766855,4.6053698687105475,1.1210738964758216,132,132,75.92371497687229,0.9993354240980662,0.38593256526368147
235,219.51698160003014,4.148680812375461,1.43376557842104,83.9882328421872,4.7078103252987935,1.1276357468350109,132,132,75.92371497687229,0.9993354240980662,0.38593256526368147
240,221.8379251795853,4.163455527325121,1.4584302790569927,85.09760902005327,4.8027276025602115,1.1326252110489883,132,132,75.92371497687229,0.9993354240980662,0.38593256526368147
245,223.86696172640467,4.2095821940725635,1.4773977905676805,86.13292264614051,4.905143285255222,1.1354465025101306,132,132,75.92371497687229,0.9993354240980662,0.38593256526368147
250,225.5415379434117,4.273375621574393,1.4932164343262158,87.11703989849309,5.018779304833025,1.1385572019375794,132,132,75.92371497687229,0.9993354240980662,0.38593256526368147
255,226.7516535219405,4.331552410412234,1.5049451070483444,87.97240490461387,5.119449117261541,1.1391187778104108,132,132,75.92371497687229,0.9993354240980662,0.38593256526368147
260,227.2896478465165,4.375790544912022,1.5182357207707275,88.71819135489851,5.216415433904905,1.1420757950569307,132,132,75.92371497687229,0.9993354240980662,0.38593256526368147
265,227.16955949946734,4.398229912093123,1.5289121135504207,89.2546805691028,5.3006120320660965,1.1452901864499785,132,132,75.92371497687229,0.9993354240980662,0.38593256526368147
270,226.13448748255476,4.413923440431043,1.5313650419712592,89.57584181830332,5.3853532636940695,1.1454910844697435,132,132,75.92371497687229,0.9993354240980662,0.38593256526368147
275,224.6210575360356,4.417680830711614,1.5313063632937358,89.78098175618074,5.458686083246402,1.1465724651339306,132,132,75.92371497687229,0.9993354240980662,0.38593256526368147
280,223.33463652938855,4.416528327004516,1.5317000790848287,89.90030898739654,5.520735326623767,1.1454310697546053,132,132,75.92371497687229,0.9993354240980662,0.38593256526368147
285,222.41095296445664,4.414395358337726,1.530750077627114,89.97788465252978,5.575270124343063,1.1458065923066623,132,132,75.92371497687229,0.9993354240980662,0.38593256526368147
290,221.79799708768135,4.397298615056694,1.5296235795074271,89.90493260300515,5.61851046190487,1.1476738566192104,132,132,75.92371497687229,0.9993354240980662,0.38593256526368147
295,220.96612553204656,4.378216584872939,1.5236040018249737,89.69274281322356,5.6506511343482915,1.15023080979914,132,132,75.92371497687229,0.9993354240980662,0.38593256526368147
300,220.25065431720927,4.3472685735703145,1.512606630067572,89.41625511310973,5.671201133126615,1.1498262043837542,132,132,75.92371497687229,0.9993354240980662,0.38593256526368147
305,219.5515951022074,4.321695912181868,1.5021716808516203,89.12579285353742,5.697522671136553,1.1463016300787894,132,132,75.92371497687229,0.9993354240980662,0.38593256526368147
310,218.5759792181217,4.3027281551839565,1.4851711218423855,88.66325687438605,5.727362469436891,1.142341496489602,132,132,75.92371497687229,0.9993354240980662,0.38593256526368147
315,216.9873031291692,4.284206034596584,1.4677919964994743,88.16885858941454,5.7495765246883925,1.139457748080338,132,132,75.92371497687229,0.9993354240980662,0.38593256526368147
320,214.64528156788754,4.254565760012565,1.448639030477061,87.48980343763814,5.767138149526076,1.1356084495828487,132,132,75.92371497687229,0.9993354240980662,0.38593256526368147
325,212.87848482259625,4.215306751757529,1.4335697791736852,86.8211314455844,5.773525846694173,1.1316334590831227,132,132,75.92371497687229,0.9993354240980662,0.38593256526368147
330,211.01064501483364,4.180229884888742,1.4239445767987189,86.07433268373563,5.779658302178888,1.1306127843699774,132,132,75.92371497687229,0.9993354240980662,0.38593256526368147
335,208.7955284304961,4.133418123441705,1.4131511101904084,85.07118469983624,5.769553216698469,1.1312165859061487,132,132,75.92371497687229,0.9993354240980662,0.38593256526368147
340,206.35206495977445,4.091272455488079,1.4044261031524528,83.94896945376829,5.755133516109719,1.1351171459291567,132,132,75.92371497687229,0.9993354240980662,0.38593256526368147
345,203.93025523175842,4.034649168640849,1.4008155469393817,82.79593216539355,5.719573695882558,1.1406630426481157,132,132,75.92371497687229,0.9993354240980662,0.38593256526368147
350,201.40456891632306,3.9909426167421027,1.400428500887211,81.68040503774446,5.690502049041147,1.1431870675102516,132,132,75.92371497687229,0.9993354240980662,0.38593256526368147
355,198.41932617666308,3.9464095335757774,1.3962886820124483,80.56496350393266,5.655858282766772,1.1461068829044163,132,132,75.92371497687229,0.9993354240980662,0.38593256526368147
360,195.06295692928524,3.853503763632666,1.391923048791153,79.40084711414673,5.599895029099374,1.14478954624845,132,132,75.92371497687229,0.9993354240980662,0.38593256526368147
365,191.96062270022435,3.789654864030392,1.3910694905264158,78.34934280617829,5.553737158605099,1.1432481667394607,132,132,75.92371497687229,0.9993354240980662,0.38593256526368147
370,188.89230929369754,3.748568100546757,1.3832720857607756,77.17283126279584,5.515646617430187,1.1390333188549997,132,132,75.92371497687229,0.9993354240980662,0.38593256526368147
375,186.0357121270654,3.713398679450018,1.3784659790803055,76.07787640636354,5.47519945054433,1.1345317886283661,132,132,75.92371497687229,0.9993354240980662,0.38593256526368147
380,183.62047394601268,3.6593318749752353,1.3801913060170221,75.00974346308831,5.420530534278797,1.1293677428338094,132,132,75.92371497687229,0.9993354240980662,0.38593256526368147
385,181.66259987338356,3.5997836574827504,1.3812205226210554,74.08106225065238,5.376318772551076,1.1265999297989608,132,132,75.92371497687229,0.9993354240980662,0.38593256526368147
390,180.11438678974292,3.5394128053313376,1.3843893211756368,73.23797524828223,5.326235268494093,1.123213868864916,132,132,75.92371497687229,0.9993354240980662,0.38593256526368147
395,178.98141863887534,3.4937665103482125,1.386554875582443,72.51094475178174,5.283961096262835,1.1192260126338491,132,132,75.92371497687229,0.9993354240980662,0.38593256526368147
400,178.4331630491378,3.464373221079465,1.3859933216165858,71.85146244656825,5.248672496192899,1.1159658827654455,132,132,75.92371497687229,0.9993354240980662,0.38593256526368147
405,179.10453820019347,3.43696318194573,1.3883094578827524,71.3579371733005,5.209520597806562,1.1109360423203463,132,132,75.92371497687229,0.9993354240980662,0.38593256526368147
410,179.64717690295276,3.4130216750707247,1.3892712897369826,70.9382807362638,5.183357043719325,1.10593088874001,132,132,75.92371497687229,0.9993354240980662,0.38593256526368147
415,179.9691148107871,3.38293095859704,1.3862827791532815,70.57571391809184,5.142093782041057,1.101102002975526,132,132,75.92371497687229,0.9993354240980662,0.38593256526368147
420,180.1928120102058,3.346269906023921,1.3825254074024962,70.24159064046998,5.095133690216514,1.0945565372945218,132,132,75.92371497687229,0.9993354240980662,0.38593256526368147
425,180.09058646765664,3.3009372476708134,1.3776698344573066,69.96033740664413,5.045689972782653,1.0874940124608843,132,132,75.92371497687229,0.9993354240980662,0.38593256526368147
430,179.49335271893338,3.2683987267861823,1.369688534701133,69.62032728551796,5.004985140010836,1.080154808376249,132,132,75.92371497687229,0.9993354240980662,0.38593256526368147
435,178.70210754022014,3.2404587958448214,1.3637801557056184,69.25301980665114,4.962362130180969,1.0736891555136878,132,132,75.92371497687229,0.9993354240980662,0.38593256526368147
440,177.89781918799545,3.2390016221358953,1.3654208031969994,68.97792372476717,4.924387540648329,1.071136674641687,132,132,75.92371497687229,0.9993354240980662,0.38593256526368147
445,176.99094991077214,3.245940370396658,1.372015830046664,68.72442407825592,4.874931345399144,1.0714995071646864,132,132,75.92371497687229,0.9993354240980662,0.38593256526368147
450,176.57924487803965,3.271327718784833,1.3772399849643338,68.60273744799677,4.825087252581342,1.0716548506394046,132,132,75.92371497687229,0.9993354240980662,0.38593256526368147
455,175.64490044077448,3.304066726041449,1.377070715350836,68.53288019633867,4.779127785494449,1.069703995693685,132,132,75.92371497687229,0.9993354240980662,0.38593256526368147
460,174.40370379616758,3.335915254131535,1.3718594152855221,68.41259932870521,4.727435656230949,1.066325686167195,132,132,75.92371497687229,0.9993354240980662,0.38593256526368147
465,173.36848617778838,3.3796660170636508,1.3670930310968852,68.40410129915749,4.670835942014689,1.0594817255501192,132,132,75.92371497687229,0.9993354240980662,0.38593256526368147
470,172.08132465017454,3.4239353309468257,1.360618814795032,68.37833500061265,4.618929870023733,1.053006673680029,132,132,75.92371497687229,0.9993354240980662,0.38593256526368147
475,170.64712776859056,3.4867078091634713,1.3558372517723598,68.41975171676664,4.578929284721537,1.047248472473407,132,132,75.92371497687229,0.9993354240980662,0.38593256526368147
480,169.00708376154773,3.5143758489179766,1.354970865037292,68.48466374313867,4.527782870442446,1.0445106892943918,132,132,75.92371497687229,0.9993354240980662,0.38593256526368147
485,167.5575208376062,3.5464858074191437,1.3507544111761343,68.47980440306952,4.481562626172715,1.0427250071400025,132,132,75.92371497687229,0.9993354240980662,0.38593256526368147
490,166.3997359796834,3.6005270316371476,1.3469180682610056,68.59840468350752,4.446633729660763,1.0396509199683994,132,132,75.92371497687229,0.9993354240980662,0.38593256526368147
495,165.43382377194416,3.6473902363723414,1.3446205223705263,68.79080663143941,4.412770601935268,1.0385526407806944,132,132,75.92371497687229,0.9993354240980662,0.38593256526368147
500,164.68637778821355,3.6869236870862174,1.346840510390581,69.12232261835433,4.372891463028511,1.0384104888817534,132,132,75.92371497687229,0.9993354240980662,0.38593256526368147
505,164.46541011546023,3.737142311037228,1.3540418617632815,69.59027062839515,4.332568627270369,1.03907249039067,132,132,75.92371497687229,0.9993354240980662,0.38593256526368147
510,164.3160704052451,3.783840535176669,1.3646737993966338,70.04834809108439,4.291113273808177,1.0405848701993012,132,132,75.92371497687229,0.9993354240980662,0.38593256526368147
515,163.87959219731772,3.8402148447916873,1.3735354728807292,70.42363930906104,4.249664039969687,1.0429789644527274,132,132,75.92371497687229,0.9993354240980662,0.38593256526368147
520,163.3658953984562,3.8984767519587615,1.3851696426441062,70.71397356522749,4.215610383915651,1.046472736798061,132,132,75.92371497687229,0.9993354240980662,0.38593256526368147
525,162.75354928746378,3.9548099777456462,1.4029017733348346,71.01944754287564,4.178248481367411,1.0531734988423294,132,132,75.92371497687229,0.9993354240980662,0.38593256526368147
530,162.12698148976142,3.998420209484853,1.4252652026483272,71.28930695119935,4.13251281291011,1.061254629406372,132,132,75.92371497687229,0.9993354240980662,0.38593256526368147
535,161.33392860787217,4.020617519963345,1.4538547877724188,71.57786292916275,4.079531269291562,1.0709475297403273,132,132,75.92371497687229,0.9993354240980662,0.38593256526368147
540,160.56813823425608,4.018812213471364,1.4843599129528644,71.96231872992598,4.023667730222827,1.082619849877204,132,132,75.92371497687229,0.9993354240980662,0.38593256526368147
545,159.74013793602407,4.026857110670025,1.5114405417313153,72.25212527268428,3.9757032788007343,1.0950164502497823,132,132,75.92371497687229,0.9993354240980662,0.38593256526368147
550,158.53349088727273,4.054259014530669,1.5348483391937982,72.61541521140454,3.9407597053120527,1.1074510623809193,132,132,75.92371497687229,0.9993354240980662,0.38593256526368147
555,157.70235538384105,4.096507425315557,1.5614946041906574,72.98392965630191,3.9054552765796293,1.121623016196254,132,132,75.92371497687229,0.9993354240980662,0.38593256526368147
560,157.04332204217212,4.135207546572523,1.5924435178434335,73.45534016015922,3.8723373744250558,1.135827780751103,132,132,75.92371497687229,0.9993354240980662,0.38593256526368147
565,156.60225693417914,4.168433678190113,1.625476165780972,73.9149355231651,3.837875083755626,1.1513954555150316,132,132,75.92371497687229,0.9993354240980662,0.38593256526368147
570,156.67581233498547,4.194126442023974,1.6590162335120422,74.44254342971905,3.7990223616228476,1.165641981312834,132,132,75.92371497687229,0.9993354240980662,0.38593256526368147
575,156.8953458460124,4.20685184369871,1.690617010481257,75.0544171870174,3.763004905722536,1.1821741202416562,132,132,75.92371497687229,0.9993354240980662,0.38593256526368147
580,157.4799589103549,4.2248292008895545,1.7206498775253067,75.68918090900132,3.731410958959815,1.1981294756351064,132,132,75.92371497687229,0.9993354240980662,0.38593256526368147
585,158.70149908595812,4.226117695895407,1.7487337506338927,76.33440391725796,3.698918023360741,1.2116926940066188,132,132,75.92371497687229,0.9993354240980662,0.38593256526368147
590,160.43755132605352,4.2436251910975615,1.7724057005216212,76.95420545892787,3.6718045990555845,1.2241472502627293,132,132,75.92371497687229,0.9993354240980662,0.38593256526368147
595,162.1739445074473,4.252715959650073,1.791259169810892,77.66039793836443,3.6492199676770056,1.2348281256479088,132,132,75.92371497687229,0.9993354240980662,0.38593256526368147
600,164.26003356958978,4.238948130715999,1.8097584604435757,78.47312388696459,3.6171171113385645,1.2464770403153678,132,132,75.92371497687229,0.9993354240980662,0.38593256526368147
605,166.66808029178256,4.235157715830819,1.8289436536214532,79.3899944226651,3.5860424146111485,1.2578346413282746,132,132,75.92371497687229,0.9993354240980662,0.38593256526368147
610,169.45486609389292,4.250170077089857,1.8439083320435279,80.37305126493598,3.566711035101611,1.2657612336567483,132,132,75.92371497687229,0.9993354240980662,0.38593256526368147
615,172.52086929464946,4.283685670509977,1.8551271653201662,81.47542651024115,3.5542278569504453,1.272237005944485,132,132,75.92371497687229,0.9993354240980662,0.38593256526368147
620,175.7297924056202,4.317293641005512,1.8624376441129387,82.62756396247184,3.551454491098349,1.2782443404955754,132,132,75.92371497687229,0.9993354240980662,0.38593256526368147
625,179.39563046432372,4.354815470783292,1.8718832206585143,83.83944609714631,3.5457649145631733,1.2825301002834166,132,132,75.92371497687229,0.9993354240980662,0.38593256526368147
630,182.83588100823084,4.377898363343959,1.8790506612244782,84.91411426198385,3.543105803010005,1.2852056773246883,132,132,75.92371497687229,0.9993354240980662,0.38593256526368147
635,185.7678502878547,4.407470298523883,1.878550302103585,85.87253330068805,3.549122878090606,1.2860479681963006,132,132,75.92371497687229,0.9993354240980662,0.38593256526368147
640,188.51123462692135,4.438920370439902,1.8768714853589732,86.87483789760938,3.5644672599047467,1.2863443324569193,132,132,75.92371497687229,0.9993354240980662,0.38593256526368147
645,191.3732457317407,4.477283360815187,1.8695246979081237,88.0520339430849,3.584121999956983,1.285909889916586,132,132,75.92371497687229,0.9993354240980662,0.38593256526368147
650,194.1463280778417,4.523789669863329,1.8609700884654898,89.26247622528652,3.6095793733507024,1.2825510175221613,132,132,75.92371497687229,0.9993354240980662,0.38593256526368147
655,197.14920797618092,4.58231795018494,1.8466338798831983,90.55902332713882,3.64533813824962,1.2808701311287858,132,132,75.92371497687229,0.9993354240980662,0.38593256526368147
660,200.34382457034266,4.631466355644764,1.8372637197600947,91.9211351044209,3.679878783453876,1.2797633463809306,132,132,75.92371497687229,0.9993354240980662,0.38593256526368147
665,203.77899810117276,4.673124253010145,1.8214124437996995,93.41863364905713,3.715183325746364,1.2754464533827046,132,132,75.92371497687229,0.9993354240980662,0.38593256526368147
670,206.99088320443124,4.711490452718392,1.8066271171643027,94.72303020068686,3.7524621939743685,1.2733848252122832,132,132,75.92371497687229,0.9993354240980662,0.38593256526368147
675,210.28137924152566,4.745913695769632,1.7952386074749864,96.07517922150969,3.795914347131061,1.2724838414807578,132,132,75.92371497687229,0.9993354240980662,0.38593256526368147
680,214.13549481744212,4.763593684745933,1.7883579331842336,97.45910571072142,3.830419885145994,1.269295855724603,132,132,75.92371497687229,0.9993354240980662,0.38593256526368147
685,218.3405064091494,4.788020870686063,1.7800596092189083,98.93086217807321,3.875231527707691,1.2635545030451,132,132,75.92371497687229,0.9993354240980662,0.38593256526368147
690,222.96318421441777,4.822473457593022,1.7743897318012334,100.40531779063674,3.921533294437534,1.256812884831746,132,132,75.92371497687229,0.9993354240980662,0.38593256526368147
695,227.9130246472938,4.870791033030017,1.7666727236585091,101.92435613536483,3.9770748754661627,1.2499923579368508,132,132,75.92371497687229,0.9993354240980662,0.38593256526368147
700,233.38277358839346,4.922934529844591,1.7530968044845,103.64608532803403,4.040722614961257,1.242359792689429,132,132,75.92371497687229,0.9993354240980662,0.38593256526368147
705,238.84807699204507,4.976386311440812,1.737100576355282,105.27490814330761,4.111251172952957,1.2334991866688865,132,132,75.92371497687229,0.9993354240980662,0.38593256526368147
710,244.1339174695199,5.025915004791335,1.7207821163453814,106.90637956393523,4.187868071020555,1.2247115868751248,132,132,75.92371497687229,0.9993354240980662,0.38593256526368147
715,249.27393329497787,5.0765408766275675,1.7078759192245603,108.45784836926616,4.2618284773925765,1.2187893941828596,132,132,75.92371497687229,0.9993354240980662,0.38593256526368147
720,254.20183001878345,5.130477488470451,1.7044028551281836,109.98521784283443,4.334565786634409,1.216421557992396,132,132,75.92371497687229,0.9993354240980662,0.38593256526368147
725,258.83963518959064,5.172294691061842,1.6994355129312977,111.38602896557614,4.39771037523017,1.215876320877451,132,132,75.92371497687229,0.9993354240980662,0.38593256526368147
730,263.501794359816,5.230267425716014,1.6977023015021346,112.75557272007316,4.475006250706314,1.216651931129852,132,132,75.92371497687229,0.9993354240980662,0.38593256526368147
735,267.93460507193686,5.2774533809658015,1.6948007724622787,114.00565735026578,4.554547007239916,1.2179613753552938,132,132,75.92371497687229,0.9993354240980662,0.38593256526368147
740,271.7285823755492,5.285669653711588,1.6920266948365654,115.07069333885084,4.628428497449166,1.2205265283268403,132,132,75.92371497687229,0.9993354240980662,0.38593256526368147
745,275.39839879365223,5.272031315520651,1.6895312898536883,116.05629497107448,4.697713374882752,1.2213406129077393,132,132,75.92371497687229,0.9993354240980662,0.38593256526368147
750,278.6446259875773,5.248879732642151,1.6886608709024908,116.89540527177344,4.764881523690715,1.2234093035732798,132,132,75.92371497687229,0.9993354240980662,0.38593256526368147
755,280.88029410566276,5.240500598477417,1.687987445663566,117.56525260561617,4.837497405347164,1.2260037838365971,132,132,75.92371497687229,0.9993354240980662,0.38593256526368147
760,282.6037135638333,5.228971882364836,1.6825525339736225,117.99036792579757,4.9092148989040725,1.2289501846153286,132,132,75.92371497687229,0.9993354240980662,0.38593256526368147
765,284.29286486257735,5.2271658428225445,1.682857954570277,118.34240313445773,4.982749495934929,1.231005205411747,132,132,75.92371497687229,0.9993354240980662,0.38593256526368147
770,285.56827486820725,5.201962316668489,1.670557861957886,118.56122140740027,5.0504188790457585,1.2309877981168882,132,132,75.92371497687229,0.9993354240980662,0.38593256526368147
775,286.59668989598765,5.145583491556277,1.662426776462909,118.65530203859477,5.117122798360739,1.2297209743320616,132,132,75.92371497687229,0.9993354240980662,0.38593256526368147
780,287.8632344353803,5.06992728807678,1.657066329107252,118.82338785154032,5.177824768591043,1.2304424143839412,132,132,75.92371497687229,0.9993354240980662,0.38593256526368147
785,289.06645096746746,4.994990197959536,1.6599947121550584,118.93253265257125,5.239155010883876,1.2296750622398627,132,132,75.92371497687229,0.9993354240980662,0.38593256526368147
790,290.39823400280716,4.956771766421501,1.6620057008762645,119.10645227067751,5.309644892017589,1.2297189801015564,132,132,75.92371497687229,0.9993354240980662,0.38593256526368147
795,291.3902254403507,4.914602659523708,1.6616762809340626,119.06739224881218,5.382861990108957,1.2317680638826494,132,132,75.92371497687229,0.9993354240980662,0.38593256526368147
800,292.4010371699407,4.871805960688434,1.6579113841704927,119.05621101126157,5.462264580267746,1.2329008532299954,132,132,75.92371497687229,0.9993354240980662,0.38593256526368147
805,293.49870546675925,4.836158684334464,1.6542679962486926,119.07971232972712,5.544345829090941,1.2353548406183237,132,132,75.92371497687229,0.9993354240980662,0.38593256526368147
810,294.23377404105884,4.804098656357223,1.6561024519985144,119.079360101029,5.627458166721934,1.2386177198061876,132,132,75.92371497687229,0.9993354240980662,0.38593256526368147
815,294.56308681104144,4.774140942444126,1.6551340086824817,118.92332017704504,5.708565474918597,1.240549532082609,132,132,75.92371497687229,0.9993354240980662,0.38593256526368147
820,294.55377028561725,4.759395160969434,1.653706110712085,118.69943614122273,5.792073494592897,1.2433435498883856,132,132,75.92371497687229,0.9993354240980662,0.38593256526368147
825,294.22373143717783,4.748859265019885,1.6481438642199908,118.43326594150463,5.8700741029432475,1.2454197362525679,132,132,75.92371497687229,0.9993354240980662,0.38593256526368147
830,292.780671032251,4.748099244341715,1.6317689622534548,117.95799241285361,5.942581910379197,1.2451586828168033,132,132,75.92371497687229,0.9993354240980662,0.38593256526368147
835,291.10775062427257,4.7750621523513805,1.622972219145899,117.35501316787467,6.018725722129081,1.2467279924115835,132,132,75.92371497687229,0.9993354240980662,0.38593256526368147
840,289.3393875085773,4.815172108326307,1.6082255209196274,116.7226358272828,6.090149525268767,1.2436684295052083,132,132,75.92371497687229,0.9993354240980662,0.38593256526368147
845,287.52408139853964,4.854439146526887,1.5863085130816563,116.03079240143732,6.163457608815724,1.2365485481185043,132,132,75.92371497687229,0.9993354240980662,0.38593256526368147
850,285.81353385356886,4.900087710921312,1.559700136540424,115.38375600490615,6.241831571499817,1.2259405582633887,132,132,75.92371497687229,0.9993354240980662,0.38593256526368147
855,283.6072657873786,4.962801223548157,1.5263754976105888,114.50546180636296,6.339079827203258,1.211983744881006,132,132,75.92371497687229,0.9993354240980662,0.38593256526368147
860,281.2944092585053,5.020961715638974,1.494257011190785,113.71553242807732,6.431609551394016,1.200086389396945,132,132,75.92371497687229,0.9993354240980662,0.38593256526368147
865,278.6580638008569,5.069799898952375,1.4653694666229213,112.85697288845583,6.522869700217935,1.1876969731242635,132,132,75.92371497687229,0.9993354240980662,0.38593256526368147
870,275.9416543213529,5.108933705817572,1.4383458816095909,111.93736019520371,6.611751060248348,1.176708808598268,132,132,75.92371497687229,0.9993354240980662,0.38593256526368147
875,273.4569676666042,5.151642335580871,1.4076359164059211,111.11295064413777,6.700522591308828,1.1636083113740934,132,132,75.92371497687229,0.9993354240980662,0.38593256526368147
880,271.2100062272465,5.181075859604208,1.3816730845246976,110.29274877910815,6.7858919459550755,1.1513596608097185,132,132,75.92371497687229,0.9993354240980662,0.38593256526368147
885,269.4662893809143,5.191214211050317,1.3543629126817376,109.44733860802639,6.867608453960997,1.1371091178879267,132,132,75.92371497687229,0.9993354240980662,0.38593256526368147
890,267.94019499276897,5.209289902519433,1.3253472379847309,108.60763995715844,6.956878724393809,1.121042905685285,132,132,75.92371497687229,0.9993354240980662,0.38593256526368147
895,266.6260673581039,5.219173446960103,1.2977229526870906,107.80528602125935,7.03970806374149,1.1030548047397228,132,132,75.92371497687229,0.9993354240980662,0.38593256526368147
900,265.68147143698945,5.237450814125324,1.2695520496975834,107.05785118341521,7.1275220311542355,1.0840787469236013,132,132,75.92371497687229,0.9993354240980662,0.38593256526368147
905,264.6740183843072,5.270340060190166,1.2435949437871903,106.22663476766608,7.209247669908595,1.0661652024426749,132,132,75.92371497687229,0.9993354240980662,0.38593256526368147
910,263.66685610063263,5.32345349539862,1.2268154014055244,105.31242314827473,7.301829319185711,1.0505865319737746,132,132,75.92371497687229,0.9993354240980662,0.38593256526368147
915,262.28186682546965,5.367941000322943,1.2152999293713596,104.24042406347216,7.390396719380414,1.0376474077826392,132,132,75.92371497687229,0.9993354240980662,0.38593256526368147
920,260.81095350055887,5.392922319218077,1.1972210397703464,103.20620245727427,7.474361624856014,1.02365343051414,132,132,75.92371497687229,0.9993354240980662,0.38593256526368147
925,259.46030722950184,5.415696574120804,1.1848298158389317,102.15454966586532,7.552521804808124,1.0128976168038917,132,132,75.92371497687229,0.9993354240980662,0.38593256526368147
930,258.1202059560611,5.447372426205135,1.1790818863458083,101.26072942878947,7.622613061164266,1.0039869018913914,132,132,75.92371497687229,0.9993354240980662,0.38593256526368147
935,256.23327780497686,5.469561816129357,1.1752427558980574,100.21803786317456,7.6852115877017795,0.9978526688996308,132,132,75.92371497687229,0.9993354240980662,0.38593256526368147
940,254.62940720563768,5.506147977137881,1.1772391729186218,99.3116953053663,7.748489562283547,0.9934297139275313,132,132,75.92371497687229,0.9993354240980662,0.38593256526368147
945,252.47541440380087,5.545556051900577,1.1718405326659942,98.35814940104481,7.815901851548934,0.9872341837709327,132,132,75.92371497687229,0.9993354240980662,0.38593256526368147
950,250.7455281580033,5.554881241620865,1.1681220256501184,97.56361825948113,7.881511711057239,0.9838283795458396,132,132,75.92371497687229,0.9993354240980662,0.38593256526368147
955,249.4772664374158,5.568640416302968,1.1632385669521181,96.92368141463135,7.9505267036766005,0.9818861954512064,132,132,75.92371497687229,0.9993354240980662,0.38593256526368147
960,248.11489291471526,5.585564695759332,1.1595800175364552,96.14844389062443,8.025443770650002,0.9819510054141153,132,132,75.92371497687229,0.9993354240980662,0.38593256526368147
965,247.29847057639324,5.592558122257758,1.161879500585024,95.61812336096244,8.086594930440828,0.984787494865297,132,132,75.92371497687229,0.9993354240980662,0.38593256526368147
970,247.35585998832622,5.594231837558633,1.1696152457497375,95.35212836031697,8.145548814095543,0.9860750372165314,132,132,75.92371497687229,0.9993354240980662,0.38593256526368147
975,247.5445636503342,5.600339442230953,1.186404712353865,95.17429464125753,8.201616272847954,0.9883886014029954,132,132,75.92371497687229,0.9993354240980662,0.38593256526368147
980,247.95215398798766,5.607676037713734,1.20666775026287,95.10296115296849,8.249124207700115,0.9889127914094484,132,132,75.92371497687229,0.9993354240980662,0.38593256526368147
985,248.99462135505215,5.6084945837492635,1.2257249846420422,95.32085743818479,8.287746857871879,0.988916727500061,132,132,75.92371497687229,0.9993354240980662,0.38593256526368147
990,250.60650756995182,5.596978631401064,1.2457477354797766,95.7313328646266,8.314646582758083,0.9904328212063085,132,132,75.92371497687229,0.9993354240980662,0.38593256526368147
995,252.16157662052584,5.586328625184137,1.2689539795726,96.32613645545719,8.335017084825436,0.9944919484591069,132,132,75.92371497687229,0.9993354240980662,0.38593256526368147
1000,254.4875971135089,5.603987140749344,1.2913709830123274,97.26369567117227,8.349307962802039,0.9963053288486287,132,132,75.92371497687229,0.9993354240980662,0.38593256526368147
1005,256.50838890768495,5.633752768638631,1.3100765796455143,98.21179464238053,8.362355416108322,0.9989103012003934,132,132,75.92371497687229,0.9993354240980662,0.38593256526368147
1010,257.8924745481211,5.660040232606917,1.3279434121355131,99.09490013644887,8.36584309079703,0.9973245424202025,132,132,75.92371497687229,0.9993354240980662,0.38593256526368147
1015,259.0929510176311,5.702409861656262,1.3454082041908213,99.9870132616982,8.37211012669296,0.996095787037098,132,132,75.92371497687229,0.9993354240980662,0.38593256526368147
1020,260.3272805936217,5.740024599647515,1.3662661818737085,100.97622974851177,8.367169595390509,0.9923715537038655,132,132,75.92371497687229,0.9993354240980662,0.38593256526368147
1025,262.1381883961343,5.7787368156525165,1.3846058515590964,102.22848161310081,8.354900267822522,0.992288335222959,132,132,75.92371497687229,0.9993354240980662,0.38593256526368147
1030,263.7745294571377,5.831162574400169,1.4050084291009426,103.4626020135777,8.338856827415167,0.9951172805885486,132,132,75.92371497687229,0.9993354240980662,0.38593256526368147
1035,265.7941774984605,5.9159648303602115,1.4245471478868716,104.9433454172732,8.334982411267028,1.0012462980942705,132,132,75.92371497687229,0.9993354240980662,0.38593256526368147
1040,268.06357320265363,6.01800533889975,1.4487045322770518,106.50340306126213,8.327323940374445,1.0070457702324493,132,132,75.92371497687229,0.9993354240980662,0.38593256526368147
1045,270.6326075091994,6.1314867186885245,1.4793726777708134,108.24663042292035,8.324487687496053,1.0139168581393725,132,132,75.92371497687229,0.9993354240980662,0.38593256526368147
1050,273.4714207649876,6.275147321647807,1.5116354164781223,109.97832191869871,8.325815727369056,1.02344604346761,132,132,75.92371497687229,0.9993354240980662,0.38593256526368147
1055,276.3508292279562,6.420596396001389,1.5430185875364395,111.71422461447199,8.329397242360919,1.0349504793158724,132,132,75.92371497687229,0.9993354240980662,0.38593256526368147
1060,279.8043575746251,6.574691387304113,1.5746273001545668,113.51186665097683,8.338086003924735,1.0461246503224906,132,132,75.92371497687229,0.9993354240980662,0.38593256526368147
1065,283.9023534933247,6.735735705649915,1.613934205544734,115.2812817780557,8.345394794565305,1.0600478546968208,132,132,75.92371497687229,0.9993354240980662,0.38593256526368147
1070,288.26851086469446,6.88561953971786,1.654545287965624,117.0314289298727,8.346540570811856,1.076977114616385,132,132,75.92371497687229,0.9993354240980662,0.38593256526368147
1075,292.77447005396266,7.0432718533219285,1.6952891216548591,118.84339461343946,8.347816984910802,1.0985370997388033,132,132,75.92371497687229,0.9993354240980662,0.38593256526368147
1080,297.3386023606118,7.2028289082507575,1.737778925530434,120.72449856159291,8.346358325922113,1.1224043819372507,132,132,75.92371497687229,0.9993354240980662,0.38593256526368147
1085,301.956662430614,7.353881499179253,1.785704526567797,122.7023142470727,8.33110948158993,1.1465720195158149,132,132,75.92371497687229,0.9993354240980662,0.38593256526368147
1090,306.8809906618625,7.505528008903808,1.8316239644945669,124.91369353743963,8.315055289525834,1.1705021989096398,132,132,75.92371497687229,0.9993354240980662,0.38593256526368147
1095,311.5348061688222,7.655771290769513,1.8731682662145042,126.95985499345954,8.29805489114156,1.1930838233532126,132,132,75.92371497687229,0.9993354240980662,0.38593256526368147
1100,315.7889321575834,7.789519863331188,1.9180479288989651,128.91762033884837,8.27739363720493,1.2170092340143068,132,132,75.92371497687229,0.9993354240980662,0.38593256526368147
1105,319.54474075616696,7.916036258360298,1.9636382419428278,130.81515865088582,8.252871875116774,1.239821641438313,132,132,75.92371497687229,0.9993354240980662,0.38593256526368147
1110,323.1400391469416,8.010885304183171,2.006935647371065,132.79105768176694,8.22423421979481,1.2649292328627122,132,132,75.92371497687229,0.9993354240980662,0.38593256526368147
1115,325.9680972301567,8.077034209095359,2.047335687195165,134.51102402964224,8.181318369722442,1.2919060393993902,132,132,75.92371497687229,0.9993354240980662,0.38593256526368147
1120,328.4364538462864,8.148987795842174,2.0857548313530714,136.11187979377726,8.144429589171912,1.3197737503241893,132,132,75.92371497687229,0.9993354240980662,0.38593256526368147
1125,330.5248869508017,8.206481797475,2.1209202766065043,137.52863303333967,8.102581368033837,1.3452153933380462,132,132,75.92371497687229,0.9993354240980662,0.38593256526368147
1130,332.00586809533405,8.234626887735654,2.1494387756652427,138.64367718259106,8.056188864948094,1.3693433168396014,132,132,75.92371497687229,0.9993354240980662,0.38593256526368147
1135,333.43372201598004,8.233660239706122,2.17930159464963,139.58969163046473,8.01251643490592,1.3921047951561154,132,132,75.92371497687229,0.9993354240980662,0.38593256526368147
1140,335.5389094085901,8.245340586966524,2.2036730933333524,140.59221907451666,7.973560030580995,1.4159588180196945,132,132,75.92371497687229,0.9993354240980662,0.38593256526368147
1145,338.45178880701513,8.238843628853362,2.2299793335584233,141.65610504421392,7.929510478723172,1.4390113277967442,132,132,75.92371497687229,0.9993354240980662,0.38593256526368147
1150,341.2599210724458,8.233688035029097,2.25569493511237,142.6316355302438,7.879478741138703,1.46378637144947,132,132,75.92371497687229,0.9993354240980662,0.38593256526368147
1155,343.2031374371732,8.233703618289201,2.2733835021626017,143.16277829310206,7.832049439411481,1.4811411214266963,132,132,75.92371497687229,0.9993354240980662,0.38593256526368147
1160,345.5572314402248,8.216429395048642,2.2857390826265878,143.73201607000144,7.7745501573772025,1.4958152023839686,132,132,75.92371497687229,0.9993354240980662,0.38593256526368147
1165,347.5552690971777,8.189511768700436,2.2960811751598245,144.11314407289163,7.709544113531392,1.5066094561690375,132,132,75.92371497687229,0.9993354240980662,0.38593256526368147
1170,349.3149149152579,8.127682433569294,2.305115538171017,144.412225154706,7.629745412900414,1.5158964907502708,132,132,75.92371497687229,0.9993354240980662,0.38593256526368147
1175,350.8655339036363,8.034633173470356,2.307814119698845,144.66137250644567,7.526456144217945,1.5225080717823352,132,132,75.92371497687229,0.9993354240980662,0.38593256526368147
1180,352.4167727841568,7.938585656325647,2.312181437315586,144.92187662703935,7.428370889054435,1.528215125515007,132,132,75.92371497687229,0.9993354240980662,0.38593256526368147
1185,353.81736302643424,7.829352290228973,2.316196110454814,145.26926701596258,7.325993652311495,1.5310469486075422,132,132,75.92371497687229,0.9993354240980662,0.38593256526368147
1190,354.9135263625869,7.7292577197998105,2.3197288478603224,145.51098546865433,7.221655092884145,1.5348860074921284,132,132,75.92371497687229,0.9993354240980662,0.38593256526368147
1195,355.78013732110225,7.641322830201383,2.320437410578705,145.78790184755954,7.119223502459842,1.5385848836423157,132,132,75.92371497687229,0.9993354240980662,0.38593256526368147
1200,356.3506658667088,7.554832400509126,2.316370393812438,146.2267465293101,7.020627987170512,1.5392195001867943,132,132,75.92371497687229,0.9993354240980662,0.38593256526368147
1205,356.4850292297939,7.457908927540864,2.3135501896986077,146.54686473464423,6.920425195386229,1.5391573850378142,132,132,75.92371497687229,0.9993354240980662,0.38593256526368147
1210,356.3664527608409,7.336212129124815,2.3047884806524603,146.76974558461163,6.804959535136637,1.5375430946999527,132,132,75.92371497687229,0.9993354240980662,0.38593256526368147
1215,355.5767827427468,7.222744862265918,2.294281839324425,146.74665217261582,6.69135812877628,1.5359998396641465,132,132,75.92371497687229,0.9993354240980662,0.38593256526368147
1220,354.74591369328516,7.095380696690381,2.290472735624444,146.61423932879103,6.584939896763559,1.5369446720174287,132,132,75.92371497687229,0.9993354240980662,0.38593256526368147
1225,353.8348794467145,6.978885819569767,2.299754408382986,146.3526951066466,6.481523042282988,1.5354720554330774,132,132,75.92371497687229,0.9993354240980662,0.38593256526368147
1230,352.1776291367515,6.859050443560836,2.3039940101685934,145.9033903609614,6.372185134906715,1.5324277290301074,132,132,75.92371497687229,0.9993354240980662,0.38593256526368147
1235,351.0304025222438,6.744989688787381,2.315099104422862,145.47054011193623,6.267390347852842,1.528880105650786,132,132,75.92371497687229,0.9993354240980662,0.38593256526368147
1240,350.35264288879597,6.633484550049789,2.3322857986601795,145.02407041822482,6.16793094447201,1.5262659650752102,132,132,75.92371497687229,0.9993354240980662,0.38593256526368147
1245,350.30591389226413,6.512692427581121,2.349103709200098,144.72343511126135,6.073295449845079,1.5212898403204553,132,132,75.92371497687229,0.9993354240980662,0.38593256526368147
1250,350.4022275768388,6.38246157360332,2.3731861322302703,144.34079161785326,5.970808317000993,1.5178472729466546,132,132,75.92371497687229,0.9993354240980662,0.38593256526368147
1255,349.36129249719266,6.225237438163679,2.3877571818921632,143.7674130645503,5.87219300847697,1.5117501678703793,132,132,75.92371497687229,0.9993354240980662,0.38593256526368147
1260,348.63900159038303,6.064694696734935,2.400837391376615,143.26427577931685,5.782410943583681,1.5090064453996332,132,132,75.92371497687229,0.9993354240980662,0.38593256526368147
1265,348.5394935991184,5.891982659361831,2.415646965816064,142.98172730537888,5.6954895338167235,1.5045156058667033,132,132,75.92371497687229,0.9993354240980662,0.38593256526368147
1270,348.95253678213527,5.761976670872549,2.4320048116525967,142.84060989840842,5.6230271472217375,1.5020218155927874,132,132,75.92371497687229,0.9993354240980662,0.38593256526368147
1275,349.83279512979544,5.634554600621645,2.4521380407703264,142.7897827058015,5.551700727394768,1.4957885032333345,132,132,75.92371497687229,0.9993354240980662,0.38593256526368147
1280,351.4593214195353,5.531327247908592,2.4731350979234366,142.86010997172613,5.487118091492444,1.485737403093807,132,132,75.92371497687229,0.9993354240980662,0.38593256526368147
1285,353.42833931198857,5.44798175088673,2.494303042866341,142.92635986283568,5.43717611531441,1.4773351578360467,132,132,75.92371497687229,0.9993354240980662,0.38593256526368147
1290,354.98475855961846,5.361561500097904,2.5050404689048804,143.0768323495964,5.392968424790352,1.46920715634696,132,132,75.92371497687229,0.9993354240980662,0.38593256526368147
1295,357.3889854341457,5.267412625935755,2.5208026078463073,143.48627746177348,5.351155544125941,1.4619891992380276,132,132,75.92371497687229,0.9993354240980662,0.38593256526368147
1300,359.82836513070646,5.166503419857131,2.5359745112748877,144.00952180293046,5.306830757321698,1.4542368636669125,132,132,75.92371497687229,0.9993354240980662,0.38593256526368147
1305,362.144890226598,5.082206643794047,2.55591796211182,144.37990612133143,5.272074093486602,1.446279589809436,132,132,75.92371497687229,0.9993354240980662,0.38593256526368147
1310,364.75368439952365,4.990981065853994,2.57596012217462,144.809003337445,5.231227064967206,1.4397816371299665,132,132,75.92371497687229,0.9993354240980662,0.38593256526368147
1315,367.00832576077687,4.904354319889471,2.593749329789881,145.08894785091826,5.188864130536843,1.430755761652472,132,132,75.92371497687229,0.9993354240980662,0.38593256526368147
1320,368.942989191342,4.814061744776374,2.6045404714952123,145.24828998965893,5.158770577330259,1.4191738931633324,132,132,75.92371497687229,0.9993354240980662,0.38593256526368147
1325,370.53389863094617,4.695453244602147,2.6107034088131136,145.3026578793568,5.116427029011803,1.4080799106555244,132,132,75.92371497687229,0.9993354240980662,0.38593256526368147
1330,372.08016372372794,4.5411787170338505,2.6096081406490272,145.2245172357065,5.0558616695528125,1.396865792103443,132,132,75.92371497687229,0.9993354240980662,0.38593256526368147
1335,373.55965724454853,4.442662508680241,2.603666096378083,145.0393671297851,5.009636836117151,1.3842479526208813,132,132,75.92371497687229,0.9993354240980662,0.38593256526368147
1340,375.40691279950806,4.373773300438698,2.599136723666122,144.9067612636285,4.9749152883408785,1.3694798845367209,132,132,75.92371497687229,0.9993354240980662,0.38593256526368147
1345,377.0894270943815,4.335091717010799,2.589426696991722,144.55234384180568,4.9545720933446695,1.3522578435566823,132,132,75.92371497687229,0.9993354240980662,0.38593256526368147
1350,378.75353212521566,4.296677088763922,2.571175002639812,144.224267094051,4.9314253358095135,1.3314649582186835,132,132,75.92371497687229,0.9993354240980662,0.38593256526368147
1355,380.4159416794564,4.235735987671911,2.5424407893550764,143.87771497110376,4.9057598053258875,1.3115813120404076,132,132,75.92371497687229,0.9993354240980662,0.38593256526368147
1360,382.3007515481969,4.143570830077881,2.5076141208201754,143.57680418777113,4.87703517659305,1.291770132574054,132,132,75.92371497687229,0.9993354240980662,0.38593256526368147
1365,384.40714991951893,4.041726067041164,2.4768629661598798,143.37123898161585,4.849613356717367,1.2748726624253215,132,132,75.92371497687229,0.9993354240980662,0.38593256526368147
1370,386.6839822089877,3.9389101436135068,2.450750470368606,143.27343859231468,4.819367367631174,1.2574421999312377,132,132,75.92371497687229,0.9993354240980662,0.38593256526368147
1375,388.2541211227505,3.9183321400570748,2.426642722904544,143.03879117797212,4.801701270923126,1.2402737230245862,132,132,75.92371497687229,0.9993354240980662,0.38593256526368147
1380,389.74712932702346,3.8871193516367946,2.3971660696921533,142.83277145647045,4.801354885007286,1.2196204529018793,132,132,75.92371497687229,0.9993354240980662,0.38593256526368147
1385,392.39486966958924,3.856916201572225,2.3761157677973346,142.84875970007914,4.804725686876535,1.2011494149714592,132,132,75.92371497687229,0.9993354240980662,0.38593256526368147
1390,395.0375393835439,3.8151484820600112,2.3564506451852916,142.95809419856673,4.8078584706508005,1.1824129570694895,132,132,75.92371497687229,0.9993354240980662,0.38593256526368147
1395,397.5762493303567,3.7531988298842576,2.336328815637817,143.00420996494643,4.798342941145845,1.1666786239024887,132,132,75.92371497687229,0.9993354240980662,0.38593256526368147
1400,400.57935915166803,3.7110231557156568,2.329954178851935,143.15914422358176,4.784890586590218,1.153061763453687,132,132,75.92371497687229,0.9993354240980662,0.38593256526368147
1405,403.551873678541,3.6785306572495995,2.3311767011589337,143.4248067605945,4.769690709722918,1.1446536529922589,132,132,75.92371497687229,0.9993354240980662,0.38593256526368147
1410,406.3687433320641,3.668339383094734,2.3340222620277427,143.81279637611243,4.769252200715772,1.1372856231021249,132,132,75.92371497687229,0.9993354240980662,0.38593256526368147
1415,408.497070910888,3.6372139623180644,2.335618754676458,144.3267358053454,4.758068375739957,1.1303160748694212,132,132,75.92371497687229,0.9993354240980662,0.38593256526368147
1420,410.8779632543613,3.5898772607654634,2.336223865322512,144.9624230398385,4.752994298748172,1.1258082361011832,132,132,75.92371497687229,0.9993354240980662,0.38593256526368147
1425,412.9673401353636,3.5525345925356913,2.334473028281765,145.4874142851748,4.751554117533714,1.1218711355715152,132,132,75.92371497687229,0.9993354240980662,0.38593256526368147
1430,415.20232223394316,3.5267001108142586,2.341138805518653,146.07829000658302,4.762333379452182,1.1217254550850049,132,132,75.92371497687229,0.9993354240980662,0.38593256526368147
1435,418.0349797403674,3.502117531947496,2.345649145613475,146.87257727275062,4.773989287215156,1.1210227360838159,132,132,75.92371497687229,0.9993354240980662,0.38593256526368147
1440,420.9065371494076,3.4934636632151346,2.3557656043195108,147.7826028595859,4.790420045319685,1.1226034240802845,132,132,75.92371497687229,0.9993354240980662,0.38593256526368147
1445,424.00982501094757,3.4995398081837177,2.3702067903481807,148.73670032453091,4.81479017771208,1.1274801410575168,132,132,75.92371497687229,0.9993354240980662,0.38593256526368147
1450,426.7106590596476,3.4863107232866613,2.385360452933052,149.68508006344373,4.830011683297527,1.1351016136664207,132,132,75.92371497687229,0.9993354240980662,0.38593256526368147
1455,429.7434087107,3.467584290579613,2.4082025762320756,150.75261470800405,4.843630791269618,1.146131616236843,132,132,75.92371497687229,0.9993354240980662,0.38593256526368147
1460,433.4358494732567,3.459518967206403,2.442168079240001,151.9659101356083,4.859469039763252,1.1622974545992544,132,132,75.92371497687229,0.9993354240980662,0.38593256526368147
1465,436.8227031998175,3.4706047054753495,2.4840946106740502,153.14627849075495,4.892013398243202,1.1806618090503374,132,132,75.92371497687229,0.9993354240980662,0.38593256526368147
1470,440.31021529403586,3.4889898263521895,2.5279431999799518,154.3278600348959,4.937066236663932,1.2008440510204301,132,132,75.92371497687229,0.9993354240980662,0.38593256526368147
1475,443.55155041353277,3.514461070050437,2.5783694964420425,155.58769691463712,4.9820075003623545,1.2264665646202175,132,132,75.92371497687229,0.9993354240980662,0.38593256526368147
1480,446.76510671733246,3.5503059171725675,2.6380855507251333,156.9931459508048,5.036614079885818,1.2549534844195958,132,132,75.92371497687229,0.9993354240980662,0.38593256526368147
1485,449.87655421122975,3.6102453147419857,2.699853909763204,158.46524368326334,5.102061472400786,1.2836703255303104,132,132,75.92371497687229,0.9993354240980662,0.38593256526368147
1490,452.5640270493112,3.6801931459630044,2.765140727694723,159.87263098399416,5.165122212171789,1.314668366859944,132,132,75.92371497687229,0.9993354240980662,0.38593256526368147
1495,454.8149676764316,3.744395713251693,2.832538795461444,161.32408274373032,5.2187740594560985,1.3460297078707921,132,132,75.92371497687229,0.9993354240980662,0.38593256526368147
1500,457.02315457298124,3.823130132404043,2.9027348139940115,162.80680389431316,5.272802263151895,1.3783671559859094,132,132,75.92371497687229,0.9993354240980662,0.38593256526368147
1505,459.1404756870932,3.8862193395873015,2.97300014661187,164.1850800379825,5.326567258023198,1.4150070046448595,132,132,75.92371497687229,0.9993354240980662,0.38593256526368147
1510,461.2192324209651,3.9468736163163487,3.0441402319807054,165.58948911465941,5.35884444943063,1.4574287880884973,132,132,75.92371497687229,0.9993354240980662,0.38593256526368147
1515,462.6727557775891,4.025264461140771,3.1032545539342973,166.82146343892325,5.39436385612489,1.5019003089980993,132,132,75.92371497687229,0.9993354240980662,0.38593256526368147
1520,464.4256516658111,4.1253381350225675,3.1677331523194363,168.2263784682272,5.418343588176119,1.5475348590215734,132,132,75.92371497687229,0.9993354240980662,0.38593256526368147
1525,465.8825165517288,4.244095219338128,3.2404090787083706,169.52380854679785,5.452151089398662,1.593749129543419,132,132,75.92371497687229,0.9993354240980662,0.38593256526368147
1530,466.68866805459675,4.3772023107312155,3.2979727136830213,170.66171724923652,5.494665850459824,1.635894093815272,132,132,75.92371497687229,0.9993354240980662,0.38593256526368147
1535,467.40893716767675,4.496915147088419,3.3511520550656093,171.69305691104566,5.543963464004248,1.6722443188530371,132,132,75.92371497687229,0.9993354240980662,0.38593256526368147
1540,468.10585711076664,4.604697115300033,3.3947538763618432,172.45986879388332,5.59172310437261,1.704425687651224,132,132,75.92371497687229,0.9993354240980662,0.38593256526368147
1545,469.09776714401323,4.7178613976796955,3.4346444937702456,172.990937583869,5.637275548458384,1.7353871817365207,132,132,75.92371497687229,0.9993354240980662,0.38593256526368147
1550,470.3229554281014,4.842020685510623,3.4737952542416415,173.35562232240636,5.688068673729899,1.762991104857271,132,132,75.92371497687229,0.9993354240980662,0.38593256526368147
1555,470.88408501676054,4.973501784525999,3.498757417529442,173.68538446519304,5.737457855074152,1.7879986261550402,132,132,75.92371497687229,0.9993354240980662,0.38593256526368147
1560,471.40643323448944,5.1024983482236195,3.5140276270682365,173.95845938754812,5.787096202064122,1.8060795510736183,132,132,75.92371497687229,0.9993354240980662,0.38593256526368147
1565,471.22387385951043,5.2322147147013505,3.522240823807271,173.9182876249391,5.832790843573284,1.8172084238424024,132,132,75.92371497687229,0.9993354240980662,0.38593256526368147
1570,470.7116371636983,5.321345273544323,3.5223356114792836,173.95030521522193,5.868666006658469,1.8232279075674707,132,132,75.92371497687229,0.9993354240980662,0.38593256526368147
1575,469.9905036320624,5.394188120487607,3.517139535225968,173.82354116289466,5.901018077077766,1.82468666474126,132,132,75.92371497687229,0.9993354240980662,0.38593256526368147
1580,469.2980293160915,5.4614429795999735,3.5174091451494953,173.8388025233554,5.93013000854671,1.8272207010954933,132,132,75.92371497687229,0.9993354240980662,0.38593256526368147
1585,468.72950973654963,5.542187343478144,3.517703136325861,173.68549700097165,5.966197666428301,1.8264129601627597,132,132,75.92371497687229,0.9993354240980662,0.38593256526368147
1590,468.1311407161001,5.6422806146588025,3.5113923884232556,173.81337656907093,6.019415040581382,1.8202807386931268,132,132,75.92371497687229,0.9993354240980662,0.38593256526368147
1595,467.1675167755836,5.7018742175901425,3.5116476118308566,173.72448039948614,6.057625429515793,1.8141929429563726,132,132,75.92371497687229,0.9993354240980662,0.38593256526368147
1600,466.14063655252295,5.717237893110364,3.5098348611930446,173.7528964535739,6.076247018405007,1.8056888129499278,132,132,75.92371497687229,0.9993354240980662,0.38593256526368147
1605,465.4976262105919,5.686088098428306,3.49996669191493,173.89060939325023,6.083835045280154,1.7870512458105052,132,132,75.92371497687229,0.9993354240980662,0.38593256526368147
1610,464.84670368106794,5.6399210585031385,3.4868603792592325,173.80732632322494,6.073580453540477,1.765773744793564,132,132,75.92371497687229,0.9993354240980662,0.38593256526368147
1615,464.3367936299509,5.5888841823098465,3.4776311771729405,173.641337506829,6.071119991721849,1.7474543839072425,132,132,75.92371497687229,0.9993354240980662,0.38593256526368147
1620,464.18598231557667,5.54285865458205,3.4651168565422426,173.46539324023377,6.070842619036112,1.7272553452928832,132,132,75.92371497687229,0.9993354240980662,0.38593256526368147
1625,464.6065344714323,5.497982045298346,3.4431646910187674,173.42813955362342,6.067924818493155,1.697481580375368,132,132,75.92371497687229,0.9993354240980662,0.38593256526368147
1630,464.7895866702494,5.436298677312201,3.4126075160920903,173.12313779647,6.061833886180368,1.6641707645480064,132,132,75.92371497687229,0.9993354240980662,0.38593256526368147
1635,464.6496783789956,5.377330444877557,3.3685644123687353,173.05354658926888,6.057666862854353,1.6277331174566414,132,132,75.92371497687229,0.9993354240980662,0.38593256526368147
1640,464.9822664349279,5.350714796472908,3.3315888117585475,173.08007387231834,6.0640502912227685,1.5927820490177067,132,132,75.92371497687229,0.9993354240980662,0.38593256526368147
1645,466.2153384396025,5.351232165732038,3.2854237185661606,173.61118845064897,6.0790781511577165,1.5475955762193117,132,132,75.92371497687229,0.9993354240980662,0.38593256526368147
1650,467.82177203489454,5.388911630617585,3.2326062736009873,174.1689133644131,6.1120560278727405,1.500795704854827,132,132,75.92371497687229,0.9993354240980662,0.38593256526368147
1655,469.6583975245453,5.423332207751675,3.1784431238609923,175.01228649514607,6.141142782469197,1.4484067621145436,132,132,75.92371497687229,0.9993354240980662,0.38593256526368147
1660,471.5823482398611,5.445797178128494,3.1144730955086537,176.0564591890935,6.168303996439838,1.4066874329855275,132,132,75.92371497687229,0.9993354240980662,0.38593256526368147
1665,473.8951701187534,5.469787298465211,3.051455180194084,177.19506961009847,6.194479777112184,1.364660236577201,132,132,75.92371497687229,0.9993354240980662,0.38593256526368147
1670,476.2162905919476,5.506546049963508,2.9855767398065827,178.46187968740435,6.226604263042194,1.3274727257230656,132,132,75.92371497687229,0.9993354240980662,0.38593256526368147
1675,478.9126908115907,5.54145910752164,2.920021182498871,179.88167505489795,6.257967079059132,1.2883640285034832,132,132,75.92371497687229,0.9993354240980662,0.38593256526368147
1680,483.682294124918,5.5801446800888765,2.8611289695120634,182.07708711305762,6.287608576729205,1.254417573065022,132,132,75.92371497687229,0.9993354240980662,0.38593256526368147
1685,488.7253455866565,5.6136130568818805,2.8110854881910226,184.5726071061849,6.314356930182997,1.218205957693976,132,132,75.92371497687229,0.9993354240980662,0.38593256526368147
1690,493.45322738170995,5.614372739506158,2.756665306938981,187.08015645668883,6.32028984220154,1.1793021613762344,132,132,75.92371497687229,0.9993354240980662,0.38593256526368147
1695,498.06035447508566,5.616453213826706,2.7036534859771657,189.71724276587108,6.319766218531562,1.1496259587539919,132,132,75.92371497687229,0.9993354240980662,0.38593256526368147
1700,502.74696668707867,5.6050120760876805,2.6796534807382444,192.21572117056473,6.302316886773174,1.1338906273340927,132,132,75.92371497687229,0.9993354240980662,0.38593256526368147
1705,507.77660357182066,5.6162001047536005,2.6489090558057287,194.74897882646127,6.286199151107475,1.1130563422168267,132,132,75.92371497687229,0.9993354240980662,0.38593256526368147
1710,514.5086927643018,5.6261367120821655,2.630384919366996,197.7118397331562,6.254347055126363,1.0949896524945735,132,132,75.92371497687229,0.9993354240980662,0.38593256526368147
1715,521.4306297530003,5.633955031676623,2.6250354825014686,200.88301981076222,6.214620132254676,1.081166342907397,132,132,75.92371497687229,0.9993354240980662,0.38593256526368147
1720,528.1951174899804,5.602589849681062,2.617826687836793,203.93273207967167,6.1493742454663,1.0647368541934359,132,132,75.92371497687229,0.9993354240980662,0.38593256526368147
1725,535.7843550227941,5.606995837189997,2.609528128918115,207.1444254170983,6.089095034943848,1.052485887039116,132,132,75.92371497687229,0.9993354240980662,0.38593256526368147
1730,543.7958413273348,5.659358357140674,2.5957060430104195,210.6754723351859,6.030223685405181,1.0401039633260112,132,132,75.92371497687229,0.9993354240980662,0.38593256526368147
1735,550.1975042266267,5.691902734093956,2.57738255452888,214.15367945321026,5.979216905180797,1.0347484925971233,132,132,75.92371497687229,0.9993354240980662,0.38593256526368147
1740,556.5835359848679,5.768150812200649,2.559249399112017,217.73450880654545,5.945033572155461,1.0315154767818977,132,132,75.92371497687229,0.9993354240980662,0.38593256526368147
1745,562.3503893058136,5.817043983307704,2.5447812316660268,221.00045444701553,5.893780173004611,1.030966526771597,132,132,75.92371497687229,0.9993354240980662,0.38593256526368147
1750,567.9406322544795,5.845129334842603,2.5263124647231443,224.29802203077836,5.84053065617229,1.0281906455005108,132,132,75.92371497687229,0.9993354240980662,0.38593256526368147
1755,573.2022202814131,5.838263783917502,2.513960428679637,227.4162693781334,5.770514001556963,1.0242303950942115,132,132,75.92371497687229,0.9993354240980662,0.38593256526368147
1760,578.5084920601279,5.8357115901950705,2.4994967517444033,230.55004133445837,5.700999994573881,1.0156734380673522,132,132,75.92371497687229,0.9993354240980662,0.38593256526368147
1765,584.2295934986112,5.8219081298690245,2.4724911694184497,233.53708520469132,5.617173488622094,1.0099440582288497,132,132,75.92371497687229,0.9993354240980662,0.38593256526368147
1770,590.0236570189942,5.781744656831399,2.452916531518933,236.3024093350723,5.5488355314434274,1.0013452950113568,132,132,75.92371497687229,0.9993354240980662,0.38593256526368147
1775,595.1114361160068,5.6993120232988925,2.430671496559912,238.7844893148567,5.476193808532938,0.9894340814215141,132,132,75.92371497687229,0.9993354240980662,0.38593256526368147
1780,600.0403999980193,5.580186997440641,2.4180128075307756,241.0438316629412,5.388068992300926,0.9818774126639152,132,132,75.92371497687229,0.9993354240980662,0.38593256526368147
1785,604.8848924129611,5.451142186576022,2.407383102459436,243.19861564052323,5.298754352890335,0.9750656970387417,132,132,75.92371497687229,0.9993354240980662,0.38593256526368147
1790,609.911252352645,5.317629388602115,2.3968061489766637,245.47631872545082,5.200488732856614,0.9720048396536835,132,132,75.92371497687229,0.9993354240980662,0.38593256526368147
1795,614.3209110627871,5.165490695760741,2.3841278683366176,247.57298213583317,5.107109643698706,0.9678471895346734,132,132,75.92371497687229,0.9993354240980662,0.38593256526368147
1800,618.6250808517972,4.980603684626674,2.3810859685526484,249.73274619979932,4.995051105545277,0.9661625147962428,132,132,75.92371497687229,0.9993354240980662,0.38593256526368147
1805,622.8805348562886,4.80187808650736,2.3739270127914893,251.8387620287042,4.889398436718448,0.9613882681231947,132,132,75.92371497687229,0.9993354240980662,0.38593256526368147
1810,626.3815222446253,4.601188751416802,2.3643811158373342,253.9504668168302,4.776539557488865,0.9513431463888766,132,132,75.92371497687229,0.9993354240980662,0.38593256526368147
1815,627.8252914415291,4.3551597795366055,2.346299576301108,255.65010480139136,4.644022805183957,0.9424696887725064,132,132,75.92371497687229,0.9993354240980662,0.38593256526368147
1820,630.5965329092475,4.085153051433626,2.340957451084379,257.6482784707045,4.505140083052388,0.9373111195785212,132,132,75.92371497687229,0.9993354240980662,0.38593256526368147
1825,634.4287618873414,3.836072916383064,2.3363260470584346,259.60377919701773,4.37644874135715,0.9290785500441471,132,132,75.92371497687229,0.9993354240980662,0.38593256526368147
1830,639.5511853676163,3.662848168288638,2.3345567966872856,261.8985666698939,4.269050879958823,0.9246967786994091,132,132,75.92371497687229,0.9993354240980662,0.38593256526368147
1835,645.6417958736503,3.526011156535494,2.3418481347261366,264.50236592676976,4.186526529075587,0.9214323257632764,132,132,75.92371497687229,0.9993354240980662,0.38593256526368147
1840,651.9795059370342,3.358499639714891,2.3485458494675227,267.2395114224695,4.10498175025335,0.915199363272183,132,132,75.92371497687229,0.9993354240980662,0.38593256526368147
1845,659.3025354970381,3.3179712948480544,2.3525234719854624,270.0631967244688,4.03270471129897,0.9017214536810634,132,132,75.92371497687229,0.9993354240980662,0.38593256526368147
1850,664.7261327926266,3.279686297576186,2.361271996098217,272.4716297049378,3.9873971780790756,0.8913035533676423,132,132,75.92371497687229,0.9993354240980662,0.38593256526368147
1855,670.3085812633651,3.237508636464756,2.360802132922919,274.97115109504284,3.937184221855201,0.8774858109586277,132,132,75.92371497687229,0.9993354240980662,0.38593256526368147
1860,676.0004695482578,3.1757378390998827,2.365349534311352,277.4652984044398,3.880556293601082,0.8663404554950531,132,132,75.92371497687229,0.9993354240980662,0.38593256526368147
1865,682.3289981243325,3.1168460309284653,2.366244413080004,279.83819683103513,3.8171409734660022,0.8489477607913734,132,132,75.92371497687229,0.9993354240980662,0.38593256526368147
1870,690.2533723476065,3.0404226771192717,2.3699821721296046,282.53763096892874,3.7397633587483883,0.83006579569555,132,132,75.92371497687229,0.9993354240980662,0.38593256526368147
1875,697.7962610081096,2.9501438377670404,2.3747190601452033,285.336365784624,3.6622356073938,0.8038525380531053,132,132,75.92371497687229,0.9993354240980662,0.38593256526368147
1880,705.9161285611013,2.8858951916171325,2.377788252252764,288.6321448520064,3.58974116632923,0.7766220669627282,132,132,75.92371497687229,0.9993354240980662,0.38593256526368147
1885,714.0789905017007,2.842939577070541,2.3826073884260586,291.81172158210563,3.5163271848687443,0.7546164322314307,132,132,75.92371497687229,0.9993354240980662,0.38593256526368147
1890,723.1385109179533,2.8412245634086335,2.380095204939723,295.36365260772806,3.452649335948245,0.7290066786721018,132,132,75.92371497687229,0.9993354240980662,0.38593256526368147
1895,732.1133017799851,2.8259414683946633,2.3962768384656767,298.8540912213086,3.3911577833515043,0.7057575038549082,132,132,75.92371497687229,0.9993354240980662,0.38593256526368147
1900,741.113761537068,2.819371424971564,2.4298535965779156,302.64165858858837,3.330670795067912,0.684368226639206,132,132,75.92371497687229,0.9993354240980662,0.38593256526368147
1905,749.947736736645,2.807470185498037,2.4713058441095432,306.34963846566257,3.272787286649413,0.6608022303406996,132,132,75.92371497687229,0.9993354240980662,0.38593256526368147
1910,758.5207703974629,2.8001853344155494,2.508055275833664,309.950256937378,3.2325723892233724,0.6380892092382259,132,132,75.92371497687229,0.9993354240980662,0.38593256526368147
1915,767.2523129156696,2.8059929738573053,2.535698189369791,313.61219804578224,3.2043434941559013,0.6146694479093546,132,132,75.92371497687229,0.9993354240980662,0.38593256526368147
1920,775.9481832720504,2.833217725343168,2.560924593468254,317.09691944482034,3.194887681198693,0.5920086521741524,132,132,75.92371497687229,0.9993354240980662,0.38593256526368147
1925,784.7434727279867,2.8760646355123987,2.560842306416119,320.78067458208,3.2097499717466635,0.5669713595570833,132,132,75.92371497687229,0.9993354240980662,0.38593256526368147
1930,793.8313529183414,2.906896668196957,2.5590202478664676,324.40112709812695,3.2082076899967666,0.5435451791225042,132,132,75.92371497687229,0.9993354240980662,0.38593256526368147
1935,803.5942363275144,2.9333607364461067,2.5557916225287176,328.15834743394475,3.2080513136090714,0.5201698074514409,132,132,75.92371497687229,0.9993354240980662,0.38593256526368147
1940,812.6486146119038,2.949212925046141,2.5466075384493876,331.53997163447383,3.217703960452116,0.5006922765622837,132,132,75.92371497687229,0.9993354240980662,0.38593256526368147
1945,823.9001200432814,2.9907360936536107,2.541686346630033,335.00402373862096,3.238502801336767,0.48612811034479286,132,132,75.92371497687229,0.9993354240980662,0.38593256526368147
1950,837.048747206544,3.045081623482438,2.5425453595649024,338.6657196559608,3.2752275271278664,0.4767218809793489,132,132,75.92371497687229,0.9993354240980662,0.38593256526368147
1955,848.7519779209164,3.067238187766344,2.5445014996397863,341.7718205822494,3.297498806814211,0.46945925493238305,132,132,75.92371497687229,0.9993354240980662,0.38593256526368147
1960,861.3761341995804,3.030781888045695,2.555418972008939,345.16151389343673,3.312001919277758,0.4624167991839626,132,132,75.92371497687229,0.9993354240980662,0.38593256526368147
1965,872.9192473811033,2.975362035907361,2.5721524706761723,348.43194633570664,3.3033560581103134,0.45825417420256714,132,132,75.92371497687229,0.9993354240980662,0.38593256526368147
1970,883.8605808813797,2.9341249398446565,2.585052976110803,351.83533582832814,3.307726074437235,0.4541621723817674,132,132,75.92371497687229,0.9993354240980662,0.38593256526368147
1975,893.10396077945,2.902300650477735,2.597592409874791,354.60543598719624,3.329838733858395,0.4572793184541477,132,132,75.92371497687229,0.9993354240980662,0.38593256526368147
1980,901.9487748005567,2.914176304152165,2.6039503223011113,357.6692218961533,3.367165560113798,0.4639247121903501,132,132,75.92371497687229,0.9993354240980662,0.38593256526368147
1985,912.0802231559646,2.9648211112390213,2.6005313925341116,361.18253869057156,3.4264229526437697,0.4683242775449973,132,132,75.92371497687229,0.9993354240980662,0.38593256526368147
1990,921.3962028435103,3.048888309152483,2.605032544190588,364.11583309686586,3.5049093930207733,0.47341048966191496,132,132,75.92371497687229,0.9993354240980662,0.38593256526368147
1995,930.5049992766044,3.1243737418992863,2.6218725396429723,366.9927094488871,3.596332149248372,0.48453179436472643,132,132,75.92371497687229,0.9993354240980662,0.38593256526368147
2000,938.9990271669815,3.206981252010224,2.632329649150767,369.50242182030195,3.6890802419382114,0.4928749519895045,132,132,75.92371497687229,0.9993354240980662,0.38593256526368147
2005,949.0085256195164,3.3000021789854346,2.637988844118757,372.50985122575105,3.777030489588067,0.5014059256909095,132,132,75.92371497687229,0.9993354240980662,0.38593256526368147
2010,958.8250979312827,3.3584258062043553,2.6478379582243075,374.8940318384084,3.859475942233143,0.5123368092016333,132,132,75.92371497687229,0.9993354240980662,0.38593256526368147
2015,969.0258922075252,3.4251476668098864,2.665713141074195,377.39288295072527,3.9567352293930087,0.5216795018157756,132,132,75.92371497687229,0.9993354240980662,0.38593256526368147
2020,979.5815804573175,3.4702570511957123,2.6814988224661334,379.989723525837,4.0480812511631,0.532934666035328,132,132,75.92371497687229,0.9993354240980662,0.38593256526368147
2025,990.6892702311754,3.521644353472009,2.691633607761835,382.83254132131015,4.152434492525138,0.5462369331355418,132,132,75.92371497687229,0.9993354240980662,0.38593256526368147
2030,1002.0539321898857,3.5864149566645502,2.6969171401556578,385.86790326167494,4.261968704404322,0.5607705871864965,132,132,75.92371497687229,0.9993354240980662,0.38593256526368147
2035,1013.3664335611919,3.637184688569828,2.6933736641129054,388.90436185082467,4.365750289328905,0.5806398735628648,132,132,75.92371497687229,0.9993354240980662,0.38593256526368147
2040,1024.5753286203385,3.6771877615024535,2.690461550104731,391.72191372689565,4.4486573999950165,0.5984986590948197,132,132,75.92371497687229,0.9993354240980662,0.38593256526368147
2045,1036.14253170942,3.7207733766021245,2.688463967347179,394.4626264828686,4.537412663593275,0.6202771077532996,132,132,75.92371497687229,0.9993354240980662,0.38593256526368147
2050,1047.0552235641348,3.773914224015437,2.690758366670496,396.66821976959415,4.630685780532031,0.6404958999932204,132,132,75.92371497687229,0.9993354240980662,0.38593256526368147
2055,1057.4436963619498,3.752940938427984,2.722728331319733,398.6988446442654,4.683838545507405,0.6579584724727106,132,132,75.92371497687229,0.9993354240980662,0.38593256526368147
2060,1067.6468613727232,3.7159414788720824,2.7513085885754887,401.0331560398616,4.736955031234545,0.6764942074316923,132,132,75.92371497687229,0.9993354240980662,0.38593256526368147
2065,1077.3330656618352,3.7110632753179735,2.759361492726654,403.5140004108209,4.801403105922926,0.6962855044739826,132,132,75.92371497687229,0.9993354240980662,0.38593256526368147
2070,1087.0320297336646,3.7302281937702375,2.76705176638836,406.35004745708557,4.868343902680103,0.7195392425269158,132,132,75.92371497687229,0.9993354240980662,0.38593256526368147
2075,1097.023094766822,3.7801522943607515,2.7825812592412458,409.4410939692198,4.951192854010276,0.7433883149448935,132,132,75.92371497687229,0.9993354240980662,0.38593256526368147
2080,1106.0563847857086,3.745286369792404,2.7983276251699216,412.3764017027783,4.99402896499453,0.7641657029270144,132,132,75.92371497687229,0.9993354240980662,0.38593256526368147
2085,1117.3515673891845,3.771398121974428,2.814115956442723,416.12538985283163,5.054593749904785,0.7870743130572809,132,132,75.92371497687229,0.9993354240980662,0.38593256526368147
2090,1128.5732669421304,3.8282106054986853,2.8250267510086386,420.0314391074621,5.121121309666275,0.8041198136084567,132,132,75.92371497687229,0.9993354240980662,0.38593256526368147
2095,1139.7559148113512,3.9060934402373584,2.838240897472356,423.4356118643422,5.175895275310147,0.8177593393255019,132,132,75.92371497687229,0.9993354240980662,0.38593256526368147
2100,1151.0440057839228,3.966609628280579,2.849718401006693,426.59739616426924,5.226008751058414,0.8270570066882477,132,132,75.92371497687229,0.9993354240980662,0.38593256526368147
2105,1162.2307116856084,4.015743474727939,2.8639106163452546,429.6444893261867,5.2732905381860045,0.8366663083488799,132,132,75.92371497687229,0.9993354240980662,0.38593256526368147
2110,1174.5768045100363,4.0255645712809,2.889261471372172,432.82560702026524,5.305935506920174,0.8444042363824088,132,132,75.92371497687229,0.9993354240980662,0.38593256526368147
2115,1187.6409729729737,3.988954137838038,2.9194126395729594,435.93048446757155,5.312536077441255,0.8568041094461853,132,132,75.92371497687229,0.9993354240980662,0.38593256526368147
2120,1201.7325557063043,3.9686874360647963,2.9511342647297925,439.69999114572016,5.320377024297997,0.8661785520481886,132,132,75.92371497687229,0.9993354240980662,0.38593256526368147
2125,1216.5866755848917,3.985096634950237,2.981059350633304,443.71047053944267,5.320079393731336,0.8790002207172143,132,132,75.92371497687229,0.9993354240980662,0.38593256526368147
2130,1226.9031709769333,4.047399425186225,3.001762459234111,447.43837131655283,5.3400402903834685,0.8879526565628889,132,132,75.92371497687229,0.9993354240980662,0.38593256526368147
2135,1223.7787063287933,4.111126661414275,2.979964698528278,450.57577197348496,5.368219662509262,0.8949945618214058,132,132,75.92371497687229,0.9993354240980662,0.38593256526368147
2140,1216.28062254671,4.174048357138359,2.9650164826554732,453.4627970335936,5.392494784852789,0.9018156458047336,132,132,75.92371497687229,0.9993354240980662,0.38593256526368147
2145,1204.9107948112262,4.160966458237305,2.9910224991235004,455.40129205533054,5.411938134883117,0.901376228792179,132,132,75.92371497687229,0.9993354240980662,0.38593256526368147
2150,1191.3860807890871,4.183529591941248,2.9975477776370862,455.8551714205686,5.4488987290928765,0.8968552942866238,132,132,75.92371497687229,0.9993354240980662,0.38593256526368147
2155,1177.4359825059948,4.221768785688034,3.0089189646238377,455.643935706034,5.477422249762223,0.8934410020271965,132,132,75.92371497687229,0.9993354240980662,0.38593256526368147
2160,1161.2174880804039,4.237820621529663,3.01573683566688,454.5104330078852,5.498984884745691,0.8898940701344683,132,132,75.92371497687229,0.9993354240980662,0.38593256526368147
2165,1143.913234809942,4.279091141242233,3.0150449088933695,452.3409215696251,5.544664767582178,0.8784804317625052,132,132,75.92371497687229,0.9993354240980662,0.38593256526368147
2170,1126.5487624868572,4.295347478196283,3.0245437490998457,450.78832802061714,5.621985777939335,0.8704287191440494,132,132,75.92371497687229,0.9993354240980662,0.38593256526368147
2175,1108.5010226082225,4.295257424435735,3.0314658398599823,448.7439881574594,5.705687241789647,0.8596472374534547,132,132,75.92371497687229,0.9993354240980662,0.38593256526368147
2180,1090.7029701339156,4.238021872524989,3.0430414958451597,447.5593582934257,5.758092326694127,0.8524477461809259,132,132,75.92371497687229,0.9993354240980662,0.38593256526368147
2185,1072.5232619388323,4.171866761809863,3.0457396006121735,446.40487054126373,5.799444757571935,0.8417229587159092,132,132,75.92371497687229,0.9993354240980662,0.38593256526368147
2190,1054.8500115522693,4.210645075575573,3.0372046331108447,444.5938944044612,5.854880786563906,0.8344248489963846,132,132,75.92371497687229,0.9993354240980662,0.38593256526368147
2195,1036.5150808121377,4.232515466766676,3.0285202738620236,441.9224427716715,5.88566174820961,0.8222194622641321,132,132,75.92371497687229,0.9993354240980662,0.38593256526368147
2200,1017.8850082808891,4.191079510674517,3.0052079343506897,438.4604075695942,5.873598606907469,0.7995475565787201,132,132,75.92371497687229,0.9993354240980662,0.38593256526368147
2205,999.4584451664394,4.103316899522215,2.973141763151088,434.9909317300568,5.813586764535824,0.7666406668912279,132,132,75.92371497687229,0.9993354240980662,0.38593256526368147
2210,981.4074494427765,4.026046529800422,2.937929435716621,432.3266578916249,5.744160127279164,0.735054619120118,132,132,75.92371497687229,0.9993354240980662,0.38593256526368147
2215,963.1549964053833,3.913957234551544,2.90227743881415,429.9910641876326,5.682366937261407,0.7028934567948374,132,132,75.92371497687229,0.9993354240980662,0.38593256526368147
2220,945.3963258796243,3.779880612308851,2.8895011526463468,427.5477103313311,5.602306626106575,0.6947856351875491,132,132,75.92371497687229,0.9993354240980662,0.38593256526368147
2225,928.1944770291598,3.677174287362175,2.8811598265815705,425.53719417133607,5.530513676271728,0.6929731796821698,132,132,75.92371497687229,0.9993354240980662,0.38593256526368147
2230,913.6965391509552,3.594194562694264,2.880966150757784,423.5782121465381,5.470082875980691,0.7032871826101695,132,132,75.92371497687229,0.9993354240980662,0.38593256526368147
2235,899.8064121155046,3.495856408113475,2.8756202544924148,421.223296766018,5.420583798214392,0.7150232995131216,132,132,75.92371497687229,0.9993354240980662,0.38593256526368147
2240,884.5425757277959,3.402468849504705,2.8575882800145034,418.63609388084154,5.35311881461404,0.7223395425822837,132,132,75.92371497687229,0.9993354240980662,0.38593256526368147
2245,867.7892528527005,3.350689189836455,2.8208909315217987,415.5680133856434,5.267180297886655,0.7143773983156863,132,132,75.92371497687229,0.9993354240980662,0.38593256526368147
2250,849.6039723749468,3.2554359680116067,2.7698834166283577,412.1971224753589,5.153311774570508,0.7060141659701684,132,132,75.92371497687229,0.9993354240980662,0.38593256526368147
2255,831.4721169016751,3.1420222034116323,2.709348999158276,409.5220458944894,5.033122475064363,0.687644133684657,132,132,75.92371497687229,0.9993354240980662,0.38593256526368147
2260,812.8172350614977,2.990918968326519,2.649328911736178,407.50871525502174,4.875358290712842,0.6742044694345709,132,132,75.92371497687229,0.9993354240980662,0.38593256526368147
2265,799.4460566818829,2.7490036274169207,2.625380211654771,406.0342937113519,4.677347334757561,0.6618648790191022,132,132,75.92371497687229,0.9993354240980662,0.38593256526368147
2270,791.1812358602111,2.57520207031287,2.631323980704765,406.35871459933173,4.486177427123627,0.6504639277443844,132,132,75.92371497687229,0.9993354240980662,0.38593256526368147
2275,787.9159973048321,2.446728879018242,2.6368131964762007,407.71300268400955,4.315237410954503,0.6455836694335092,132,132,75.92371497687229,0.9993354240980662,0.38593256526368147
2280,790.2992958213687,2.378621087323525,2.6640874983565883,410.8406773287522,4.136460958550544,0.6422001379918387,132,132,75.92371497687229,0.9993354240980662,0.38593256526368147
2285,795.0544265868994,2.2950151540455237,2.7029999651335017,415.7526157426735,3.9448520011026553,0.6407990770508724,132,132,75.92371497687229,0.9993354240980662,0.38593256526368147
2290,802.0557737330088,2.2289377960184615,2.7351388038373248,421.29245283872933,3.7660929375240535,0.6335169578539791,132,132,75.92371497687229,0.9993354240980662,0.38593256526368147
2295,809.5901440594802,2.142806186383824,2.7535649792663857,427.04863263206016,3.5376495566643764,0.6299012561599905,132,132,75.92371497687229,0.9993354240980662,0.38593256526368147
2300,818.6426674629948,2.009959363361328,2.7640535449285824,433.0609262206442,3.280886562599915,0.629473773014815,132,132,75.92371497687229,0.9993354240980662,0.38593256526368147
2305,830.3218035618324,1.8866860180861482,2.7772111021749843,439.68130539607824,3.005390681460103,0.6288166568222898,132,132,75.92371497687229,0.9993354240980662,0.38593256526368147
2310,842.0746391538131,1.7539458680811895,2.78597086955521,445.7157754232999,2.71410609836646,0.6213903373004732,132,132,75.92371497687229,0.9993354240980662,0.38593256526368147
2315,854.5830039513951,1.8144348890074102,2.789749421003274,452.3595724292919,2.490956482228151,0.6161068208894608,132,132,75.92371497687229,0.9993354240980662,0.38593256526368147
2320,866.3332922947203,1.732127363983869,2.7939672867767977,459.2348330125501,2.2946519323408836,0.6124821960583209,132,132,75.92371497687229,0.9993354240980662,0.38593256526368147
2325,882.5660812545302,1.6538188236853453,2.799070530250701,467.7433339588366,2.082788268772013,0.6108106383056815,132,132,75.92371497687229,0.9993354240980662,0.38593256526368147
2330,901.0829527141366,1.635167935602446,2.80138172903489,477.87537973767974,1.8995584791318432,0.6086821951519242,132,132,75.92371497687229,0.9993354240980662,0.38593256526368147
2335,921.8153847471528,1.684849819369696,2.819416398490845,488.9266321152993,1.7565823270635696,0.6109960459963147,132,132,75.92371497687229,0.9993354240980662,0.38593256526368147
2340,942.7132377441741,1.8258304646651375,2.8332658241197177,499.7232770605089,1.674906242899299,0.6026215978791173,132,132,75.92371497687229,0.9993354240980662,0.38593256526368147
2345,963.2779895740028,1.992995063169342,2.8066219975495934,509.82140666589135,1.6148114906184747,0.5906032248294367,132,132,75.92371497687229,0.9993354240980662,0.38593256526368147
2350,983.9791570412199,2.2004990814120853,2.774862450996511,520.0159813138524,1.5719588000964024,0.5732223119529101,132,132,75.92371497687229,0.9993354240980662,0.38593256526368147
2355,1007.5316231846117,2.3746668621209,2.7353807598159645,531.3946095237998,1.5224552096715718,0.5474561337791178,132,132,75.92371497687229,0.9993354240980662,0.38593256526368147
2360,1029.7982082348412,2.520405087596913,2.6714617332548447,542.1283620911051,1.4289581318348512,0.5168753598729507,132,132,75.92371497687229,0.9993354240980662,0.38593256526368147
2365,1051.1906739850842,2.659468299406946,2.5980804010239575,552.9715098321475,1.3137292753358203,0.4812678857806185,132,132,75.92371497687229,0.9993354240980662,0.38593256526368147
2370,1074.7896338902096,2.8202126680548676,2.517702010983402,564.25004897111,1.1832615260965318,0.4424693425772191,132,132,75.92371497687229,0.9993354240980662,0.38593256526368147
2375,1101.146937516946,3.011639990202758,2.4594434503956224,576.2381819324216,1.0517617033559963,0.4062463065729624,132,132,75.92371497687229,0.9993354240980662,0.38593256526368147
2380,1130.0063425147105,3.222588381205597,2.4276000285975043,588.6984009071028,0.9389156520011247,0.3709479055339569,132,132,75.92371497687229,0.9993354240980662,0.38593256526368147
2385,1160.1644980883827,3.4762427061999928,2.3842887959121306,601.3623353155656,0.8789484292426681,0.33669513934753165,132,132,75.92371497687229,0.9993354240980662,0.38593256526368147
2390,1190.467417519618,3.754840622487032,2.353657670717466,613.6939280301398,0.896443057158219,0.300668764593828,132,132,75.92371497687229,0.9993354240980662,0.38593256526368147
2395,1222.1585397261124,4.092533941102906,2.3355855231953977,626.2804607910186,0.9502351485485792,0.2722085531558626,132,132,75.92371497687229,0.9993354240980662,0.38593256526368147
2400,1256.767391687355,4.413594110540841,2.340199193649418,639.182793355618,0.9874732428722637,0.24418011977595155,132,132,75.92371497687229,0.9993354240980662,0.38593256526368147
2405,1292.2340394711675,4.7024988492608255,2.3441998242931956,652.7039283471586,1.0034061582338782,0.22366521829343125,132,132,75.92371497687229,0.9993354240980662,0.38593256526368147
2410,1324.2625138580604,4.999737585772648,2.3362095560901164,665.1393040430165,1.0164994061997263,0.20312011660372972,132,132,75.92371497687229,0.9993354240980662,0.38593256526368147
2415,1355.7999252845764,5.26997944224171,2.326261668437639,676.5637343398934,1.0498553021387553,0.1865869298789955,132,132,75.92371497687229,0.9993354240980662,0.38593256526368147
2420,1388.77657221812,5.594364981644946,2.3199616119267397,688.7591665447231,1.1019533678749938,0.17534660707510266,132,132,75.92371497687229,0.9993354240980662,0.38593256526368147
2425,1421.5614700588446,5.910308867055849,2.3341461393711573,700.689395877824,1.1698354796297024,0.1701498745797919,132,132,75.92371497687229,0.9993354240980662,0.38593256526368147
2430,1455.6112937816133,6.301643570141536,2.389174032263179,713.1352347530405,1.2556840321088643,0.16381991344678626,132,132,75.92371497687229,0.9993354240980662,0.38593256526368147
2435,1492.1945636349544,6.719315820875144,2.472664318719942,726.7987733865563,1.3557822010037053,0.1542648738070631,132,132,75.92371497687229,0.9993354240980662,0.38593256526368147
2440,1530.0199935510827,7.124901241424083,2.5580203760099685,740.8078896465853,1.462920799267117,0.1481089891636443,132,132,75.92371497687229,0.9993354240980662,0.38593256526368147
2445,1570.2550403281186,7.465426290294972,2.674091597458559,755.4744440679603,1.526691381395723,0.13827399448031688,132,132,75.92371497687229,0.9993354240980662,0.38593256526368147
2450,1613.089291362099,7.7811849822090835,2.817383574801565,770.7737644463425,1.5797154662895365,0.13687930264220124,132,132,75.92371497687229,0.9993354240980662,0.38593256526368147
2455,1656.8658203290454,8.174671546899269,3.004427991245622,786.5857445045792,1.6538082043622684,0.14152261885793657,132,132,75.92371497687229,0.9993354240980662,0.38593256526368147
2460,1697.4376646110566,8.562103357497477,3.192493038639642,800.5109101473839,1.706688579760334,0.15012175368606387,132,132,75.92371497687229,0.9993354240980662,0.38593256526368147
2465,1738.0127299985766,8.863467991758105,3.3957395241701853,814.0722754552942,1.713327121113305,0.16936105515743435,132,132,75.92371497687229,0.9993354240980662,0.38593256526368147
2470,1780.6157683308097,9.156214812597268,3.6315089809156893,828.571730141739,1.6952127558616468,0.1982633777317896,132,132,75.92371497687229,0.9993354240980662,0.38593256526368147
2475,1824.6647031484572,9.462769832889496,3.8856163738946727,843.2244144978225,1.715151960563603,0.23206045156260233,132,132,75.92371497687229,0.9993354240980662,0.38593256526368147
2480,1869.6675281812786,9.856669730254682,4.161928258854074,858.5859188561009,1.758060887591779,0.2757974579849833,132,132,75.92371497687229,0.9993354240980662,0.38593256526368147
2485,1911.2505926426738,10.248502870869203,4.466993067738842,873.7446185847349,1.809854455318518,0.3258662009305993,132,132,75.92371497687229,0.9993354240980662,0.38593256526368147
2490,1944.541894934989,10.765629403181723,4.784624748232867,888.9076401658614,1.91139562430077,0.3759972206408241,132,132,75.92371497687229,0.9993354240980662,0.38593256526368147
2495,1977.5610830592886,11.2752381154001,5.142265005191907,904.5062548987213,2.059151290966179,0.42954958241850866,132,132,75.92371497687229,0.9993354240980662,0.38593256526368147
2500,2010.4136383360358,11.846238117625163,5.518945838691268,919.6880657240068,2.203582300941285,0.4929758487579242,132,132,75.92371497687229,0.9993354240980662,0.38593256526368147
2505,2041.202764346247,12.047975870555325,5.9107449408541,934.409626872098,2.23080493647016,0.5639912476215324,132,132,75.92371497687229,0.9993354240980662,0.38593256526368147
2510,2066.454380636376,12.108541354638756,6.2785610487082835,948.0119843707324,2.178470447119946,0.646432461026215,132,132,75.92371497687229,0.9993354240980662,0.38593256526368147
2515,2091.3266711091546,12.147996052735776,6.663713843487843,960.9279482909296,2.112060189666833,0.7271041478506396,132,132,75.92371497687229,0.9993354240980662,0.38593256526368147
2520,2117.2389104363724,12.209002511049805,7.073274373394308,974.9403239232565,2.010884911820426,0.8214016041780393,132,132,75.92371497687229,0.9993354240980662,0.38593256526368147
2525,2140.1752916774353,12.433257882248526,7.424873657121508,988.239471366881,1.9239594912336093,0.9033011150058319,132,132,75.92371497687229,0.9993354240980662,0.38593256526368147
2530,2160.562425558054,12.805458230486469,7.769152694103398,1002.0166153062984,1.9419628051186062,0.9960504179554758,132,132,75.92371497687229,0.9993354240980662,0.38593256526368147
2535,2177.5453802877987,13.322762014664947,8.009286799208898,1015.3922023912504,2.0712878854191863,1.0581822039754105,132,132,75.92371497687229,0.9993354240980662,0.38593256526368147
2540,2201.0742738651575,13.865430016693413,8.293238642736657,1030.219602008021,2.1843900886414565,1.1410512289929498,132,132,75.92371497687229,0.9993354240980662,0.38593256526368147
2545,2226.7947742008355,14.59837133480961,8.600578735362818,1044.1116538091444,2.3419631172508666,1.2132516900446808,132,132,75.92371497687229,0.9993354240980662,0.38593256526368147
2550,2250.422768976982,15.236811699079382,8.87247300391582,1057.4586931817844,2.4335845582340565,1.2829457084487583,132,132,75.92371497687229,0.9993354240980662,0.38593256526368147
2555,2270.8140703257936,16.017675474086722,9.121466286545767,1068.9640614613304,2.57803269475197,1.3326564770332194,132,132,75.92371497687229,0.9993354240980662,0.38593256526368147
2560,2286.291230178937,16.809495729468637,9.395883364257063,1079.0402430893855,2.7394697243714097,1.3937193197219344,132,132,75.92371497687229,0.9993354240980662,0.38593256526368147
2565,2298.816874629439,17.4835880558577,9.616178919407414,1088.9566416199107,2.8596959932101953,1.425485429716933,132,132,75.92371497687229,0.9993354240980662,0.38593256526368147
2570,2310.243104624726,18.38077943817318,9.860641944368671,1099.507566818134,3.0964732757325164,1.4672817569769157,132,132,75.92371497687229,0.9993354240980662,0.38593256526368147
2575,2322.7405023343504,19.455927857888753,10.123011540863814,1112.4498203993498,3.416828369076536,1.4981225821405748,132,132,75.92371497687229,0.9993354240980662,0.38593256526368147
2580,2328.825674481288,20.385798739154847,10.34239566636058,1126.7268965564085,3.693340897351479,1.4937379292504693,132,132,75.92371497687229,0.9993354240980662,0.38593256526368147
2585,2324.7863269833033,21.381640509558803,10.538368910692038,1135.9063260014557,3.981695992208973,1.4790014417880992,132,132,75.92371497687229,0.9993354240980662,0.38593256526368147
2590,2309.8282342125635,22.488659149106567,10.718665244160949,1140.338597678532,4.339503824305625,1.461001292452385,132,132,75.92371497687229,0.9993354240980662,0.38593256526368147
2595,2307.4075817957546,23.38893861213989,10.477982987217054,1145.3565293420295,4.755849642095475,1.4192370678341184,132,132,75.92371497687229,0.9993354240980662,0.38593256526368147
2600,2306.8800629095304,23.824337811313843,10.142894472881494,1144.8125564332126,5.133464888453103,1.3783461028411235,132,132,75.92371497687229,0.9993354240980662,0.38593256526368147
2605,2310.6903986308816,24.384029147931678,9.966126411058124,1145.3463886533143,5.4573037692263995,1.3484256679600135,132,132,75.92371497687229,0.9993354240980662,0.38593256526368147
2610,2316.106913474737,24.984665381088437,9.848746261959981,1147.0514438118905,5.790776578559353,1.3514732202757456,132,132,75.92371497687229,0.9993354240980662,0.38593256526368147
2615,2317.7735252631664,25.748261479809177,9.743869129646123,1144.1831687092952,6.201973986117182,1.4339394783732429,132,132,75.92371497687229,0.9993354240980662,0.38593256526368147
2620,2316.1620339508167,26.85073273842595,9.671010845169693,1140.4605365991727,6.802487779548072,1.5128197654741242,132,132,75.92371497687229,0.9993354240980662,0.38593256526368147
2625,2300.7729749335604,26.8298887934451,9.652480443375666,1129.9792874069958,7.036954736934621,1.6022954706244665,132,132,75.92371497687229,0.9993354240980662,0.38593256526368147
2630,2288.5693540886577,26.89643600218158,9.702047327606394,1120.7403916918392,7.370925714492174,1.684287452200693,132,132,75.92371497687229,0.9993354240980662,0.38593256526368147
2635,2271.6424672846238,27.176902111465324,9.656448326338875,1112.9975522377297,7.864406796576832,1.7300926978126157,132,132,75.92371497687229,0.9993354240980662,0.38593256526368147
2640,2253.718520334211,27.498102576740923,9.667301712694721,1103.7339286183208,8.458302064318453,1.725029997059418,132,132,75.92371497687229,0.9993354240980662,0.38593256526368147
2645,2247.975173825048,28.397499347911825,9.649178620346794,1100.156661441325,9.29084031780145,1.7352470595317329,132,132,75.92371497687229,0.9993354240980662,0.38593256526368147
2650,2217.69414892717,30.147885970617985,9.329905715744285,1083.2375654608575,10.524241019734086,1.5198167130794806,132,132,75.92371497687229,0.9993354240980662,0.38593256526368147
2655,2183.5170901892593,31.348177001774825,8.799185225617775,1065.5683823173324,11.754747781282274,1.3308468170082255,132,132,75.92371497687229,0.9993354240980662,0.38593256526368147
2660,2106.327439658341,31.65406515768614,7.928254149504264,1044.166727210756,12.661334696365213,1.1269408181981164,132,132,75.92371497687229,0.9993354240980662,0.38593256526368147
2665,2113.718504373978,36.70149881485498,7.460794316640171,1045.7273561945576,14.458190764702943,1.1446992104195128,132,132,75.92371497687229,0.9993354240980662,0.38593256526368147
