leading_share,spike_ratio,leading_participation,participation_fraction,effective_rank,replicate
0.05057095214759283,6.624794731334661,15.141217520928405,0.11558181313685806,69.72757651988267,0
0.04604912262169655,6.032435063442248,42.020872026016036,0.3207700154657713,71.03622928679835,1
0.05085047990474513,6.661412867521612,28.066604514712193,0.21424888942528392,68.62090097188543,2
0.057412431185933234,7.521028485357253,27.741305296291284,0.2117656892846663,65.87809300481986,3
0.05019084156395496,6.575000244878099,35.07371407631357,0.26773827539170664,69.15713186112046,4
0.04965168061268892,6.504370160262249,34.62841260710848,0.26433902753517924,69.47056004316448,5
0.051475845047668,6.743335701244508,32.749631368996184,0.24999718602287163,69.19816955366842,6
0.051727249345236564,6.77626966422599,14.325397734945005,0.1093541811827863,69.37073870817918,7
0.054335268206169754,7.117920135008238,20.396570563604378,0.1556990119359113,68.1139558675436,8
0.06284278946399152,8.23240541978289,13.282219910726544,0.10139099168493546,65.61711502712966,9
0.051141081551502036,6.699481683246767,37.520341294302185,0.28641481904047467,69.2479968614591,10
0.062862168861373,8.234944120839863,19.342303635348827,0.14765117278892234,65.19047464729887,11
0.056317077561735845,7.377537160587396,21.764114165807356,0.1661382760748653,67.19242208962609,12
0.05293456118159469,6.934427514788904,26.202919359606195,0.20002228518783355,68.81461422400011,13
0.057394331285509685,7.518657398401769,4.918450844175823,0.03754542629141849,67.24221492914855,14
0.05311289063306469,6.957788672931474,22.596734797185654,0.17249415875714239,68.25830523268819,15
0.05082591787669784,6.658195241847417,48.355361200842694,0.3691248946629213,70.19965455417153,16
0.052885269471923305,6.927970300821953,26.226645883449986,0.20020340369045792,68.62574439295364,17
0.05521154681023552,7.232712632140853,14.202097596245228,0.10841295874996357,67.95808680727903,18
0.05149893650702509,6.746360682420287,32.449248125688605,0.24770418416556186,68.18160597093153,19
0.05681667455856223,7.442984367171652,19.353362366869607,0.1477355905867909,67.40194989781178,20
0.0496428964140351,6.503219430238597,38.65325214209552,0.2950629934511108,70.36882573407254,21
0.050693054913609016,6.640790193682781,24.343663001494857,0.18582948856102943,68.62787257057953,22
0.05779156568417169,7.570695104626491,6.630517707214384,0.050614638986369344,66.36246762130303,23
0.057031872432821415,7.471175288699605,27.76835218293112,0.2119721540681765,68.16083368885712,24
0.0538828332924613,7.05865116131243,26.65265306950072,0.20345536694275357,69.03993608512523,25
0.05085761397229412,6.66234743037053,29.931833751690288,0.22848728054725412,68.9659907461549,26
0.04715384310441754,6.177153446678697,20.315308484147597,0.15507869071868394,70.23768990181686,27
0.04819834127042895,6.313982706426192,35.06630570076077,0.2676817229065708,70.82479491998411,28
0.055709531034101555,7.297948565467304,13.845744539545317,0.10569270640874287,67.03146888059784,29
0.051318376118206555,6.722707271485058,28.49996967490221,0.21755702041910085,68.21186333986864,30
0.050631398460895816,6.632713198377352,35.92752673500008,0.27425592927480974,69.08127789419049,31
0.048807298656330336,6.393756123979274,25.857684486814023,0.19738690447949636,70.45719148399262,32
0.05642785070224452,7.392048441994032,8.839117336494612,0.06747417814118024,67.38605307092081,33
0.05013091662952719,6.567150078468062,10.960148097885208,0.08366525265561227,70.49533661666358,34
0.06099531425143369,7.990386166937813,16.651187776442956,0.12710830363696912,66.11208769924443,35
0.05095966039547746,6.675715511807547,30.115174346941107,0.2298868270758863,69.50997769341524,36
0.049964845968906005,6.545394821926687,25.83810971287134,0.19723747872420871,70.38061148984991,37
0.04766282681867174,6.243830313245998,22.5378608546001,0.17204473934809236,69.63918955295374,38
0.04862761713668137,6.37021784490526,26.369549496883966,0.20129427096857988,70.38906906040006,39
0.04627525340037076,6.06205819544857,43.94974682956226,0.3354942506073455,70.42710108107691,40
0.054810375312883096,7.1801591659876856,11.20497823644617,0.08553418501103946,67.0550047033461,41
0.05164145712840889,6.765030883821565,27.415076623406552,0.20927539407180573,69.7605647845154,42
0.055960437051054815,7.33081725368818,27.592582877686457,0.21063040364646152,68.21977405482197,43
0.05968634100174485,7.818910671228576,12.682569779097715,0.0968135097641047,65.69708825219608,44
0.052248514206862356,6.844555361098969,34.283840231520294,0.2617087040574068,68.35366706099853,45
0.05460113123862425,7.152748192259777,15.37576065135196,0.11737221871261039,67.9360693437581,46
0.04926663738148018,6.453929496973904,33.757837948446834,0.25769341945379265,70.47915196560423,47
0.04305026642851269,5.639584902135162,32.16642131785824,0.2455452008996812,71.03405391691186,48
0.051390984843946365,6.732219014556974,24.037538586856982,0.1834926609683739,69.57446186634279,49
0.0473153935156376,6.198316550548525,44.08103782351483,0.33649647193522775,70.51904638743413,50
0.05391243549662258,7.062529050057558,27.18263213305509,0.2075010086492755,68.10347881757633,51
0.052126105455856386,6.828519814717186,14.944216093458705,0.11407798544624966,69.54083282884207,52
0.062273023924123594,8.157766134060191,14.908252925174562,0.11380345744408063,65.57680845601011,53
0.06101736514017332,7.9932748333627055,4.366228497427439,0.03332998852998045,65.26865978742651,54
0.04612230683568056,6.0420221954741535,23.26291216411159,0.17757948216879077,71.48812882510396,55
0.05327806588274371,6.979426630639426,47.58118474734029,0.36321515074305566,68.46939665146195,56
0.04807701951271165,6.298089556165226,27.466871123297913,0.20967077193357186,69.52989443410598,57
0.05157141925288331,6.755855922127714,32.91434177446874,0.25125451736235677,68.0995185929914,58
0.0502279240985806,6.579858056914059,18.731212757540163,0.1429863569277875,69.8171525452043,59
0.055747464455066606,7.302917843613725,19.72763635701872,0.1505926439467078,68.3846867818376,60
0.046960737820373306,6.1518566544689035,45.957914504785315,0.35082377484568944,70.99188008851945,61
0.05382334126839954,7.05085770616034,24.88821841087939,0.18998640008304876,68.9984291272135,62
0.04776261003114115,6.25690191407949,29.283919251381818,0.22354136833115892,69.54992657003379,63
0.052746635201264915,6.909809211365704,22.157166181893853,0.1691386731442279,68.55002498258794,64
0.052171225889226215,6.834430591488634,20.41188129776065,0.15581588776916527,68.1582320996894,65
0.04935807468645795,6.465907783925991,36.85277252192352,0.28131887421315666,69.44780638461268,66
0.04826533873816742,6.322759374699932,28.132623132581106,0.21475284834031377,71.11837232126035,67
0.061235885787725756,8.021901038192073,4.523103816281657,0.034527510047951585,65.6522558973484,68
0.06133783554828485,8.035256456825316,14.614262974112545,0.11155925934437058,65.61946263335714,69
0.0506157469950485,6.630662856351353,23.367045897670376,0.17837439616542272,70.00247529028405,70
0.04436668738477114,5.8120360474050194,33.61433231932145,0.25659795663604157,71.50563367183695,71
0.05841628983716083,7.6525339686680685,15.96058403965853,0.12183651938670634,68.10668661129853,72
0.05561183092355631,7.285149850985876,27.885440416749713,0.2128659573797688,68.39296304911373,73
0.0468577911707108,6.138370643363115,28.1563948853575,0.21493431210196565,70.61177421156546,74
0.05289559515723113,6.929322965597278,26.42408920922983,0.2017106046506094,68.85312244506851,75
0.04664412114130572,6.11037986951105,21.022116534089527,0.1604741720159506,71.3096148164227,76
0.05650607415618669,7.402295714460457,11.023327202659207,0.08414753589816189,68.39417952270036,77
0.05713839045951276,7.485129150196172,20.078353402933203,0.1532698733048336,67.27798964033929,78
0.05559036787038991,7.282338191021078,8.72522713816826,0.06660478731426152,67.49378378368606,79
0.0541678754640769,7.095991685794074,29.367418882656953,0.22417877009661796,68.50950264821117,80
0.049910052415472014,6.538216866426834,18.696357927313745,0.14272028952147897,69.90504764728925,81
0.056611728018569736,7.4161363704326355,23.92755947182729,0.1826531257391396,67.79225079062262,82
0.049640141039737545,6.502858476205619,40.1715655038635,0.30665317178521756,69.94752192251612,83
0.05246963005064032,6.873521536633882,25.809339806058716,0.19701786111495204,68.04041226384071,84
0.04585275970194665,6.006711520955012,27.34943558840568,0.20877431746874564,70.42969687080131,85
0.05509340705884844,7.217236324709146,22.482850392031942,0.17162481215291558,67.82293827689453,86
0.05875810452766099,7.69731169312359,29.39240517101983,0.2243695051222888,67.55899796604182,87
0.06995911108606939,9.16464355227509,3.4178921323448646,0.026090779636220342,62.27861174803701,88
0.0428596710300066,5.614616904930865,29.00483104186569,0.22141092398370754,69.84755306899734,89
0.053846431545674735,7.0538825324833905,21.20614025924162,0.1618789332766536,68.13095539836831,90
0.04756982572224396,6.231647169613959,22.35127354792197,0.17062040876276313,69.48887288027404,91
0.07028163793393136,9.206894569345009,4.034224825939224,0.030795609358314685,62.65683692626238,92
0.05266414716050947,6.899003278026741,18.186280664673465,0.13882656995933942,69.53269832939284,93
0.04996175085180545,6.544989361586514,17.153071222694436,0.13093947498240027,70.62467020436104,94
0.05789713907938635,7.584525219399612,28.263719492958714,0.21575358391571536,66.09535879170284,95
0.04983470117014512,6.528345853289011,18.58853469994608,0.14189721144997008,69.06976323411304,96
0.051304735574925035,6.72092036031518,9.630415440832481,0.07351462168574413,69.40919444233946,97
0.05067506176730112,6.638433091516447,29.221972775274423,0.22306849446774368,68.55591835432192,98
0.04539363882259396,5.946566685759809,29.850001830537405,0.2278626093934153,70.12030907060495,99
0.05730439938620453,7.506876319592794,8.515790060031724,0.06500603099260858,68.1359819260635,100
0.051372791608878594,6.729835700763096,33.571295637643296,0.2562694323484221,70.18367978613797,101
0.04960999033143039,6.498908733417381,32.85829160736848,0.2508266534913624,69.71071189805156,102
0.057429716777641505,7.523292897871038,3.3489526122722286,0.02556452375780327,67.26071420695668,103
0.06743465368429563,8.833939632642728,4.204346653281973,0.03209424926169445,63.82706651116405,104
0.05407091258956926,7.083289549233573,25.617460290117872,0.19555313198563262,69.55893097467637,105
0.042736723031088004,5.598510717072529,30.806556708323654,0.2351645550253714,69.55382753410112,106
0.050345997020373026,6.595325609668866,26.710742604803663,0.20389879850995163,69.48556530225133,107
0.0523530865950613,6.85825434395303,29.81430378054633,0.22759010519501013,68.76505125280741,108
0.049594766660805374,6.496914432565504,39.74162486219084,0.30337118215412856,69.87919202297165,109
0.05361940791541621,7.024142436919523,7.755342063077647,0.059201084450974405,68.39264449351015,110
0.04997782080337733,6.54709452524243,22.966505827044752,0.1753168383743874,69.56987565622052,111
0.05364757312294343,7.02783207910559,29.2507439517599,0.22328812176915955,68.92117011178419,112
0.052955302069828986,6.937144571147597,32.820259676656406,0.25053633340959086,68.8022513743003,113
0.05034765831876189,6.5955432397578075,27.944028523553374,0.2133131948362853,69.82615248381947,114
0.05999029243761123,7.858728309327072,25.441974001431426,0.19421354199565974,66.50210880000948,115
0.0541675634830218,7.095950816275855,34.99281827158582,0.26712075016477727,67.85630046703625,116
0.049229415257648915,6.449053398752008,24.348582830592825,0.18586704450834218,68.93296025405078,117
0.0553949577085891,7.256739459825172,37.497526233247264,0.2862406582690631,68.1341162189846,118
0.054053041838356526,7.080948480824705,25.03920957885377,0.19113900441873108,68.41622221674773,119
0.05498281018425712,7.202748134137683,21.514165782846153,0.16423027315149735,68.07572544931993,120
0.06043713878078544,7.917265180282892,15.478259814237338,0.11815465507051404,66.38899925629825,121
0.0628174818927142,8.229090127945561,17.918773484301756,0.1367845304145172,65.04661016625805,122
0.0519011636328008,6.799052435896905,33.203357203476386,0.2534607420112701,69.28821972889656,123
0.048443529807062784,6.346102404725225,21.873984940155033,0.1669769842759926,71.26444137625971,124
0.043329533545839356,5.676168894504956,45.71996208761152,0.3490073441802406,71.39682197650791,125
0.05837577581115264,7.647226631260996,10.22476412801669,0.07805163456501289,66.5583962707168,126
0.05594299191959971,7.3285319414675625,23.178010228468366,0.17693137578983487,69.14464762294458,127
0.047969614481902526,6.284019497129231,43.010666020039615,0.3283256948094627,70.55300850690715,128
0.051262189632010534,6.71534684179338,24.93808812671546,0.19036708493675925,68.4583058654719,129
0.04771347466416117,6.250465181005113,22.07548952606323,0.1685151872218567,70.25855540598809,130
0.052429667910154756,6.868286496230273,36.43519835579262,0.2781312851587223,67.50289270817815,131
0.05734400153200858,7.512064200693124,31.145394841414415,0.23775110565965202,65.46324550268184,132
0.0574041478470631,7.519943367965267,29.6217505956505,0.22612023355458397,67.2789756627774,133
0.05618141146598887,7.359764902044542,14.340342343759804,0.10946826216610538,67.61630342780352,134
0.04963290410504239,6.501910437760553,26.72027194728658,0.2039715415823403,69.38100292644656,135
0.055590615583423486,7.282370641428477,23.104946446087745,0.1763736369930362,68.35312673166253,136
0.049227480577676806,6.448799955675661,17.72707342509465,0.1353211711839286,69.429863897575,137
0.04969328931822344,6.509820900687271,23.700376230305686,0.18091890252141746,70.3780013794279,138
0.05858442933544062,7.6745602429427215,28.30947619425912,0.21610287171190168,67.59426079550474,139
0.05318798824756454,6.967626460430954,26.198203037414196,0.19998628272835264,69.23403595239559,140
0.05200899176776156,6.813177921576765,40.00382071383268,0.30537267720482963,68.3094048014841,141
0.05947179700721048,7.790805407944573,20.224300580360094,0.15438397389587857,66.17222547228205,142
0.053899436653337546,7.0608262015872185,10.405129807335454,0.07942847181172102,68.3357826295925,143
0.05401341558711647,7.075757441912257,28.377056492158456,0.21661875184853782,68.20976384018498,144
0.05125405450730166,6.714281140456517,35.28889529858725,0.2693808801418874,69.39634380853863,145
0.05024016761541957,6.581461957619964,26.281671698579622,0.20062344808076046,70.21887630308086,146
0.05225746342857329,6.845727709143102,23.904679031462127,0.18247846588902386,69.38072423166648,147
0.051599196844655505,6.759494786649872,39.2566412081996,0.2996690168564855,69.19984276307939,148
0.04911685858929587,6.434308475197759,20.333049165009204,0.15521411576342903,70.94529726846967,149
0.057392485681927986,7.518415624332566,27.71602662330645,0.21157272231531643,67.35251200187733,150
0.04531719371834307,5.9365523771029425,25.85115477842695,0.19733705937730495,67.33207518435538,151
0.05386612845812109,7.056462828013863,6.699202746941666,0.05113895226673028,68.91238648572644,152
0.06976462589317661,9.139165992006136,2.5734800473021138,0.019644885857268046,62.593968596600114,153
0.053891829948610054,7.059829723267917,10.512639268257278,0.08024915471952121,67.91088168082958,154
0.058685036998392996,7.687739846789483,24.721587113762627,0.18871440544856968,66.9918702670741,155
0.055997759909600694,7.335706548157691,17.866808264630112,0.13638784934832146,68.22190454566055,156
0.05434587397529007,7.119309490762999,18.839151523742302,0.14381031697513208,68.6460459631058,157
0.06078827595498235,7.963264150102688,11.9701682480997,0.09137533013816565,65.5552205166898,158
0.0558472939658185,7.3159955095222235,18.425189181291856,0.14065029909383095,66.54077784912299,159
0.05270351061421901,6.90415989046269,25.458288417669568,0.19433807952419518,69.42840341887972,160
0.05380585315621077,7.048566763463611,26.184803457127487,0.199883995855935,69.59434160318719,161
0.051358511872254174,6.7279650552652965,15.31540369529331,0.11691147859002528,69.1125884153936,162
0.052111875666312146,6.826655712286891,27.547724126637426,0.21028797043234676,68.79550401820032,163
0.0585437862896443,7.6692360039434035,5.596452240218928,0.042721009467320055,67.07099102355745,164
0.05898205114169652,7.7266486995622445,17.827108596271113,0.13608479844481766,67.93893252884105,165
0.04975615616873357,6.518056458104098,38.2598907223793,0.29206023452197943,69.91618008366386,166
0.04924917251266574,6.4516415991592115,27.197955245762223,0.20761797897528414,69.94738823571475,167
0.051472654385604576,6.742917724514199,22.737841710938834,0.17357131077052546,68.61606072575854,168
0.04750749392651261,6.223481704373151,44.43448612244652,0.3391945505530269,70.00572492209231,169
0.05647840307157534,7.39867080237637,29.745974679066016,0.22706850900050393,67.97870350309034,170
0.05352950232443668,7.012364804501205,39.591593108193976,0.302225901589267,69.18660855083137,171
0.05234965959383212,6.857805406792008,16.733167187190965,0.12773410066557989,69.12314227783864,172
0.05086431819641348,6.663225683730166,27.066217918062268,0.20661235051955928,69.42999722715159,173
0.04848427382606748,6.35143987121484,42.06949349964458,0.32114117175301204,69.28987311286743,174
0.048140451759584306,6.306399180505544,29.81655812491399,0.22760731393064113,69.8674191696276,175
0.04752210923143675,6.2253963093182145,26.936638287476914,0.20562319303417492,71.11019777639979,176
0.05414002747153242,7.092343598770746,32.98154768010118,0.2517675395427571,68.88030086297498,177
0.05704342142016397,7.47268820604148,13.201435297258424,0.10077431524624751,67.87938570245784,178
0.0649864982320568,8.51323126839944,3.4989499786801708,0.026709541821986038,63.434697962362826,179
0.04598785272124611,6.02440870648324,25.152873291786694,0.19200666634951674,70.71709836730082,180
0.060573294089488944,7.935101525723051,11.58156512058684,0.08840889405028121,66.46374625421913,181
0.055142074106869936,7.223611707999962,22.70436707765225,0.17331577921871946,67.88452865459537,182
0.04526419453908179,5.929609484619714,14.768975763420352,0.1127402730032088,70.61816088872177,183
0.050500228663953976,6.615529954977971,29.94283955036446,0.2285712942775913,69.65813251313521,184
0.05466711990369511,7.16139270738406,31.257097878742776,0.2386038006010899,68.21035147517883,185
0.05018208029875437,6.573852519136823,30.8321244356584,0.23535972851647635,69.56704931297666,186
0.0521861756738066,6.836389013268665,33.68445637750871,0.2571332547901428,69.78126498037135,187
0.04986803534132411,6.532712629713458,26.60229963795164,0.20307098960268427,69.65116511734763,188
0.05255298676699913,6.884441266476886,27.600549912163217,0.21069122070353602,68.96786805679098,189
0.04863432753433268,6.371096906997581,26.848465416560305,0.20495011768366644,69.72930240881527,190
0.04696391360002346,6.152272681603073,24.796205028254207,0.18928400784926874,70.11654543869804,191
0.048792842913478185,6.391862421665643,28.117593464566216,0.21463811805012378,71.21289813719976,192
0.05018054298536489,6.5736511310828005,25.142150356069248,0.1919248118783912,69.04644398069216,193
0.0592793831394142,7.76559919126326,20.77706431367653,0.15860354437921015,66.1327834093045,194
0.05420378667780522,7.100696054792484,25.0550646391006,0.19126003541298167,68.70378498277854,195
0.0541593182077293,7.094870685212538,29.917550638529125,0.22837824914907728,68.17061227260167,196
0.05387964213552254,7.058233119753453,24.247583802065876,0.18509605955775477,68.83610637274244,197
0.05044647726493511,6.6084885217065,34.247482103229785,0.2614311610933571,69.69751030896984,198
0.05557951805267844,7.280916864900876,16.62160432117165,0.12688247573413472,67.93761636257307,199
0.049977748159505765,6.547085008895255,31.318938640656416,0.23907586748592685,68.53184322511599,200
0.05222108630156624,6.840962305505177,19.34570589671776,0.1476771442497539,69.12442018768284,201
0.059854876721890486,7.840988850567654,22.322086412012972,0.1703976061985723,66.19093993118389,202
0.0508596243304406,6.6626107872877185,20.61277685329141,0.1573494416281787,70.77037751861577,203
0.05056726630485025,6.6243118859353824,25.70649920294795,0.19623281834311412,69.98798133263871,204
0.05400924314158213,7.07521085154726,11.921771418540411,0.09100588869114817,68.72406507335263,205
0.063496501550453,8.318041703109342,15.403741431555575,0.11758581245462271,65.0528065870617,206
0.05281948937307936,6.9193531078733965,24.85800562469506,0.18975576812744321,68.6224798270541,207
0.05495212233333704,7.198728025667152,29.31139922153327,0.22375113909567382,67.65638925900069,208
0.05162501848223854,6.762877421173249,21.25662853436453,0.16226433995698114,69.15755752944769,209
0.04601396654211442,6.027829617016989,23.71004999967362,0.1809927480891116,70.63139850593414,210
0.05227762282259933,6.848368589760512,31.675774310111233,0.24179980389397887,68.77629656729621,211
0.04906237871128621,6.427171611178493,24.656699891471032,0.18821908314100025,68.788149713356,212
0.05008087781760091,6.56059499410572,27.24804219520283,0.20800032210078498,68.7185352545045,213
0.05250902649047522,6.878682470252254,9.315904559577419,0.07111377526394976,69.4562059952141,214
0.04884868193977123,6.399177334110031,33.6432441769408,0.25681865783924274,70.33172969094656,215
0.05583314031271363,7.314141380965485,9.21446448837725,0.07033942357539885,67.53075963545756,216
0.05533848015992808,7.249340900950578,27.66843768412994,0.21120944797045757,67.92970514073029,217
0.050894415668440725,6.667168452565735,35.64660290419284,0.27211147255109036,68.93171274111148,218
0.06206360163401791,8.130331814056346,13.896891290396088,0.10608313962134418,66.5083373240505,219
0.04930286606211701,6.458675454137328,32.74347008300509,0.2499501533053824,70.36366067505733,220
0.06053109736095316,7.929573754284864,11.634149810547472,0.08881030389730894,64.6694142967571,221
0.047552137165687326,6.22932996870504,28.605984365428448,0.218366292865866,70.78813210348687,222
0.05891809140736301,7.718269974364555,27.534166843025965,0.21018447971775545,66.99087827270378,223
0.04918354506335411,6.443044403299388,17.506752967213366,0.13363933562758296,69.9867020715352,224
0.05846182113799422,7.658498569077243,15.770580101946274,0.12038610764844485,65.81994274718916,225
0.049510413764786834,6.4858642031870755,29.675140465612465,0.22652778981383562,69.93738717171719,226
0.04965811600132343,6.5052131961733695,36.28164150050935,0.27695909542373554,69.1137545791099,227
0.0466448868191895,6.1104801733138245,30.63175426922249,0.2338301852612404,70.63160336941586,228
0.04924598228927294,6.451223679894755,18.55440126195027,0.1416366508545822,70.20444491089322,229
0.044451233224914496,5.823111552463799,43.419805180632125,0.3314488945086422,71.69338851394541,230
0.05370619597265456,7.035511672417747,14.059747064340982,0.10732631346825178,69.49968572076452,231
0.05227628195994498,6.848192936752792,26.967921425404455,0.20586199561377447,68.39856687803841,232
0.05430632585754344,7.114128687338191,31.33151395857471,0.23917186227919626,68.33312261281445,233
0.05037420746174817,6.599021177489011,30.792786878354136,0.23505944181949723,69.92093587413703,234
0.056517497960198976,7.403792232786066,16.98422539941234,0.12965057556803314,67.76573182930632,235
0.049443243259061666,6.477064866937078,28.065952882278733,0.21424391513189872,70.82174023749246,236
0.047736948708189474,6.253540280772821,22.52897182145317,0.17197688413323028,69.87279350931274,237
0.05174519081519371,6.7786199967903755,34.1188243889355,0.2604490411369122,69.98000312465885,238
0.055839418459738936,7.3149638182258006,27.43635894581716,0.2094378545482226,68.04679627593913,239
0.051365727067238624,6.72891024580826,33.77846520899767,0.2578508794579975,68.53524310141765,240
0.047023260425514954,6.160047115742459,32.33063866745473,0.2467987684538529,70.51612046009835,241
0.04837895339907109,6.337642895278313,32.45624906515391,0.24775762645155658,70.00456627201127,242
0.057637318687237635,7.55048874802813,10.194147254932568,0.0778179179765845,66.75164750100241,243
0.058438236786471566,7.6554090190277755,17.536046834727514,0.13386295293685124,66.04590384997238,244
0.04665758531052434,6.112143675678688,27.14630806598071,0.20722372569450923,70.79034922921868,245
0.04880264550833407,6.393146561591763,27.95123370823238,0.2133681962460487,69.59541219950815,246
0.05197665043990849,6.8089412076280125,30.27251761207718,0.23108792070287923,69.98844464686613,247
0.055913553933822996,7.324675565330812,17.30781041494724,0.13212069019043696,68.00898395832628,248
0.06545162216791978,8.57416250399749,6.97239174045576,0.05322436443096,63.456923480400334,249
0.06166696360912946,8.07837223279596,16.093734073373057,0.12285293185780959,65.71551702255525,250
0.0496216971903886,6.500442331940906,19.793670454422113,0.151096721026123,68.83307286248925,251
0.05820166836357025,7.624418555627702,18.075434741534917,0.13798041787431234,67.38387254184329,252
0.05478511372246135,7.176849897642437,27.696050984108798,0.21142023651991448,68.08598635322159,253
0.05460725526004393,7.153550439065755,19.97942407358755,0.15251468758463776,67.79257839928243,254
0.05100829822024443,6.68208706685202,26.496019855330044,0.20225969355213774,69.36198425879286,255
0.04383580980616187,5.742491084607205,34.76609054169261,0.2653900041350581,69.98539766882912,256
0.05941656038137883,7.783569409960627,18.99484757987557,0.14499883648759979,66.50964546691975,257
0.05448952751069542,7.1381281039011,19.757531534845153,0.15082085141103171,68.02177076955988,258
0.04950070809358368,6.484592760259462,34.25850716314472,0.2615153218560666,70.58793015694984,259
0.054776770497050126,7.175756935113567,3.5405639840624055,0.0270272059852092,68.66243503677934,260
0.052461369424075616,6.872439394553906,25.95785575025448,0.19815157061262964,69.10060012976865,261
0.06123713183003605,8.022064269734722,19.168691454814144,0.1463258889680469,65.88834562254466,262
0.05292441598478968,6.9330984940074485,13.520116179265484,0.10320699373485102,68.73661999713977,263
0.05836163845431055,7.645374637514681,22.389906697410463,0.17091531830084322,67.11698715784496,264
0.051844725162710485,6.791658996315074,12.717110630439342,0.09707718038503314,69.41098561689739,265
0.057806663164886134,7.572672874600084,17.20247593811283,0.13131661021460175,67.4116964967358,266
0.04995252310657951,6.543780526961916,40.04724843743241,0.3057041865452856,69.80832652546583,267
0.049976476309273724,6.546918396514858,24.85434685051684,0.18972783855356368,70.28864083070782,268
0.05729943640674432,7.506226169283506,35.232661396956054,0.26895161371722176,67.49830032394868,269
0.056328030326271324,7.378971972741543,16.445736966853993,0.12553997684621368,67.78657691660592,270
0.054839120546363994,7.183924791573683,27.14084584075443,0.2071820293187361,68.55538021948475,271
0.059667954350471106,7.816502019911715,13.898565836753166,0.1060959224179631,66.13413921843058,272
0.05467671628684556,7.1626498335767685,15.500862011844996,0.11832719093011447,67.27274351841712,273
0.07140734551773992,9.35436226282393,4.503671974367619,0.034379175376852054,62.16176136756652,274
0.053877523447371456,7.05795557160566,28.86378818839425,0.22033426098010878,69.21195915150614,275
0.05379760481074372,7.0474862302074275,21.076804053385743,0.160891633995311,68.83603036907661,276
0.04846692598713665,6.349167304314902,27.80391560679494,0.21224363058622092,70.30189187080013,277
0.05230858265918971,6.852424328353852,15.93668772976358,0.12165410480735557,69.731439228872,278
0.05163930815016333,6.764749367671396,7.68282236190165,0.05864749894581412,69.99347132221519,279
0.05409330681637135,7.086223192944647,8.62386239278657,0.06583101063195855,67.288456311872,280
0.047470934932764296,6.218692476192123,38.40816550427032,0.293192103086033,70.37726112823269,281
0.05258792316277322,6.889017934323292,19.350751302471213,0.14771565879749018,69.1205881167146,282
0.060320761976638534,7.902019818939648,6.434373201608608,0.04911735268403517,65.0757907043253,283
0.05177795177819468,6.782911682943503,29.90298904654185,0.22826709195833475,68.88945828809221,284
0.05136310930615638,6.728567319106486,21.840888608675215,0.1667243405242383,68.35433483439583,285
0.05827605414077406,7.634163092441402,25.562677769757578,0.19513494480730975,66.34473555617254,286
0.0437294467999906,5.728557530798769,19.991888457070466,0.15260983555015623,70.51459771299726,287
0.05831576702539798,7.639365480327135,12.07647637283479,0.09218684254072358,67.11959010845581,288
0.06219413477482166,8.147431655501638,3.668883173577133,0.028006741783031548,65.04713638561252,289
0.055217611113670385,7.23350705589082,18.385410877689363,0.14034664792129284,67.36326499576577,290
0.05355713069439435,7.01598412096566,16.830122485212577,0.12847421744437082,68.07604781532805,291
0.05269376887983335,6.902883723258168,25.60629152487782,0.19546787423570855,68.34855117480251,292
0.05670679650165242,7.4285903417164665,21.895362405676508,0.16714017103569853,67.60142247560732,293
0.05536129130041857,7.252329160354833,21.396610737531958,0.16333290639337372,68.14160838128772,294
0.05170194990557018,6.772955437629693,38.720844269471556,0.2955789638890958,68.68231796528576,295
0.05350407968362099,7.00903443855435,30.573189504565327,0.2333831259890483,69.0779726264258,296
0.04558119869210756,5.9711370286660905,33.24464917908303,0.2537759479319315,70.46149196058785,297
0.04912464233341917,6.435328145677912,21.39678958138484,0.16333427161362474,70.09460449792994,298
0.052245575691833114,6.8441704156301375,10.436627535328011,0.07966891248341994,69.21121407428028,299
0.05574952659362347,7.3031879837646745,29.50337062295299,0.2252165696408625,66.81913924405495,300
0.04842389881640717,6.343530744949339,30.41828957403708,0.23220068377127542,70.45709332396484,301
0.04775411810999974,6.255789472409965,41.81557070785167,0.3192028298309288,70.23136173611263,302
0.050046619103230744,6.556107102523227,18.352900575905743,0.14009847767866979,70.02359959143938,303
0.05894983875332282,7.7224288766852895,14.71604408667843,0.11233621440212542,66.16685906067222,304
0.0636272108489048,8.335164621206529,17.935599373036272,0.13691297231325397,65.19830611131388,305
0.05470066316952907,7.165786875208308,28.863104129209525,0.22032903915427118,67.63630613291542,306
0.05136672532592367,6.729041017696001,19.743153021056948,0.1507110917637935,68.98603159183281,307
0.05241909187058047,6.866901035046041,40.24571911888133,0.3072192299151247,67.89174236588326,308
0.05109512157282337,6.693460926039862,33.11807641708701,0.2528097436418856,68.9776405161716,309
0.047438141176453015,6.214396494115345,33.569855843029735,0.2562584415498453,70.05458527942298,310
0.05564558159709607,7.2895711892195845,12.945028370421786,0.098817010461235,67.13303546539916,311
0.05811265547947647,7.612757867811418,12.783319111343133,0.09758258863620711,66.83903939840845,312
0.05814304938780705,7.616739469802724,18.994514186285638,0.14499629149836366,66.22893721517134,313
0.049269804515219146,6.454344391493708,28.18510882876162,0.2151535025096307,71.02479747520113,314
0.04734902361219721,6.202722093197834,25.753428713587404,0.1965910588823466,70.58116700062993,315
0.05139112269335648,6.732237072829699,42.05519919825567,0.32103205494851655,69.57259866464645,316
0.05462338317674131,7.155663196153111,31.908547089472755,0.24357669533948667,69.50805110079149,317
0.05407608285892688,7.083966854519421,15.200272437770579,0.11603261402878305,68.61867694067905,318
0.04935363602974432,6.465326319896506,35.33721856979594,0.26974976007477813,69.88841898047336,319
0.05163993566811191,6.76483157252266,24.027623208705897,0.18341697105882365,68.74217649361813,320
0.05883423934824372,7.707285354619928,27.19056564923263,0.20756156984147048,66.27635239153297,321
0.055450234723728495,7.263980748808433,22.215689892116618,0.16958541902379098,67.82243186287975,322
0.053052219879985305,6.949840804278075,36.1322936233113,0.27581903529245266,68.84861228850374,323
0.04209300894277162,5.514184171503082,38.46484364107577,0.293624760618899,71.60729094864318,324
0.05446894222046179,7.1354314308804945,17.731394166535143,0.13535415394301636,69.52107568312321,325
0.045747043058890706,5.992862640714683,30.03851489758459,0.22930164043957704,71.05009722113378,326
0.04767471055493591,6.245387082696604,30.0660225604343,0.22951162259873512,70.43880845953659,327
0.053744067552181966,7.0404728493358375,21.91870496147739,0.16731835848456023,68.49398359895761,328
0.053002547616745915,6.943333737793715,34.41343779810964,0.2626979984588522,68.22968778285274,329
0.05530836050608668,7.245395226297355,18.629240032997664,0.14220793918318828,68.3855971987408,330
0.05710794270451595,7.481140494291589,19.295007488586187,0.14729013350065792,67.96890457782209,331
0.07855999923081486,10.291359899236747,3.5077769985768974,0.026776923653258757,59.243102426305164,332
0.05248629092771223,6.875704111530302,32.74954700669895,0.24999654203586982,68.80151106545553,333
0.05191172393990559,6.800435836127632,41.117371719963614,0.31387306656460773,69.87279602276331,334
0.05108581750363781,6.692242092976553,27.28647228282949,0.2082936815483167,69.06021508480434,335
0.04583714324787716,6.004665765471908,41.01016618859932,0.3130547037297658,71.5899347472498,336
0.05345877028949625,7.0030989079240085,19.559596271860975,0.14930989520504562,68.8889569546237,337
0.052491664902740084,6.876408102258951,24.718683247961458,0.18869223853405692,67.93975101858989,338
0.05318012349576243,6.9665961779448775,22.516589111098284,0.17188235962670445,67.67621556332075,339
0.05789105280512806,7.5837279174717755,22.781950764267243,0.17390802110127668,67.71374187664229,340
0.05500428747779696,7.205561659591402,7.482989299024681,0.05712205571774566,68.17496372993033,341
0.05401002309272147,7.075313025146512,21.82668412266412,0.16661590933331388,68.44476097133675,342
0.05068475398890147,6.639702772546092,20.285957626918744,0.15485463837342553,69.20903676430429,343
0.0587132495621777,7.691435692645279,5.581571091308795,0.04260741291075416,65.86527060249894,344
0.053294563872046175,6.981587867238049,21.561008071360156,0.16458784787297828,68.87916752320216,345
0.055908753758788905,7.324046742401347,22.80202262283998,0.17406124139572504,68.05951652275934,346
0.04939898667397828,6.471267254291155,35.53318710251079,0.27124570307260143,69.74317075804119,347
0.05721574366183648,7.495262419700579,11.969021051693627,0.09136657291369181,67.68887122426287,348
0.04473152639845086,5.859829958197063,27.05913466463959,0.20655827988274497,71.26238821450036,349
0.04471630396332631,5.857835819195747,16.544205919210942,0.12629164823825145,70.05773331061283,350
0.0616139678887017,8.071429793419924,7.381520089752056,0.05634748160116073,65.26919894080349,351
0.05562328546931614,7.286650396480415,7.664160572229853,0.05850504253610574,68.36260413426552,352
0.047591484232372264,6.234484434440766,27.34198169398285,0.20871741751131945,69.5371826200273,353
0.05476752046765232,7.174545181262454,33.16808275606424,0.2531914714203377,69.14978239591886,354
0.05329982260340994,6.982276761046702,24.41239621513093,0.18635416958115214,67.89860127212607,355
0.055502505869774975,7.270828268940522,31.43824279106123,0.2399865861913071,67.6902953885546,356
0.05617947195931817,7.35951082667068,27.271943793456302,0.20818277704928476,67.26751927139088,357
0.050729331802122656,6.6455424660780675,30.757421581518432,0.23478947772151476,70.57074598228657,358
0.04549085232976295,5.959301655198947,25.562634976013264,0.19513461813750582,70.45127147045865,359
0.05778782007382997,7.570204429671725,7.963627456423361,0.06079104928567451,67.01819790220924,360
0.05636081759930277,7.383267105508662,18.952319641010003,0.1446741957329008,68.16173699405292,361
0.04773218288229102,6.252915957580124,31.555388875491147,0.24088083111061945,69.79174407270878,362
0.046961199473981884,6.1519171310916265,23.63246137814921,0.18040046853549013,70.22910759306153,363
0.049100330190047725,6.432143254896252,28.50717708914803,0.21761203884845826,69.36216858068593,364
0.05938909688684608,7.7799716921768365,25.370171105367703,0.19366542828524963,66.04126912210681,365
0.05312488090838204,6.959359398998048,34.5046384270044,0.26339418646568247,68.98539905517731,366
0.05352312377107095,7.011529214010294,31.16614368871133,0.23790949380695672,66.7690829444081,367
0.04559094048952358,5.972413204127589,12.930279638122208,0.09870442471849014,70.9592196707971,368
0.04854059416332513,6.358817835395592,41.75110245113137,0.31871070573382726,71.06036845156927,369
0.04143580197690826,5.428090058974981,39.13574768760133,0.29874616555420863,72.43721738542834,370
0.05075242456784036,6.648567618387087,26.696571692461717,0.203790623606578,68.48787401701557,371
0.04762925691405693,6.2394326557414574,25.950728553309055,0.19809716452907675,69.42178552640512,372
0.06096382641710806,7.9862612606411565,12.38400968729186,0.09453442509383099,65.88007009763588,373
0.05708413021401257,7.4780210580356465,14.394311766826448,0.10988024249485838,67.75550359816141,374
0.05705879773126113,7.474702502795208,30.035595546219174,0.22927935531465019,67.93318941877811,375
0.059793845108907014,7.832993709266819,7.743164395268787,0.059108125154723565,65.55917662650884,376
0.05568001449900832,7.29408189937009,12.347914763638718,0.0942588913254864,68.91835960582709,377
0.04975562056887012,6.517986294521985,34.56056504007702,0.2638211071761605,69.32510031091361,378
0.048420972014650086,6.343147333919162,22.680783130382185,0.17313574908688692,70.91173995208025,379
0.05536651049269719,7.253012874543332,21.973768688628887,0.16773869227960983,67.75353397096535,380
0.0510308640891439,6.685043195677851,24.115126735275904,0.1840849369105031,69.06651715012575,381
0.04955483758736183,6.4916837239444,36.57460429750148,0.27919545265268303,71.17116694684688,382
0.06126850146204167,8.02617369152746,5.745211948009426,0.04385657975579715,65.5824252132137,383
0.055709421976397014,7.297934278908008,11.412286749986126,0.0871166927479857,67.49611830720983,384
0.04771304897062891,6.2504094151523875,38.84324478166332,0.29651331894399485,70.18228254794568,385
0.054480481353869445,7.1369430573568975,10.364327823639297,0.07911700628732288,68.36340675402604,386
0.056216274775764796,7.3643319956251885,16.890125353159117,0.12893225460426808,66.72310417661154,387
0.052521105897578316,6.880264872582759,15.988208199920116,0.12204739083908486,68.16862695417885,388
0.05149822362772041,6.746267295231374,24.983515706782534,0.19071386035711857,68.6361502333611,389
0.05571565275137818,7.2987505104305415,11.031104839755967,0.08420690717370967,68.06127113819873,390
0.05187716280824944,6.795908327880676,28.02173678777403,0.21390638769293155,70.1902524486945,391
0.05442943096250401,7.130255456088025,17.87776716435429,0.1364715050714068,68.90410708063496,392
0.05083704001799734,6.659652242357652,9.349088598590527,0.07136708853885898,70.27883794908934,393
0.05307409856759761,6.9527069123552865,27.438899250412298,0.20945724618635342,68.91065712620649,394
0.05026710499693554,6.5849907545985555,31.10671875998594,0.23745586839683924,68.94148036392433,395
0.04875490727868068,6.386892853507169,31.560445917373286,0.24091943448376554,70.17601046184116,396
0.06842798600196993,8.96406616625806,5.93573514359905,0.045310955294649236,63.153583924484074,397
0.04986245590664259,6.531981723770179,35.90635747822953,0.2740943318948819,70.37090824111634,398
0.05529488965266902,7.243630544499642,18.103500668121367,0.13819466158871271,67.26148690594792,399
0.05304079119658076,6.94834364675208,26.76619777256634,0.20432212040126976,69.24609924687041,400
0.0523993416280286,6.864313753271747,19.109695775529424,0.145875540271217,67.92558536864556,401
0.0550987239422499,7.217932836434737,9.645117230888918,0.07362684909075509,67.54823295287696,402
0.047930303219969536,6.278869721816009,21.742301098966873,0.16597176411425094,69.06491115551248,403
0.05089446142655715,6.667174446878987,30.725478992459333,0.2345456411638117,69.01043107108656,404
0.04679868459952252,6.13062768253745,35.72994215565064,0.27274765004313467,69.16994093819467,405
0.059513557117648615,7.796275982411968,18.343651840160415,0.14002787664244593,67.0039158499596,406
0.06140679403618368,8.044290018740062,5.957112750531831,0.04547414313383077,65.5568791918712,407
0.05980885395071646,7.834959867543856,13.982646963505124,0.10673776308019178,66.67356039846338,408
0.04742628484457316,6.212843314639084,32.1850858783489,0.24568767846067863,70.05835517037511,409
0.04914190398295759,6.437589421767444,16.608047020731124,0.12677898489107728,70.42368047856515,410
0.049216919984595243,6.447416517981977,17.226700116587644,0.13150152760753928,70.53057106725198,411
0.05671206142441756,7.4292800465987,14.06282495914965,0.1073498088484706,67.78981493348306,412
0.05219570387842016,6.8376372080730405,3.8770811735639765,0.029596039492854782,69.24706657563438,413
0.05093741059371078,6.6728007877761115,33.92236706832094,0.2589493669337476,70.36926828703652,414
0.04750071929562591,6.2225942277269946,30.310039625039018,0.2313743482827406,71.34826934472945,415
0.04787396124447171,6.271488923025794,34.21987897269888,0.2612204501732739,70.3150500614845,416
0.05465193062750682,7.159402912203393,14.327254612022006,0.10936835581696187,68.61626910225358,417
0.04791775606899696,6.277226045038602,22.38391147715845,0.1708695532607515,68.59773113594522,418
0.05370048855804141,7.034764001103425,28.658061447454802,0.21876382784316642,68.45443837374638,419
0.04868077699150709,6.377181785887428,40.11439322122241,0.30621674214673594,69.54049507027513,420
0.052859124626542846,6.924545326077113,16.850930030767238,0.1286330536699789,69.4056142724188,421
0.057868700333702096,7.580799743714975,16.74427947845162,0.12781892731642458,67.3008892093251,422
0.05796415736989924,7.5933046154568,8.227810479823374,0.06280771358643797,67.8055075946676,423
0.054277822967152584,7.110394808696989,9.733513358035957,0.07430162868729738,68.14638746266108,424
0.05119198316052574,6.706149794028872,28.092407002673,0.21444585498223664,68.35683037508498,425
0.04962863607940383,6.501351326401902,23.118471442985815,0.17647688124416652,69.87753905740477,426
0.05114760622610628,6.7003364156199225,15.404847112038475,0.11759425276365248,68.99077978945094,427
0.04465213520401257,5.849429711725647,32.514619708428405,0.24820320388113287,69.56520612664617,428
0.059824134793118974,7.836961657898586,16.047651665637208,0.12250115775295578,66.90656268120448,429
0.05146301961759936,6.741655569905516,27.455691735967683,0.20958543309898994,69.94212866195431,430
0.061248064878870946,8.023496499132094,7.667138463122885,0.05852777452765561,66.38756563307281,431
0.052922418468227615,6.932836819337818,10.794488661972524,0.08240067680895057,67.82242543584616,432
0.05246521445662182,6.872943093817458,30.00922524833069,0.22907805533076864,68.18270532503367,433
0.05531750664197567,7.246593370098813,27.809550005105702,0.21228664126034888,68.2435179820942,434
0.053268825102369556,6.978216088410412,26.61734185897888,0.20318581571739602,68.04195369384172,435
0.05658389762094079,7.4124905883432435,14.285835367218954,0.10905217837571721,67.93834192068674,436
0.05247669837521199,6.8744474871527705,13.893652231192938,0.10605841397857205,68.80942066176462,437
0.058143013753220736,7.6167348016719165,11.84533523045234,0.09042240633933084,67.01866747343932,438
0.05199248004802842,6.811014886291724,19.358651026753062,0.1477759620362829,69.64873483482762,439
0.0593166654019249,7.770483167652162,25.57766370152281,0.19524934123299853,65.68953442646088,440
0.06032504385945157,7.902580745588155,5.606572917163724,0.042798266543234535,66.42686178112373,441
0.05663579892421577,7.419289659072265,4.029124683786385,0.030756676975468588,67.41401286562792,442
0.04685915075011014,6.138548748264428,27.57353358728941,0.2104849892159497,70.0550712061119,443
0.06055782561018276,7.933075154933942,17.779206735936384,0.13571913538882735,66.66320880057336,444
0.05791460711448197,7.586813531997138,18.483346983161784,0.14109425177986096,66.80445894285081,445
0.05592938379240923,7.326749276805609,16.342697781332642,0.12475341817811178,67.32562927754522,446
0.04628011237338269,6.062694720913132,15.163974749140705,0.11575553243618858,69.93243049391758,447
0.05825273208006163,7.631107902488074,23.958881183874887,0.1828922227776709,66.65404424853347,448
0.04530039166717758,5.934351308400263,32.10162126641833,0.24505054401846052,70.1411065417286,449
0.06256976848540738,8.196639671588366,13.57107950720787,0.10359602677257916,65.932662057185,450
0.05122437790172809,6.71039350512638,29.449608392727225,0.22480617093684904,69.9651989595478,451
0.05932350225216187,7.771378795033205,26.987073713968474,0.2060081962898357,67.56699469026206,452
0.05200513194530851,6.812672284835415,17.717849800353573,0.1352507618347601,69.09171506858469,453
0.04546716504872805,5.956198621383375,31.557032586695275,0.2408933785243914,70.86265227252741,454
0.04877096783497688,6.388996786381971,35.34521234440599,0.2698107812550075,71.37165628618881,455
0.05646393385736314,7.3967753353145715,30.176364025461353,0.2303539238584836,68.20779826887039,456
0.044551515838625814,5.836248574859981,21.770589147256125,0.16618770341416889,70.80633242259731,457
0.05214379830369208,6.830837577783662,18.50505676552875,0.14125997530937975,70.09260943871081,458
0.04962330385595179,6.500652805129684,24.1794824399456,0.18457620183164578,71.0629772497056,459
0.060258066216016405,7.893806674298149,36.973795382450824,0.28224271284313607,66.27086280120156,460
0.053242131908307455,6.9747192799882765,42.86738929688704,0.32723197936554993,68.16202052679071,461
0.04314237024563578,5.6516505021782875,16.063243186092517,0.12262017699307265,70.21259554072319,462
0.04858846046481368,6.365088320890592,34.3399514319437,0.26213703383163134,68.31466919196457,463
0.059802088299836915,7.834073567278636,33.10582232222255,0.25271620093299657,67.26473583789459,464
0.05194743029948861,6.805113369233008,33.25901259604062,0.25388559233618796,69.25526728930578,465
0.05843892245683001,7.655498841844731,21.114381293298642,0.16117848315495148,67.3607654073043,466
0.04481175240463384,5.870339565007033,18.497407355384368,0.14120158286552953,69.89993738871551,467
0.05768415444060037,7.556624231718648,15.41382598109912,0.11766279374884824,67.67582868585568,468
0.048774469596097325,6.3894555170887495,16.75738122310702,0.12791894063440473,69.82138663477234,469
0.05102336886505903,6.684061321322733,34.36226467718662,0.2623073639479895,68.90016750962326,470
0.048975485428569686,6.415788591142629,28.0401477125099,0.214046929103129,69.92776235373282,471
0.052703747049305714,6.904190863459049,19.84207602822062,0.15146622922305816,69.44679166233209,472
0.054619105528238815,7.155102824199285,34.093422208990916,0.2602551313663429,68.83998187862012,473
0.050500076292784496,6.615509994354769,34.02979966904651,0.25976946312249244,70.68342846912036,474
0.05133248995493077,6.72455618409593,29.917927811199476,0.22838112832976698,68.61815978807641,475
0.059237294221152856,7.760085542971024,10.445039517505535,0.07973312608782851,66.50403185321574,476
0.05225945586323269,6.845988718083483,18.716806444120003,0.14287638506961833,69.33349266410092,477
0.0481650596824684,6.30962281840336,21.689102690748744,0.16556566939502856,70.7740798583704,478
0.060145027812161904,7.878998643393209,5.460008666268957,0.04167945546770196,66.28201514897319,479
0.05178146074667192,6.783371357814022,22.53629610654537,0.17203279470645322,69.5125776700826,480
0.05821455401633996,7.626106576140534,17.71418573620559,0.13522279187943198,66.9793198751516,481
0.05887013078160905,7.711987132390785,11.8617158584489,0.09054744930113665,66.89727874723576,482
0.05214484522873819,6.830974724964703,27.647614923025294,0.21105049559561292,67.93240404282697,483
0.05200036522210963,6.812047844096361,26.072568909708025,0.19902724358555743,69.97232446771798,484
0.058467999670569995,7.659307956844669,8.540542748860087,0.06519498281572586,66.49466844506301,485
0.04802168040530924,6.290840133095511,14.671100955283851,0.1119931370632355,70.16296464046977,486
0.0547035696604093,7.1661676255136175,16.903448154195726,0.12903395537553988,68.35357286929057,487
0.05569317814719163,7.295806337282103,24.440833447643172,0.18657124769193262,68.24396078545074,488
0.04852416262839793,6.356665304320129,21.4730789131031,0.16391663292445116,68.50477369915878,489
0.06042334346845207,7.915457994367221,7.106963041604114,0.05425162627178713,66.27731172042897,490
0.05155094435032128,6.753173709892088,22.274867495429838,0.17003715645366288,69.4767038505586,491
0.0529299436532545,6.93382261857634,30.94122345749509,0.23619254547706175,67.98289987057858,492
0.04629414489794277,6.064532981630503,33.410109509765405,0.255039003891339,70.29430256349826,493
0.05240029955167044,6.864439241268828,18.327314602864902,0.13990316490736568,68.67970828525631,494
0.04829404417002374,6.32651978627311,20.87232174434455,0.15933070033850802,70.52890528237135,495
0.04301183307007841,5.634550132180271,30.21831978944197,0.23067419686596924,70.99170194159974,496
0.051433275557010744,6.737759097968407,27.728722882995402,0.21166964032820917,69.51486219339367,497
0.07014840917212514,9.189441601548394,6.7807324848382615,0.051761316678154666,62.72516658322523,498
0.0539963177092597,7.073517619913021,15.914504771352554,0.12148476924696607,68.25851889465022,499
0.06194301724453098,8.114535259033559,12.932624481740804,0.09872232428809774,66.08429392972407,500
0.050738882780286876,6.64679364421758,29.04496190459584,0.2217172664472965,70.4296152810119,501
0.052223422835181985,6.84126839140884,33.468556722761704,0.25548516582260844,68.99484964004472,502
0.050554857487926874,6.6226863309184205,29.761732918972346,0.22718880090818586,69.56593975910275,503
0.05898999854031058,7.727689808780687,25.260314351658764,0.19282682711189897,66.33527350783658,504
0.05478081365789632,7.176286589184418,20.74792927746621,0.15838113952264282,68.4638983583498,505
0.05111486105500039,6.696046798205051,12.984084404912071,0.09911514812909979,67.53713080724974,506
0.04853673296170076,6.3583120179828,43.2334474529092,0.3300263164344214,70.64723948960442,507
0.05720117698070902,7.4933541844728815,14.887330026550762,0.11364374066069284,66.92979185288308,508
0.052008561288553794,6.813121528800547,35.31193342618493,0.2695567437113353,68.47831094191862,509
0.04990836815886656,6.53799622881152,32.89241985294086,0.25108717444993023,68.83107469651381,510
0.052886976750522334,6.928193954318425,23.491300136814136,0.1793229018077415,69.02493013624084,511
0.05873895646861616,7.6948032973887175,24.3401633382514,0.18580277357443817,66.44402812266686,512
0.05224217531439427,6.84372496618565,23.56873578743324,0.17991401364452855,69.61710422039711,513
0.05223412334371778,6.842670158027029,19.613901695889417,0.14972444042663677,67.60713873495676,514
0.05004928006233079,6.556455688165333,33.23988196236117,0.25373955696458905,69.79675579791403,515
0.05262002675269796,6.893223504603433,31.609771034245867,0.2412959620934799,70.59417240937844,516
0.058692859196786996,7.688764554779096,9.75642580477347,0.07447653286086618,67.9590669916739,517
0.05173337202038303,6.7770717346701765,15.744561445028891,0.12018749194678542,67.64379149203151,518
0.04871584516940383,6.381775717191902,21.792949423305473,0.16635839254431659,70.61995151735235,519
0.049044142115231205,6.424782617095288,33.964415323912604,0.2592703459840657,69.1858054522766,520
0.05012149017785501,6.565915213299006,27.428902416656022,0.20938093447829026,69.08463105432322,521
0.0616442190635792,8.075392697328875,30.53944767610244,0.23312555477940794,66.35632357611263,522
0.05662914850545579,7.4184184542147085,6.937330191926421,0.05295671902233909,67.63536958676858,523
0.0491492860650685,6.438556474523973,9.59340477035069,0.07323209748359305,69.91922246115038,524
0.05072323881075106,6.644744284208389,17.513506831195073,0.13369089184118377,69.04356039278721,525
0.060295650809725904,7.898730256074093,11.338241229099323,0.08655145976411696,66.59185216950875,526
0.054558605197973654,7.147177280934549,20.633413977169035,0.15750697692495447,67.84507676159612,527
0.05380905123109493,7.048985711273436,22.89091517983531,0.17473981053309398,68.28985263895099,528
0.05837310889490877,7.646877265233049,25.742860420439506,0.1965103848888512,67.62077241686212,529
0.05340516791485571,6.996076996846098,20.735778942153434,0.15828838887140026,68.66108950646066,530
0.059724697020150555,7.823935309639722,12.29603231595062,0.09386284210649329,65.57950232315025,531
0.0500489415317687,6.5564113406616995,27.68827232115741,0.21136085741341534,69.34153000574418,532
0.056077757070454246,7.346186176229506,27.652388400171237,0.21108693435245218,68.0216523855412,533
0.05449572169128,7.13893954155768,23.621100913999044,0.1803137474351072,67.82896060519302,534
0.05780540302332849,7.5725077960560325,11.691028898573926,0.08924449540896126,67.50081548595088,535
0.048586216563094545,6.364794369765385,23.481922937163443,0.17925132013101866,70.76103300308495,536
0.05010422352245661,6.563653281441816,20.01894191499672,0.15281635049615816,69.80937976108055,537
0.047727371907599854,6.252285719895581,31.689168856723846,0.2419020523414034,69.70466942331983,538
0.05138491571215572,6.7314239582924,33.27936973390657,0.25404099033516464,69.061002138443,539
0.05198309230274588,6.80978509165971,41.46594504141682,0.3165339316138689,68.68248124959078,540
0.05655216202706886,7.40833322554602,24.45197874492608,0.18665632629714565,67.05720661867656,541
0.0584827951716663,7.661246167488286,7.054723454360789,0.05385285079664724,67.20235042358334,542
0.054255948162051294,7.107529209228719,24.2651872768705,0.18523043722801907,68.3754496160171,543
0.049973684492935884,6.546552668574601,27.518809957950722,0.2100672515874101,70.34506299082288,544
0.05335846698134321,6.989959174555961,26.531734253172218,0.20253232254329936,69.03336277931004,545
0.04763192249469209,6.239781846804664,25.532794995037293,0.19490683202318543,70.09742285882085,546
0.05617443824264588,7.3588514097866105,28.830823362419476,0.22008262108717158,66.89954875104718,547
0.055023892737292,7.208129948585253,26.136131808691477,0.19951245655489677,69.16741975101606,548
0.05079638584061325,6.654326545120336,24.124289322210018,0.1841548803222139,69.34032057190707,549
0.050873057438955795,6.664370524503209,32.16621832309095,0.24554365132130498,69.13783484217154,550
0.04909002912973689,6.430793815995532,19.201040937679302,0.14657283158533818,70.47195923961942,551
0.05999421317101933,7.859241925403532,18.298827954584162,0.13968570957697835,66.80467134447547,552
0.0440202223753622,5.766649131172448,31.529966522672424,0.24068676734864447,72.94355936639059,553
0.04514869429067836,5.914478952078865,28.74644552687142,0.21943851547230092,70.74179687471681,554
0.045194920322730356,5.920534562277677,33.12242350526431,0.2528429275211016,72.11982826119103,555
0.05517060288294226,7.227348977665436,20.04294269080041,0.15299956252519395,68.84207459702534,556
0.05128614359158722,6.718484810497926,29.534812285686932,0.22545658233348803,68.70243596201935,557
0.05871178876848874,7.691244328672025,5.321626352828976,0.04062310192999218,67.00571327230976,558
0.052568363478280325,6.8864556156547225,20.591494577029362,0.15718698150404092,68.97262268742432,559
0.05576086054065622,7.304672730825964,21.78471181691332,0.16629551005277343,69.04833958094214,560
0.052885947306226685,6.928059097115696,50.39554724861645,0.3846988339589042,69.83927961538171,561
0.05296425045522729,6.938316809634775,10.61361037613377,0.0810199265353723,68.96264607362022,562
0.046347223728949755,6.0714863084924175,36.43511746422738,0.27813066766585787,69.74754123018225,563
0.05045098167526722,6.609078599460006,23.2066546395177,0.17715003541616567,70.29962288016043,564
0.053671654337089474,7.030986718158721,13.134952211481021,0.10026681077466429,68.9068040428446,565
0.059866858443431224,7.84255845608949,18.651546221624127,0.14237821543224524,67.26226322158237,566
0.050807262878330484,6.655751437061293,19.71253375163874,0.15047735688273847,69.06774993039467,567
0.06682241990916507,8.753737008100623,6.254032356314169,0.047740705010031824,64.47748759257266,568
0.05255413875048957,6.884592176314134,17.99747610454191,0.13738531377512908,69.46701744622247,569
0.04337739958347868,5.682439345435707,43.70021126668758,0.33358939898234796,70.33750811787323,570
0.04931634643713555,6.460441383264756,7.692149124231625,0.05871869560482156,69.55127627963212,571
0.07347531123449665,9.62526577171906,3.2482377200902675,0.024795707786948607,61.44105882850784,572
0.04981928222367713,6.526325971301704,34.7250455784641,0.26507668380506944,69.62117060525645,573
0.05982129069910508,7.8365890815827655,14.893904526238513,0.11369392768121002,66.65744299494689,574
0.04399277002768184,5.763052873626322,36.12186083577775,0.27573939569295997,70.43323338287738,575
0.046217398971930675,6.054479265322918,25.702837074603128,0.19620486316490937,70.85111247626202,576
0.05850200963385054,7.663763262034421,10.021142515518484,0.07649727111082812,65.91506811738692,577
0.052078799488953595,6.822322733052921,24.149827284702617,0.18434982660078333,69.5629370306127,578
0.05598339051368417,7.333824157292627,21.286303867912718,0.16249086922070777,68.33078507060888,579
0.051460027829841874,6.741263645709285,8.237168717093162,0.06287915051216154,69.0712925757025,580
0.049194654354821024,6.444499720481554,21.31903085634311,0.16274069355987109,69.0120761019249,581
0.056024915578491014,7.339263940782323,24.86742834795603,0.18982769731264143,68.6894688454271,582
0.0595830877110429,7.805384490146619,9.210082008357938,0.07030596952944991,66.88823612994202,583
0.04970579220375698,6.511458778692164,9.715604384860635,0.07416491896840179,69.15491453697014,584
0.05556133537719301,7.278534934412284,14.203034386630488,0.10842010982160678,67.26471238128829,585
0.05282869315432564,6.920558803216658,30.13069273196337,0.23000528803025475,69.9203387663852,586
0.061116270319552524,8.00623141186138,15.752596271765603,0.1202488265020275,66.1100255895516,587
0.06184226795537404,8.101337102154,10.511578424000541,0.08024105667175986,64.59886968902033,588
0.047861446795846994,6.269849530255956,26.989073698829355,0.2060234633498424,69.29374783243111,589
0.06282855619210437,8.230540861165672,4.924032035752721,0.03758803080727268,65.0733193430444,590
0.054170685344766586,7.0963597801644225,17.8860536321903,0.136534760551071,69.42717915837717,591
0.05360974179975229,7.02287617576755,22.651944324609588,0.1729156055313709,69.04759650221932,592
0.05495024442593569,7.198482019797575,25.663771783281774,0.19590665483421202,68.56977241103652,593
0.05332483418776391,6.985553278597072,40.693242840977874,0.31063544153418227,68.78532924384712,594
0.05249823283705728,6.8772685016545045,27.704027598804345,0.2114811267084301,69.20626192058424,595
0.0484848685398669,6.351517778722564,41.320259361585016,0.31542182718767187,69.7276447861942,596
0.055992190753714324,7.334976988736576,19.73782213172721,0.15067039795211612,68.2426354384812,597
0.0515708797088776,6.755785241862966,27.739036285267215,0.21174836858982607,68.82983583234184,598
0.050459042606677884,6.610134581474803,17.38338383166684,0.13269758650127358,68.9845019881245,599
0.05347770231268286,7.005579002961455,21.413468803331636,0.1634615939185621,68.97268266346403,600
0.050953065713690696,6.674851608493481,39.891479325674844,0.3045151093562965,69.54295710432599,601
0.05466861038861062,7.161587960907991,18.75542581763891,0.14317118944762525,67.28356451102445,602
0.05067983159333367,6.639057938726711,15.896104141046253,0.1213443064202004,70.47100747285333,603
0.05348052697154312,7.005949033272149,28.27531402255536,0.21584209177523175,68.42287801883951,604
0.05045078269847971,6.609052533500842,27.29975738856887,0.20839509456922803,69.41240903479327,605
0.05594997193529502,7.329446323523648,29.79238333479101,0.22742277354802296,67.88770611337848,606
0.05236702147069543,6.860079812661101,41.19493808830583,0.3144651762466094,68.45137481157074,607
0.06203084800404153,8.12604108852944,11.21060213859359,0.08557711556178313,64.98575562668097,608
0.0529957049310482,6.942437345967314,28.948816508981178,0.2209833321296273,69.96904111873172,609
0.05502650092356497,7.2084716209870106,22.691494417472818,0.1732175146371971,68.37029529122637,610
0.04840348230701268,6.340856182218661,27.60492221801335,0.21072459708407137,69.43548986939538,611
0.05866777847058133,7.685478979646154,18.533282326389518,0.14147543760602685,67.54888891807349,612
0.04495863374794272,5.889581020980496,33.79186102196917,0.2579531375722837,70.63734852824088,613
0.05315105014804201,6.962787569393503,23.001668564275068,0.1755852562158402,68.26883994165772,614
0.05117769851616359,6.70427850561743,22.443773164487478,0.1713265127060113,70.7941848060827,615
0.05223630827351978,6.842956383831091,16.674158428263095,0.12728365212414575,69.01186920338456,616
0.04822982935351918,6.318107645311013,22.91026289801253,0.1748875030382636,69.7704174240978,617
0.05871527806704679,7.691701426783129,15.328770075754841,0.1170135120286629,67.72708392981525,618
0.052532108660896616,6.8817062345774564,36.82758406588263,0.2811265959227682,68.3335250846377,619
0.05594819916435549,7.329214090530569,17.202587163428543,0.1313174592628133,68.60418143581126,620
0.0510201665250983,6.683641814787877,50.22721443914329,0.3834138506804831,68.97190020135888,621
0.05975207560766022,7.827521904603489,15.594974675058133,0.11904560820655063,66.42196719205918,622
0.05659027250058566,7.413325697576721,15.1104291023744,0.11534678704102595,68.52897987244081,623
0.05161217163166227,6.761194483747757,30.54333971712824,0.23315526501624612,69.79089475947102,624
0.05243102918673399,6.868464823462153,16.166006696605628,0.12340463127179868,68.26291250916466,625
0.04838748677850702,6.33876076798442,31.65598863085354,0.2416487681744545,70.7394630659956,626
0.04929376536871786,6.45748326330204,32.22359679553731,0.24598165492776575,70.54381660897877,627
0.05486855067971219,7.187780139042297,16.226827185445153,0.12386890981255842,67.73463594772646,628
0.048682189347595675,6.377366804535034,37.17397682280114,0.28377081544123006,69.88215107509653,629
0.052185951631545956,6.83635966373252,24.817458527725965,0.18944624830325163,69.46109635996824,630
0.053277137013212676,6.979304948730861,23.662318761722368,0.18062838749406387,69.0622058327474,631
0.05177542681657689,6.782580912971572,45.8665230575152,0.3501261302100397,69.06350588456475,632
0.0464078643931149,6.0794302354980525,27.08325748463263,0.20674242354681396,70.7409011247799,633
0.056850400072772596,7.44740240953321,12.631578966074253,0.09642426691659735,67.80706606085147,634
0.05157271198800233,6.756025270428306,28.129924565779557,0.21473224859373707,69.89888700255868,635
0.055069449585027186,7.214097895638561,15.40314016485807,0.11758122263250435,67.7023471300798,636
0.053465179413039965,7.003938503108236,19.252829313553363,0.14696816269888063,68.55711945172528,637
0.04790568376526802,6.27564457325011,25.72830006758637,0.19639923715714788,70.61856605096179,638
0.05633554305189512,7.379956139798261,28.99402912111283,0.2213284665733804,67.86759313356777,639
0.051998797250474356,6.811842439812141,18.597523928020514,0.141965831511607,68.28947687739556,640
0.05190811565440417,6.799963150726946,18.9092998545355,0.14434580041630155,68.76997262619557,641
0.05178259333246892,6.783519726553429,25.28678447994244,0.19302888915986596,69.29772950585613,642
0.05323729007015283,6.97408499919002,18.727708119457635,0.14295960396532545,68.3360696551011,643
0.046591109650889265,6.103435364266494,20.30364147374445,0.1549896295705683,69.68208657804477,644
0.0500918009768362,6.562025927965542,26.398101255617853,0.20151222332532712,69.63421017537944,645
0.050818311340497274,6.657198785605143,19.74018069373136,0.15068840224222413,70.39777396174932,646
0.05850388012609222,7.664008296518081,22.589796576749222,0.17244119524236048,66.7786606244285,647
0.058527404612747996,7.667090004269988,28.524729247494264,0.21774602479003255,66.57804619974871,648
0.048891977920104114,6.404849107533639,19.105613092609612,0.14584437475274514,69.4522886171743,649
0.04805207293024102,6.294821553861573,30.140135829658043,0.23007737274548123,70.06811727635984,650
0.04742915556465865,6.213219378970282,34.66001758690292,0.264580286922923,68.85640978525188,651
0.05335477133127399,6.989475044396893,22.35518326649804,0.17065025394273314,69.37771485735854,652
0.04925275075913355,6.452110349446495,32.421687925528715,0.24749380095823448,68.70667832304792,653
0.058010678094530144,7.599398830383449,36.57459953028633,0.27919541626172767,67.57783285304025,654
0.04851754498108101,6.355798392521613,35.17378902114989,0.2685022062683197,70.48435859590079,655
0.052653064599523736,6.897551462537609,29.32819944404691,0.22387938506906038,68.52728357339572,656
0.05236798909054193,6.860206570860993,29.81336052795134,0.22758290479352167,68.97057402334706,657
0.0498057036485533,6.524547177960482,20.965499296445408,0.16004197936217868,69.28124304014231,658
0.057516079448025954,7.5346064076914,4.044850113612208,0.03087671842452067,66.5888947227652,659
0.06553572806873902,8.58518037700481,14.304428755538257,0.10919411263769663,64.21522088791939,660
0.0536438394984122,7.027342974291998,18.854341380569107,0.1439262700806802,67.68724204599432,661
0.04603578013657849,6.030687197891782,27.76021460976685,0.21191003518905993,70.85795307309616,662
0.04796965621212728,6.284024963788673,12.059551221037717,0.09205764290868486,70.56770242366063,663
0.05048842292451022,6.613983403110839,21.42409814783638,0.16354273395294947,69.65934564995268,664
0.051945563117784525,6.804868768429773,34.40504924595314,0.26263396370956593,68.2183411319346,665
0.05074884821270301,6.648099115864094,26.690536370802295,0.2037445524488725,68.88274353119249,666
0.05650285769152884,7.401874357590278,14.266328099977171,0.10890326793875703,66.48354444636816,667
0.04509908385639022,5.907979985187119,36.10068878116946,0.27557777695549207,71.4298056406974,668
0.04505841536607544,5.902652412955883,44.93102116518509,0.3429848943907259,70.62299300757881,669
0.04786465094789733,6.2702692741745505,23.26117517704806,0.1775662227255577,70.95247780832491,670
0.05698798039667198,7.46542543196403,32.485591020398196,0.24798161084273432,68.84399369704832,671
0.06735014610486177,8.822869139736891,4.039289077686669,0.030834267768600526,63.69012111929083,672
0.05582018750810912,7.312444563562295,17.281931404317845,0.13192314049097592,68.63440560834255,673
0.05678815452125529,7.439248242284443,23.70487827809747,0.18095326929845398,66.7923888446361,674
0.05003525036846235,6.554617798268567,32.3397895989291,0.24686862289258857,68.84697348570323,675
0.04714618553447164,6.176150305015785,47.06657715996452,0.35928684854934745,70.56091071381455,676
0.05123990297753046,6.712427290056491,27.42911264192072,0.2093825392513032,69.666033345675,677
0.05248367965533354,6.875362034848694,13.53951171321186,0.10335505124589206,67.95562975869737,678
0.05175730230835139,6.780206602394032,9.335170402705707,0.07126084276874585,68.55914944813357,679
0.04913795977469262,6.437072730484733,22.38163985329686,0.17085221262058672,70.33149636229898,680
0.04854386601532942,6.359246448008155,24.85362530362477,0.18972233056202115,70.43515649944464,681
0.05629692141248717,7.374896705035819,18.21286826568242,0.13902952874566732,67.86735870898113,682
0.05468011675027089,7.163095294285486,25.103685647485463,0.191631188148744,68.07821339235095,683
0.054061918186777524,7.082111282467856,14.45608940629752,0.1103518275289887,68.78376637620836,684
0.07165663130601635,9.387018701088142,4.096819325924846,0.03127342996889196,61.64031425121795,685
0.049193649651491374,6.4443681043453696,29.183355545903748,0.2227737064572805,70.76496473002526,686
0.04923827338630445,6.450213813605884,20.77793980923217,0.1586102275513906,70.06476515089838,687
0.0463351157895054,6.069900168425208,21.40557901977769,0.16340136656318846,69.3057397135607,688
0.047005000025683384,6.157655003364523,22.21736361878859,0.16959819556327166,69.42584689246449,689
0.05587991057302518,7.320268285066299,17.285348131523207,0.13194922237803974,67.63910864819226,690
0.052071513032261374,6.82136820722624,24.791310845917515,0.18924664767875965,69.31194805703319,691
0.047524316978935735,6.225685524240581,28.090398028170835,0.214430519299014,70.80936574675417,692
0.04996319923033828,6.545179099174315,22.04414604310083,0.16827592399313612,69.15874840309155,693
0.04739695031468764,6.209000491224081,34.21845249342727,0.26120956101852877,70.66000237938567,694
0.05053492407034488,6.620075053215179,39.49043309781423,0.3014536877695743,70.687246953444,695
0.06512160441757943,8.530930178702905,13.697423442766992,0.10456048429593123,63.31250647409188,696
0.0564434810745711,7.3940960207688144,22.98830578252381,0.17548325024827335,67.7534065576359,697
0.05303136787227467,6.947109191267982,23.15126912070857,0.17672724519624863,69.02807880008915,698
0.04399366717824704,5.763170400350362,20.41207609899594,0.1558173748014957,72.03914211090148,699
0.056562913244309836,7.409741635004589,20.332867584305454,0.15521272965118668,68.13976370283271,700
0.052566360368240646,6.886193208239525,22.958951268164384,0.17525916998598767,68.97458711703307,701
0.04390752405037442,5.75188565059905,40.75732227947932,0.31112459755327726,70.8748111017978,702
0.05514631090432079,7.224166728466023,20.447687891272192,0.15608922054406255,67.06007797749564,703
0.05251958905110202,6.880066165694364,23.39963530912663,0.17862317029867655,69.99020913958665,704
0.05707280398549383,7.476537322099692,33.968636651537096,0.2593025698590618,67.33801165996904,705
0.04916682346832647,6.440853874350768,38.17460680687297,0.2914092122662059,70.17152935780948,706
0.054317472221896965,7.1155888610685025,24.03501913146347,0.18347342848445397,68.4135793229505,707
0.057431433521790955,7.523517791354615,16.583446417429688,0.12659119402618083,68.54672131807256,708
0.04786250806687894,6.269988556761141,17.458499012258308,0.1332709848263993,70.7688065713557,709
0.0449764771771027,5.891918510200454,25.398870483733404,0.1938845075094153,71.0457315210417,710
0.05101467326241106,6.6829221973758495,19.35169432783795,0.14772285746441183,69.49219427720519,711
0.057514548462906434,7.534405848640743,13.748276174862264,0.10494867309055163,67.69455152125498,712
0.05305519278072049,6.950230254274384,31.029091145751792,0.23686329118894497,67.9716888544249,713
0.046626113410178846,6.108020856733429,24.355981561448424,0.1859235233698353,70.06241500720435,714
0.05136788202546209,6.7291925453355335,23.284619151533818,0.17774518436285358,68.74901390364883,715
0.052288711623823876,6.849821222720927,27.368388288084024,0.2089189945655269,67.7944900812324,716
0.049162924548638534,6.440343115871648,32.02606050862738,0.24447374434066704,70.77250438362476,717
0.07010256787740575,9.183436391940154,5.478885317652849,0.04182355204315152,62.61336043388753,718
0.05174117862849472,6.778094400332808,32.16151387683493,0.2455077395178239,69.60005140661835,719
0.05073249687993165,6.645957091271046,7.1846314168244705,0.05484451463224787,69.11964807574064,720
0.05833175008858232,7.641459261604283,17.7757415438191,0.13569268354060382,67.49944943576743,721
0.059223156942400615,7.758233559454481,28.48125117295359,0.2174141310912488,66.05189061396003,722
0.053568818229988775,7.017515188128529,35.42214449719795,0.2703980495969309,68.3584575803319,723
0.06186612632977405,8.1044625492004,5.078800787003105,0.03876947165651225,65.21340402062394,724
0.05447811834502423,7.1366335031981745,32.0127800639435,0.24437236690033207,68.21293019336926,725
0.05156781681778126,6.755384003129345,37.61593214006917,0.28714452015319974,69.36717517130067,726
0.056996708339952525,7.4665687925337805,27.122650178310774,0.20704313113214332,66.66282076186457,727
0.04604165787024631,6.031457181002267,24.911586326254632,0.19016478111644758,71.15915969417433,728
0.05564425251014396,7.289397078828859,30.742636318660683,0.23467661311954718,68.67388566464807,729
0.0486040583551757,6.367131644528016,26.292828344890893,0.2007086133197778,69.88683765967971,730
0.05195238617522238,6.805762588954132,14.605028206003972,0.11148876493132803,68.24907691784179,731
0.05173795355329806,6.777671915482046,17.68051696596201,0.13496577836612222,68.8306622807673,732
0.045482555312395596,5.958214745923823,31.812603186101764,0.2428442991305478,70.2232970987202,733
0.05133368602922342,6.724712869828267,31.496390614204557,0.24043046270385157,68.91619382447806,734
0.05055944698868341,6.623287555517527,34.379370483633465,0.26243794262315623,69.33806271767492,735
0.044860095050379786,5.876672451599752,33.25288564093268,0.253838821686509,70.72855640752512,736
0.05519930685043072,7.2311091974064245,11.338710786435684,0.08655504417126476,67.94749903055651,737
0.049960722540787046,6.544854652843103,19.303568812109567,0.14735548711534022,69.93477293761784,738
0.049624655770604494,6.500829905949189,13.588708128800384,0.10373059640305637,69.80249929953528,739
0.056546949470832504,7.407650380679058,23.13796884422528,0.1766257163681319,67.65983008499938,740
0.047895451660998185,6.2743041675907625,31.12729592459918,0.23761294598930674,70.17536259936735,741
0.046319607956035375,6.067868642240634,34.18623857491857,0.2609636532436532,70.40809358366121,742
0.05299514973492522,6.9423646152752045,28.645305292468343,0.21866645261426215,68.82260201521518,743
0.05368959259443519,7.03333662987101,29.285469891387407,0.22355320527776648,67.76517822960861,744
0.0501988531494073,6.576049762572357,16.16892727675184,0.12342692577673162,69.47692163984368,745
0.04986490361223837,6.532302373203227,21.29832323208206,0.16258262009222946,69.97402383233232,746
0.05257930453214521,6.887888893711023,30.55362495423761,0.23323377827662298,68.9891107866039,747
0.056161810144967135,7.357197128990695,35.45074212155211,0.2706163520729169,67.63174158437569,748
0.04812409107877107,6.30425593131901,25.614990951216615,0.19553428207035584,69.94177019170363,749
0.05612199522175621,7.351981374050064,36.28342431236643,0.27697270467455287,67.86316023648322,750
0.048389806328636514,6.339064629051383,44.24501967052514,0.3377482417597339,69.04898835918462,751
0.047397016153475614,6.209009116105306,17.296259100828944,0.1320325122200683,70.86706122200228,752
0.05196308453107615,6.807164073570975,21.886319658849622,0.1670711424339666,69.25682309571083,753
0.053529575755721995,7.0123744239995816,34.72065963331069,0.2650432033077152,69.445488642132,754
0.055550387530179615,7.27710076645353,18.27186487045729,0.13947988450730756,67.06121317662561,755
0.04557657884968054,5.97053182930815,32.29387391672061,0.246518121501684,70.75312266859939,756
0.052564217235425155,6.885912457840695,13.205041666686219,0.10080184478386427,68.85974939094169,757
0.0537988466435918,7.047648910310526,32.35622214885739,0.24699406220501827,68.82473110919,758
0.05343059835426746,6.999408384409037,36.99786473839386,0.28242644838468595,69.30007762305813,759
0.0559062192455767,7.323714721170547,17.577047059970386,0.13417593175549913,67.59667882702101,760
0.04996006359098918,6.544768330419583,22.47117220240244,0.1715356656671942,69.19133160869772,761
0.04852041781290596,6.356174733490681,16.83077309815268,0.12847918395536398,70.02553505457227,762
0.05185835480787878,6.79344447983212,15.786945877543461,0.12051103723315619,69.41711936578321,763
0.0437954663290374,5.737206089103899,32.489007653880336,0.24800769201435371,72.16508733205757,764
0.05062266839921841,6.631569560297612,13.80614726056741,0.10539043710356802,69.0483265536088,765
0.05686088609165213,7.448776078006429,13.348689929073798,0.10189839640514349,68.48934997483717,766
0.049587960129645246,6.496022776983527,12.544700499527528,0.09576107251547732,70.13855296320416,767
0.0511138956109793,6.695920325038289,38.398967960288026,0.29312189282662615,68.53297025899754,768
0.05247223863921201,6.873863261736773,29.68548924695218,0.22660678814467314,69.64733422943218,769
0.05587423155626558,7.319524333870791,31.070575710770132,0.23717996725778728,68.03537202272256,770
0.06600287849287555,8.646377082566696,6.5484389934809615,0.049988083919702,63.59530555810153,771
0.057525706410894994,7.535867539827244,27.627031049927833,0.21089336679334222,66.8213811435033,772
0.054941444881254506,7.19732927944434,14.836830046241568,0.11325824462779822,67.57888122116648,773
0.058546397730593655,7.669578102707769,10.040884180899123,0.0766479708465582,66.4101489023747,774
0.050636197112242425,6.633341821703757,18.825322451348097,0.14370475153700837,67.86605778420973,775
0.05443681604753943,7.131222902227665,24.09410014373378,0.18392442857812044,69.20874930632182,776
0.05838145276268468,7.647970311911693,32.15312221012977,0.24544368099335703,68.26644225863738,777
0.053730667167578836,7.038717398952827,22.40905397753669,0.17106148074455488,68.58526722848872,778
0.04570401738145482,5.987226276970581,34.22443425398433,0.26125522331285744,69.47172055078212,779
0.04951034962188864,6.485855800467411,35.274120591982005,0.26926809612200003,69.31850071641949,780
0.051887484488915,6.797260468047865,35.65879192869891,0.27220451853968636,68.6105839431196,781
0.06128311527728006,8.028088101323688,13.02178065969664,0.09940290579921099,65.24932711458293,782
0.053719129629842745,7.037205981509399,15.239744538811648,0.11633392777718815,67.66055969912556,783
0.05810435272471131,7.611670206937181,7.226978341579214,0.055167773599841326,66.99474071627061,784
0.050833211571133664,6.65915071581851,24.99853228043412,0.19082849069033678,69.04595875299984,785
0.05032277290909273,6.592283251091148,25.765658565986413,0.19668441653424742,68.69407753595434,786
0.05461946919619645,7.155150464701735,16.701082311556707,0.12748917795081455,68.42249700326008,787
0.05178714489585244,6.78411598135667,25.939512879874425,0.19801154870133147,69.0349296865971,788
0.060086889676745456,7.8713825476536545,19.433318710362897,0.14834594435391524,66.52284602627164,789
0.053951382085728236,7.067631053230399,20.924970944532703,0.15973260263002062,68.56987953078308,790
0.05010333768967162,6.563537237346982,33.740743536866944,0.2575629277623431,69.87917955086697,791
0.04534949428049582,5.940783750744952,29.218038882326837,0.22303846475058656,71.33002228542384,792
0.0584595588863391,7.658202214110422,20.642342711500255,0.15757513520229202,67.166552775474,793
0.051595127530058266,6.758961706437633,20.952893599923033,0.1599457526711682,69.75913856063318,794
0.05898610054446705,7.727179171325183,6.4646676006174095,0.04934860763830084,66.54811411253895,795
0.05314028849600143,6.9613777929761875,15.199464741286599,0.11602644840676793,67.45663319175227,796
0.07462937867464696,9.776448606378752,2.7427827763621764,0.020937273102001348,60.79946535886508,797
0.04729107731229814,6.195131127911056,36.47458701474301,0.2784319619446031,70.29417273798018,798
0.05148396025888518,6.744398793913959,27.54860806735689,0.21029471807142666,69.35364633398575,799
0.062470241621721746,8.18360165244555,8.051712392149508,0.061463453375187084,64.31000224114854,800
0.04846294173627387,6.348645367451877,23.625045761273512,0.18034386077308023,71.50482674412959,801
0.05211240043918618,6.826724457533389,28.376761990681658,0.21661650374566152,69.27138810943802,802
0.05481246225384442,7.180432555253619,23.61174892081369,0.1802423581741503,67.97841020527166,803
0.047952150418005005,6.281731704758656,33.06938571945965,0.2524380589271729,68.87379733618275,804
0.045255307558437305,5.928445290155287,38.19109556242974,0.2915350806292346,69.9566049765271,805
0.04980272766219276,6.524157323747251,14.723156525719938,0.11239050782992319,69.9391704105223,806
0.04790708071711906,6.275827573942597,18.608548282300447,0.14204998688778966,71.30406515189809,807
0.04761915968411507,6.238109918619075,27.683250068755797,0.21132251960882287,70.93405701734923,808
0.05274619367270518,6.909751371124378,19.240532120296077,0.14687429099462654,68.03742932783528,809
0.04877116128178352,6.389022127913641,20.67336508042902,0.15781194717884747,68.87258107694662,810
0.059949660847114394,7.853405570971986,22.44793635245717,0.17135829276684864,66.24879060114061,811
0.053544800707141925,7.014368892635592,13.535969490787071,0.10332801138005397,68.72092350692942,812
0.05702183372328898,7.469860217750856,25.18479802467841,0.19225036660059855,66.86248197729748,813
0.0535335455331304,7.012894464840083,28.600923444814008,0.2183276598840764,68.751002456213,814
0.05204522426022837,6.817924378089916,18.985043907240964,0.14492399929191577,68.83923700848939,815
0.0518708499443559,6.795081342710623,18.609335508901847,0.14205599625115914,68.66121302885558,816
0.05168282481718991,6.770450051051878,23.129084658508372,0.17655789815655246,69.13995410607303,817
0.04822352279666651,6.317281486363313,23.398627565336145,0.17861547759798585,69.94521109350706,818
0.048848613148106894,6.399168322402003,35.39371264151319,0.27018101253063503,70.74868084968843,819
0.05166980562601566,6.768744537008052,33.066320376859956,0.2524146593653432,68.5842354663321,820
0.058943286705540825,7.721570558425848,6.089187346684796,0.04648234615789921,66.34779895010247,821
0.05074436371407636,6.647511646544003,28.376711678170658,0.21661611968069205,69.21221818172697,822
0.05022689341771392,6.579723037720524,30.93740654841036,0.2361634087664913,69.92941159672976,823
0.0483220607573243,6.330189959209483,24.609803506414288,0.18786109546881136,70.32597813727587,824
0.04753513073288575,6.227102126008033,30.166715892635175,0.23028027398958148,69.02638694202072,825
0.057906406325796016,7.585739228679278,9.343708030298382,0.07132601549846093,66.63248533264787,826
0.054068475122478775,7.08297024104472,16.475107398192026,0.12576417861215286,68.32198192051135,827
0.051897098381709264,6.798519888003914,29.005913067134625,0.22141918371858493,69.87476833455005,828
0.05018580275218152,6.574340160535779,37.965702185434324,0.2898145204994987,68.99748747597688,829
0.056437593907789685,7.393324801920449,27.88494234508335,0.21286215530597977,68.01233911890758,830
0.05666050868083891,7.422526637189898,13.571722100719922,0.10360093206656429,67.46881958389861,831
0.05500699739310699,7.205916658497016,11.59299319436456,0.0884961312546913,67.68663266305414,832
0.04952911627101604,6.488314231503101,20.404785191069422,0.1557617190157971,69.59164379111589,833
0.057712973644073705,7.560399547373655,17.768891192018966,0.13564039077877074,67.57837129804538,834
0.045678750993609206,5.983916380162806,28.02419795063444,0.21392517519568277,70.57934052280756,835
0.04903558458273272,6.423661580337987,27.896403146400353,0.212949642338934,70.2845766572281,836
0.0482967231054839,6.326870726818391,36.57107264365095,0.27916849346298434,68.9495806680789,837
0.05357087307054857,7.017784372241863,24.06106192943798,0.1836722284689922,67.52243611907922,838
0.052493284479392464,6.876620266800413,27.73142598352792,0.21169027468341925,69.52598593720482,839
0.048646776514236933,6.372727723365038,34.189431402340965,0.26098802597206844,68.78187472367405,840
0.05671551012739605,7.429731826688882,18.34594711740701,0.14004539784280162,68.13202343571236,841
0.04430912657007994,5.804495580680472,25.80589259498703,0.19699154652661854,71.28538395019693,842
0.044849847486101796,5.8753300206793355,41.1205789877541,0.31389754952484045,71.17062561941741,843
0.04574646960678196,5.992787518488437,30.876938918126836,0.23570182380249494,70.77127118589567,844
0.046755884068337444,6.125020812952205,30.556109544683963,0.23325274461590811,71.7131402477707,845
0.057466597100917415,7.528124220220182,33.355066003479266,0.2546188244540402,67.9154324626201,846
0.055520552167346617,7.273192333922407,22.077380542524654,0.16852962246202027,67.81804172872815,847
0.04867626251371704,6.376590389296932,26.591075637207933,0.20298531020769414,68.3522189170653,848
0.05123209246738073,6.711404113226876,23.080604363014224,0.17618781956499407,69.09640690715807,849
0.056101810377205845,7.349337159413966,28.63596520954758,0.2185951542713556,67.84060927949513,850
0.05378769228898937,7.046187689857608,25.21705849724649,0.19249662974997322,67.5273518002811,851
0.048718373147719624,6.3821068823512705,35.00586883787261,0.2672203728081879,70.2067983068049,852
0.06251694222005671,8.189719430827429,20.093620973827804,0.1533864196475405,65.64058042851653,853
0.04985201468990989,6.530613924378196,25.781103301152186,0.1968023152759709,71.53778050727662,854
0.05720999706020034,7.494509614886245,26.651244370688246,0.20344461351670418,67.55387755666348,855
0.04785186579786565,6.2685944195204,39.25020180622035,0.2996198611161859,70.56027723791078,856
0.05103547203046446,6.685646835990845,32.152847119442384,0.2454415810644457,69.5391795216183,857
0.045358323899010254,5.941940430770344,24.79729895427309,0.18929235842956557,69.35639132906718,858
0.05461365972466099,7.15438942393059,34.32124741195458,0.2619942550530884,68.31671398845097,859
0.05570894144672439,7.297871329520896,28.60708339373344,0.21837468239491176,68.10083899579867,860
0.0536559700986494,7.028932082923071,44.25725728927389,0.33784165869674726,68.09594284374694,861
0.06109287977931682,8.003167251090504,17.63027978441927,0.13458228843068143,65.98982567583317,862
0.04799038606564725,6.286740574599789,27.570842704969277,0.21046444812953646,69.34157084517422,863
0.053646431256343066,7.027682494580942,11.261186290197207,0.08596325412364281,67.87698526121284,864
0.04881934239629819,6.395333853915063,13.19488011693311,0.10072427570177947,69.0421907090227,865
0.048938358676243736,6.410924986587929,21.76699693475001,0.16616028194465657,68.6532984718873,866
0.04673894788336014,6.122802172720178,30.74725916558762,0.23471190202738643,71.23921243389827,867
0.04919994867971668,6.445193277042885,33.34291833610596,0.2545260941687478,69.70262031241334,868
0.05130281716795529,6.720669049002143,35.24227016269217,0.26902496307398605,70.01329208220893,869
0.046092225579229686,6.038081550879089,23.833343735217348,0.18193392164288053,71.54707069360968,870
0.055699453322035256,7.296628385186619,19.65002173903495,0.1500001659468317,69.11051291942002,871
0.04804364269379512,6.293717192887161,18.801110712898797,0.14351992910609768,70.43939873864335,872
0.048898404980772435,6.405691052481189,22.39944237060442,0.17098810969927036,67.35013351633926,873
0.04620963829862508,6.0534626171198855,25.332360462000462,0.19337679741985087,70.08461220622306,874
0.06581357604768463,8.621578462246687,5.396582518110847,0.04119528639779273,63.76987407138694,875
0.049650096759106484,6.50416267544295,33.637702648373434,0.2567763560944537,70.09993622254618,876
0.05261201915086393,6.8921745087631745,30.564521741989733,0.23331695986251705,69.3939592545478,877
0.04809242045371201,6.300107079436273,40.76361544063756,0.31117263695143177,70.14685613515189,878
0.057923640081676706,7.587996850699648,5.029061143143346,0.03838977971865149,66.7208952061073,879
0.06287364578588968,8.236447597951548,4.596099813076031,0.03508473139752696,64.84002582465229,880
0.05949751388405225,7.794174318810844,5.58707873581051,0.042649455998553513,67.23989742242264,881
0.044262234451800775,5.798352713185902,28.590556779485645,0.21824852503424155,70.49707136529715,882
0.05169804854046596,6.772444358801041,14.99082682246473,0.1144337925378987,68.94668777236473,883
0.04737451732129175,6.206061769089219,46.41811009208153,0.35433671826016433,70.16434115155863,884
0.05022737229982133,6.579785771276594,25.061157566732863,0.19130654631093788,69.00872064544454,885
0.05496644602170678,7.2006044288435875,14.07706508696321,0.10745851211422297,68.25283835288054,886
0.05210452657307104,6.825692981072306,23.341443534346503,0.17817895827745422,69.45698624058531,887
0.051722687673573096,6.775672085238075,37.67148777507993,0.2875686089700758,69.01003931541214,888
0.058374033895505134,7.646998440311172,29.043188885321545,0.22170373194901943,66.03690977852642,889
0.050543863243145436,6.621246084852052,42.881716747316325,0.32734134921615515,69.20998606204411,890
0.055616852553295834,7.285807684481754,22.140786553101417,0.16901363780993447,66.83984934144382,891
0.05684824049057191,7.44711950426492,11.174033865127267,0.08529796843608602,67.04370426093759,892
0.05633237772412337,7.379541481860161,15.70393250171673,0.11987734734134908,67.66651691538864,893
0.04865021416590122,6.37317805573306,33.285571886605844,0.25408833501225836,70.76225653215545,894
0.05803970170598287,7.603200923483755,18.131537117898745,0.1384086802893034,67.56836051272074,895
0.044150293224229045,5.783688412374005,37.252346361199194,0.28436905619236025,70.76670733928788,896
0.049870015181109464,6.53297198872534,35.48451961379883,0.27087419552518194,69.3895152286671,897
0.04674337226126954,6.123381766226309,30.87194609934541,0.23566371068202605,71.18824058915409,898
0.049332883197107075,6.462607698821027,34.69602577785414,0.2648551586095736,69.75000084521642,899
0.07330876640202777,9.603448398665638,4.114273053007744,0.03140666452677667,60.37291338557818,900
0.052160945905477284,6.833083913617524,19.465512011641323,0.1485916947453536,68.91911909791219,901
0.052520123231461234,6.880136143321422,25.86613036454062,0.19745137682855435,68.66085029253196,902
0.04915554458809549,6.439376341040509,34.76554025161148,0.2653858034474159,70.28751420550375,903
0.059170017324224694,7.751272269473435,9.181637380198893,0.07008883496335033,65.93016933559399,904
0.05739121722480483,7.518249456449433,26.160189810726617,0.19969610542539404,67.85578542945845,905
0.05217658350220289,6.835132438788579,20.147915389779776,0.15380088083801355,67.94220367159177,906
0.05779893215216789,7.571660111933993,16.312286480421896,0.12452127084291524,68.1504872435471,907
0.053717142890308586,7.036945718630425,21.165182915337027,0.16156628179646584,67.88033002588998,908
0.05067446088531672,6.6383543759764905,27.312698387095416,0.20849388081752226,69.20010644046721,909
0.04886796761681268,6.401703757802461,29.427469408171895,0.2246371710547473,70.2455876976157,910
0.05367264684407121,7.031116736573329,30.84921544967517,0.23549019427232956,68.70720748125757,911
0.04459873613662715,5.842434433898156,30.2406528827982,0.23084467849464277,70.81584067331247,912
0.05414479683281154,7.092968385098311,11.995274292259113,0.09156697933022223,69.31448187638078,913
0.05269761623025705,6.903387726163674,11.246111983524084,0.08584818308033652,68.05561438567238,914
0.05783239708799255,7.576044018527024,11.88650168333325,0.09073665407124619,67.61304231458725,915
0.0483827932459951,6.338145915225358,32.42598697975349,0.24752661816605717,70.98447434274034,916
0.04918230801561794,6.44288235004595,28.747401034565538,0.21944580942416442,69.44843513019829,917
0.05630715756382164,7.3762376408606345,16.394413198574494,0.12514819235553049,68.32318374429799,918
0.04774319485731983,6.254358526308898,39.4595011345659,0.30121756591271676,70.31719979878807,919
0.05701891852461547,7.4694783267246265,28.09898845138054,0.2144960950487064,67.73857127732083,920
0.04743710525210605,6.214260788025893,25.386588585270076,0.19379075255931355,70.11410475892201,921
0.057809270401064525,7.573014422539453,7.272319023856718,0.05551388567829556,66.68086871491596,922
0.05604753996836333,7.342227735855596,28.4013285594859,0.21680403480523588,68.43190367397739,923
0.07576908172922803,9.925749706528872,3.178541741970496,0.02426367741962211,60.11550233331346,924
0.059411098499503365,7.78285390343494,10.355191019767393,0.07904725969288086,66.48217792394524,925
0.056394892592917384,7.387730929672177,15.167206404411244,0.11578020156039118,67.4082656213662,926
0.05160175484531859,6.759829884736735,13.945050907774553,0.10645077028835537,69.98619021676673,927
0.055026475245751105,7.2084682571933945,12.429725600260818,0.09488340152870854,66.90161433420198,928
0.0679692392719583,8.903970344626538,4.700095054773773,0.035878588204379946,63.96472246694103,929
0.05701172902903904,7.468536502804114,18.871435036841827,0.14405675600642617,68.27790169081484,930
0.053605404860137935,7.022308036678069,13.874400455862283,0.10591145386154414,66.52287656715174,931
0.055586444643025236,7.281824248236306,11.316274117392048,0.08638377188848892,67.62960818035965,932
0.05688692482321839,7.452187151841609,26.015189017776702,0.1985892291433336,66.77153348374942,933
0.056426366648796106,7.39185403099229,6.244633793049089,0.04766896025228312,67.85822151069604,934
0.05254293410401161,6.883124367625521,36.98719725556712,0.2823450172180696,69.15362629649938,935
0.04878089136157057,6.390296768365745,27.683474959184675,0.211324236329654,69.72055557191331,936
0.0560279086461915,7.339656032651086,26.845941646850406,0.20493085226603364,66.12168645241869,937
0.06095601338036357,7.9852377528276275,8.166668183562832,0.062340978500479635,65.58521339253011,938
0.05205256052572709,6.818885428870249,14.094390361232914,0.1075907661162818,68.23783626742441,939
0.05637737711058014,7.385436401485999,4.258418731952827,0.032507013221013945,68.37023769186224,940
0.05273138555311853,6.907811507458527,23.33951677872711,0.17816425021929091,69.03689755496353,941
0.05633623495137733,7.3800467786304305,12.246642171644822,0.09348581810415894,66.97171100097525,942
0.0488565042127704,6.400202051872922,33.53568406898911,0.255997588312894,67.99430636970214,943
0.053571268493996536,7.0178361727135465,33.47514097530773,0.25553542729242545,68.5008831808427,944
0.0530154457884439,6.945023398286152,15.89470841353943,0.12133365201175138,68.67080710075464,945
0.047230827023152906,6.187238340033031,33.15403972546162,0.2530842727134475,71.53625615732767,946
0.05413755239273036,7.092019363447677,28.134760320434125,0.21476916275140553,68.6550771745251,947
0.05693771140548322,7.458840194118301,8.995962023466067,0.06867146582798524,66.3432581955582,948
0.05331031123689587,6.983650772033359,21.53676872641168,0.16440281470543266,69.17778783135546,949
0.04923260777176868,6.449471618101697,18.643571239462325,0.14231733770581928,70.06230489161207,950
0.057932170718446405,7.589114364116479,19.329125567029493,0.14755057684755338,66.7367038606079,951
0.06516694223273953,8.536869432488878,5.90904443631437,0.04510720943751428,64.25123823611509,952
0.06931756823624319,9.080601438947857,3.405037974032257,0.025992656290322574,62.919727273214946,953
0.051960061829452744,6.806768099658309,30.631654603445686,0.23382942445378385,69.0738701262153,954
0.047876660169694996,6.271842482230045,23.133276989446387,0.17658990068279684,68.31281696924268,955
0.047889406640978446,6.273512269968177,29.547355245112495,0.22555233011536255,70.68540923512042,956
0.05239328246641293,6.863520003100094,20.85545225862732,0.15920192563837648,69.05304510713161,957
0.05298811384959618,6.9414429142971,25.011051556737307,0.1909240576850176,67.90604758083585,958
0.06527835995690726,8.551465154354851,17.179888393231582,0.13114418620787469,64.0959031725875,959
0.061559813121641535,8.06433551893504,10.798912302808056,0.08243444505960348,66.45884701319822,960
0.052974515068851744,6.939661474019578,15.52006933448278,0.11847381171360902,67.78106385764902,961
0.04696662698605212,6.152628135172828,28.0515995478309,0.21413434769336565,70.61340187207864,962
0.04568009735392439,5.984092753364095,33.12497062879908,0.2528623712122067,70.9004975721047,963
0.05612130637547969,7.35189113518784,17.86784275413112,0.13639574621474138,67.19497351889719,964
0.04209093032818657,5.51391187299244,41.85363660000054,0.3194934091603095,72.43951991849293,965
0.05249175587426012,6.876420019528076,28.900998560323636,0.22061830962079113,68.50789139139756,966
0.046684855103348875,6.115716018538703,28.833502089500485,0.2201030693854999,71.26952079100346,967
0.05482161957960085,7.181632164927711,22.47067471258516,0.17153186803500123,68.10925910579905,968
0.04863673836799429,6.371412726207252,26.556151874170826,0.20271871659672386,69.61937338868437,969
0.06152131095839368,8.059291735549571,4.25942629962103,0.032514704577259766,66.38344955601137,970
0.04180847003509792,5.476909574597827,32.873517147483646,0.25094287898842477,70.94814787772532,971
0.046090172202681606,6.03781255855129,29.795941848277874,0.22744993777311354,69.50787260988876,972
0.048904305992479004,6.40646408501475,22.015738216233874,0.16805907035293033,70.00336583837175,973
0.05770369678058506,7.559184278256643,17.38454587850849,0.13270645708785106,67.09259259167898,974
0.056163788395551924,7.357456279817302,26.38198561770601,0.20138920318859552,66.79815065833174,975
0.05385605865378644,7.0551436836460235,24.711225624113574,0.1886353101077372,67.30393615240047,976
0.04972784198017654,6.514347299403126,18.877402957483657,0.144102312652547,69.99210776329053,977
0.06045216093787427,7.919233082861529,11.811778864095434,0.0901662508709575,66.62979110421051,978
0.048733868449968215,6.384136766945836,29.663857030709362,0.22644165672297223,67.67612129568646,979
0.046222125240128,6.055098406456768,36.790941584261546,0.28084688232260724,70.9780599317208,980
0.051221427657245945,6.710007023099219,33.12459446046721,0.25285949969822297,68.71252797377538,981
0.0484185015940572,6.342823708821493,29.383951325718627,0.2243049719520506,69.6041154691883,982
0.05202597992281911,6.815403369889304,26.414968545799404,0.2016409812656443,68.23274120168482,983
0.05057066439456296,6.624757035687748,26.56607138745221,0.20279443807215428,68.26508873624178,984
0.051912282988548615,6.800509071499868,18.666833989570485,0.14249491595091973,68.63555712677028,985
0.0500983292153546,6.562881127211453,19.669103882431575,0.1501458311635998,69.57601687998022,986
0.054479916324495475,7.136869038508907,17.22270091945007,0.13147099938511503,66.78502204848492,987
0.05153489569394822,6.751071335907217,37.093114987488505,0.283153549522813,69.3558361876994,988
0.058279509584380385,7.63461575555383,16.254718551905718,0.12408182100691388,67.62218485337499,989
0.05940784064999368,7.782427125149172,9.030314888053699,0.06893370143552442,65.9356500960254,990
0.06122228154654446,8.020118882597323,5.69629579425573,0.04348317400195213,64.86909090055546,991
0.0525083572082033,6.878594794274632,24.50835027729483,0.18708664333812847,68.87033535910032,992
0.051092453687465976,6.693111433058043,27.72281704456562,0.21162455759210397,69.65092007370102,993
0.055029854977731024,7.208911002082764,18.787681956690598,0.14341741951672213,68.39380877814722,994
0.05360509837139839,7.0222678866531885,33.99306918018976,0.2594890777113722,68.8633261775204,995
0.05535956416808713,7.252102906019414,17.59581236337925,0.13431917834640647,67.71650449545231,996
0.06449210856807298,8.448466222417562,5.5556656852065185,0.042409661719133726,64.12443362449042,997
0.05233094983702893,6.85535442865079,21.692843546970334,0.16559422554939185,69.79147446141165,998
